,gender,age,zodiac_sign,profession,junior_programmer_salary,senior_programmer_salary
0,Hombre,36,Aries,Programador,69000.0,97000.0
1,Hombre,42,Capricornio,Programador,67000.0,154000.0
2,Hombre,37,Picis,Profesor,89000.0,132000.0
3,Hombre,39,Acuario,Estudiante,51000.0,162000.0
4,Hombre,28,Leo,Programador,91000.0,126000.0
5,Hombre,38,Sagitario,Ingeniero,87000.0,214000.0
6,Hombre,42,Sagitario,Ingeniero,74000.0,147000.0
7,Hombre,37,Cáncer,Físico,65000.0,159000.0
8,Otro,38,Capricornio,Contador,23000.0,88000.0
9,Hombre,41,Leo,Profesor,77000.0,150000.0
10,Hombre,39,Sagitario,Programador,76000.0,107000.0
11,Hombre,41,Acuario,Físico,62000.0,150000.0
12,Hombre,39,Libra,Ingeniero,77000.0,126000.0
13,Hombre,39,Picis,Programador,79000.0,92000.0
14,Mujer,37,Aries,Programador,19000.0,81000.0
15,Mujer,44,Picis,Programador,34000.0,53000.0
16,Mujer,43,Aries,Matemático,47000.0,67000.0
17,Hombre,40,Acuario,Ingeniero,79000.0,166000.0
18,Hombre,44,Géminis,Estudiante,72000.0,93000.0
19,Hombre,40,Libra,Programador,71000.0,134000.0
20,Prefiero no decirlo,38,Aries,Programador,20000.0,80000.0
21,Hombre,46,Capricornio,Programador,74000.0,145000.0
22,Hombre,39,Leo,Programador,46000.0,130000.0
23,Hombre,45,Leo,Programador,56000.0,121000.0
24,Mujer,43,Picis,Economista,23000.0,64000.0
25,Hombre,41,Picis,Programador,78000.0,109000.0
26,Mujer,43,Acuario,Programador,14000.0,71000.0
27,Hombre,38,Tauro,Ingeniero,82000.0,86000.0
28,Hombre,41,Cáncer,Programador,62000.0,139000.0
29,Hombre,41,Tauro,Maestro,96000.0,178000.0
30,Mujer,39,Picis,Ingeniero,24000.0,86000.0
31,Hombre,41,Virgo,Ingeniero,89000.0,151000.0
32,Hombre,31,Tauro,Profesor,73000.0,108000.0
33,Hombre,40,Escorpio,Estudiante,121000.0,178000.0
34,Mujer,38,Capricornio,Programador,18000.0,74000.0
35,Hombre,34,Leo,Programador,69000.0,158000.0
36,Hombre,36,Virgo,Programador,69000.0,110000.0
37,Hombre,31,Géminis,Programador,84000.0,148000.0
38,Hombre,39,Virgo,Profesor,79000.0,121000.0
39,Hombre,44,Sagitario,Profesor,65000.0,176000.0
40,Hombre,35,Capricornio,Físico,76000.0,123000.0
41,Hombre,34,Aries,Profesor,87000.0,135000.0
42,Hombre,46,Capricornio,Matemático,76000.0,155000.0
43,Mujer,31,Leo,Ingeniero,22000.0,78000.0
44,Hombre,40,Picis,Matemático,71000.0,126000.0
45,Hombre,43,Capricornio,Físico,74000.0,153000.0
46,Mujer,40,Sagitario,Programador,18000.0,49000.0
47,Mujer,36,Escorpio,Programador,17000.0,53000.0
48,Mujer,45,Libra,Ingeniero,37000.0,70000.0
49,Hombre,28,Géminis,Maestro,81000.0,147000.0
50,Hombre,39,Géminis,Estudiante,78000.0,129000.0
51,Hombre,39,Virgo,Programador,75000.0,106000.0
52,Prefiero no decirlo,40,Tauro,Contador,25000.0,92000.0
53,Mujer,36,Aries,Físico,36000.0,165000.0
54,Mujer,33,Tauro,Programador,24000.0,57000.0
55,Mujer,32,Géminis,Programador,22000.0,90000.0
56,Hombre,40,Cáncer,Contador,71000.0,146000.0
57,Mujer,40,Escorpio,Contador,25000.0,67000.0
58,Hombre,37,Acuario,Matemático,51000.0,99000.0
59,Mujer,36,Géminis,Maestro,23000.0,69000.0
60,Mujer,34,Libra,Matemático,37000.0,51000.0
61,Mujer,39,Acuario,Programador,28000.0,39000.0
62,Hombre,32,Escorpio,Estudiante,82000.0,186000.0
63,Mujer,35,Picis,Ingeniero,26000.0,86000.0
64,Mujer,35,Cáncer,Ingeniero,39000.0,63000.0
65,Hombre,43,Tauro,Programador,71000.0,137000.0
66,Hombre,45,Sagitario,Profesor,79000.0,169000.0
67,Mujer,49,Tauro,Programador,24000.0,75000.0
68,Hombre,46,Capricornio,Ingeniero,67000.0,163000.0
69,Mujer,39,Tauro,Economista,37000.0,82000.0
70,Prefiero no decirlo,39,Acuario,Programador,24000.0,68000.0
71,Hombre,32,Virgo,Programador,86000.0,108000.0
72,Prefiero no decirlo,30,Sagitario,Ingeniero,27000.0,81000.0
73,Hombre,41,Escorpio,Programador,90000.0,105000.0
74,Hombre,48,Capricornio,Ingeniero,76000.0,129000.0
75,Mujer,48,Escorpio,Programador,33000.0,56000.0
76,Mujer,33,Escorpio,Profesor,16000.0,124000.0
77,Mujer,40,Virgo,Programador,31000.0,96000.0
78,Mujer,35,Aries,Matemático,27000.0,59000.0
79,Mujer,40,Escorpio,Programador,31000.0,64000.0
80,Mujer,38,Géminis,Profesor,22000.0,75000.0
81,Hombre,40,Cáncer,Estudiante,61000.0,119000.0
82,Mujer,37,Acuario,Ingeniero,23000.0,61000.0
83,Hombre,35,Capricornio,Ingeniero,96000.0,103000.0
84,Hombre,44,Virgo,Ingeniero,57000.0,113000.0
85,Mujer,37,Libra,Profesor,37000.0,63000.0
86,Hombre,38,Géminis,Físico,82000.0,105000.0
87,Mujer,39,Escorpio,Profesor,14000.0,60000.0
88,Hombre,33,Virgo,Ingeniero,83000.0,155000.0
89,Hombre,37,Géminis,Matemático,78000.0,121000.0
90,Mujer,36,Virgo,Matemático,15000.0,142000.0
91,Hombre,37,Géminis,Ingeniero,81000.0,152000.0
92,Mujer,40,Leo,Programador,29000.0,34000.0
93,Hombre,30,Géminis,Físico,98000.0,162000.0
94,Mujer,42,Libra,Programador,55000.0,76000.0
95,Mujer,37,Aries,Profesor,23000.0,46000.0
96,Hombre,42,Cáncer,Programador,70000.0,176000.0
97,Mujer,41,Escorpio,Ingeniero,14000.0,59000.0
98,Hombre,45,Géminis,Economista,83000.0,158000.0
99,Mujer,39,Acuario,Programador,30000.0,42000.0
100,Hombre,34,Sagitario,Economista,66000.0,129000.0
101,Mujer,44,Sagitario,Contador,34000.0,66000.0
102,Hombre,45,Géminis,Ingeniero,74000.0,127000.0
103,Otro,38,Tauro,Programador,30000.0,106000.0
104,Mujer,36,Picis,Estudiante,26000.0,82000.0
105,Hombre,43,Aries,Programador,64000.0,82000.0
106,Hombre,38,Capricornio,Contador,46000.0,133000.0
107,Hombre,44,Capricornio,Programador,61000.0,104000.0
108,Mujer,45,Tauro,Programador,47000.0,220000.0
109,Otro,40,Aries,Programador,27000.0,89000.0
110,Hombre,44,Sagitario,Ingeniero,92000.0,181000.0
111,Hombre,45,Virgo,Economista,63000.0,140000.0
112,Hombre,43,Capricornio,Ingeniero,63000.0,118000.0
113,Mujer,32,Libra,Programador,29000.0,51000.0
114,Hombre,39,Aries,Ingeniero,94000.0,136000.0
115,Hombre,38,Tauro,Ingeniero,59000.0,166000.0
116,Hombre,37,Aries,Estudiante,64000.0,125000.0
117,Hombre,33,Aries,Ingeniero,72000.0,133000.0
118,Hombre,35,Acuario,Matemático,94000.0,184000.0
119,Hombre,44,Virgo,Ingeniero,88000.0,178000.0
120,Hombre,41,Aries,Programador,63000.0,138000.0
121,Hombre,38,Sagitario,Programador,65000.0,86000.0
122,Otro,39,Géminis,Economista,41000.0,71000.0
123,Hombre,44,Sagitario,Profesor,64000.0,165000.0
124,Hombre,35,Sagitario,Ingeniero,72000.0,146000.0
125,Hombre,35,Libra,Físico,46000.0,189000.0
126,Mujer,46,Picis,Profesor,23000.0,69000.0
127,Mujer,38,Virgo,Profesor,19000.0,53000.0
128,Hombre,49,Acuario,Ingeniero,86000.0,134000.0
129,Mujer,47,Escorpio,Programador,31000.0,44000.0
130,Hombre,29,Leo,Programador,95000.0,105000.0
131,Hombre,27,Cáncer,Profesor,64000.0,149000.0
132,Mujer,33,Libra,Economista,38000.0,95000.0
133,Mujer,41,Tauro,Programador,28000.0,80000.0
134,Hombre,38,Virgo,Ingeniero,65000.0,134000.0
135,Hombre,34,Tauro,Ingeniero,64000.0,123000.0
136,Hombre,32,Acuario,Físico,82000.0,149000.0
137,Hombre,44,Leo,Contador,73000.0,138000.0
138,Hombre,41,Capricornio,Profesor,67000.0,145000.0
139,Hombre,39,Cáncer,Programador,64000.0,104000.0
140,Hombre,39,Capricornio,Programador,64000.0,162000.0
141,Hombre,37,Géminis,Programador,70000.0,121000.0
142,Hombre,49,Capricornio,Contador,92000.0,150000.0
143,Hombre,38,Picis,Estudiante,72000.0,154000.0
144,Hombre,44,Libra,Físico,93000.0,202000.0
145,Hombre,36,Géminis,Programador,60000.0,122000.0
146,Mujer,35,Géminis,Ingeniero,33000.0,59000.0
147,Hombre,38,Leo,Profesor,74000.0,144000.0
148,Hombre,38,Sagitario,Programador,81000.0,169000.0
149,Prefiero no decirlo,40,Capricornio,Programador,25000.0,72000.0
150,Mujer,44,Acuario,Profesor,25000.0,76000.0
151,Hombre,41,Acuario,Estudiante,87000.0,141000.0
152,Mujer,44,Acuario,Profesor,41000.0,71000.0
153,Hombre,47,Virgo,Ingeniero,61000.0,147000.0
154,Mujer,30,Aries,Profesor,18000.0,55000.0
155,Hombre,36,Picis,Ingeniero,68000.0,112000.0
156,Hombre,32,Cáncer,Ingeniero,59000.0,164000.0
157,Hombre,32,Géminis,Ingeniero,76000.0,126000.0
158,Hombre,34,Libra,Programador,49000.0,95000.0
159,Mujer,40,Picis,Estudiante,36000.0,119000.0
160,Hombre,41,Acuario,Programador,67000.0,104000.0
161,Hombre,44,Libra,Ingeniero,95000.0,107000.0
162,Hombre,40,Géminis,Programador,84000.0,129000.0
163,Hombre,39,Géminis,Programador,84000.0,152000.0
164,Prefiero no decirlo,41,Virgo,Contador,28000.0,79000.0
165,Hombre,44,Géminis,Programador,86000.0,114000.0
166,Mujer,32,Géminis,Profesor,32000.0,128000.0
167,Hombre,32,Escorpio,Programador,57000.0,110000.0
168,Hombre,39,Escorpio,Físico,86000.0,163000.0
169,Mujer,37,Cáncer,Ingeniero,26000.0,55000.0
170,Hombre,43,Virgo,Profesor,87000.0,131000.0
171,Mujer,32,Tauro,Maestro,16000.0,131000.0
172,Mujer,35,Virgo,Profesor,38000.0,134000.0
173,Mujer,45,Leo,Matemático,24000.0,86000.0
174,Hombre,47,Picis,Programador,52000.0,105000.0
175,Mujer,41,Virgo,Profesor,38000.0,100000.0
176,Mujer,46,Géminis,Programador,15000.0,71000.0
177,Hombre,43,Capricornio,Profesor,88000.0,127000.0
178,Hombre,42,Cáncer,Programador,57000.0,131000.0
179,Mujer,33,Cáncer,Profesor,24000.0,75000.0
180,Mujer,35,Tauro,Programador,18000.0,75000.0
181,Hombre,36,Capricornio,Programador,79000.0,130000.0
182,Hombre,35,Capricornio,Estudiante,55000.0,137000.0
183,Mujer,33,Virgo,Maestro,47000.0,60000.0
184,Hombre,32,Géminis,Ingeniero,74000.0,158000.0
185,Hombre,39,Escorpio,Programador,76000.0,143000.0
186,Hombre,43,Aries,Programador,75000.0,151000.0
187,Hombre,38,Capricornio,Matemático,75000.0,110000.0
188,Hombre,38,Aries,Ingeniero,65000.0,150000.0
189,Mujer,37,Capricornio,Profesor,22000.0,70000.0
190,Hombre,40,Cáncer,Físico,66000.0,161000.0
191,Mujer,38,Cáncer,Estudiante,35000.0,79000.0
192,Mujer,29,Escorpio,Economista,27000.0,79000.0
193,Hombre,52,Leo,Físico,71000.0,144000.0
194,Hombre,41,Libra,Profesor,83000.0,204000.0
195,Hombre,41,Géminis,Economista,59000.0,158000.0
196,Mujer,41,Aries,Físico,30000.0,91000.0
197,Mujer,42,Leo,Ingeniero,12000.0,40000.0
198,Mujer,40,Acuario,Ingeniero,29000.0,78000.0
199,Hombre,42,Libra,Ingeniero,79000.0,82000.0
200,Mujer,52,Libra,Maestro,16000.0,139000.0
201,Hombre,38,Géminis,Profesor,69000.0,162000.0
202,Hombre,39,Sagitario,Programador,71000.0,92000.0
203,Mujer,35,Capricornio,Economista,25000.0,68000.0
204,Mujer,36,Tauro,Programador,25000.0,56000.0
205,Mujer,46,Capricornio,Programador,29000.0,67000.0
206,Hombre,43,Escorpio,Ingeniero,78000.0,98000.0
207,Hombre,41,Sagitario,Programador,62000.0,165000.0
208,Hombre,39,Sagitario,Ingeniero,45000.0,113000.0
209,Hombre,40,Picis,Profesor,85000.0,218000.0
210,Prefiero no decirlo,37,Picis,Economista,37000.0,81000.0
211,Mujer,39,Aries,Programador,34000.0,42000.0
212,Hombre,42,Capricornio,Profesor,56000.0,175000.0
213,Mujer,36,Tauro,Ingeniero,14000.0,66000.0
214,Mujer,41,Picis,Programador,28000.0,67000.0
215,Hombre,33,Acuario,Estudiante,72000.0,87000.0
216,Mujer,34,Sagitario,Programador,39000.0,84000.0
217,Hombre,41,Géminis,Programador,75000.0,224000.0
218,Hombre,38,Aries,Programador,69000.0,102000.0
219,Hombre,43,Sagitario,Programador,120000.0,231000.0
220,Hombre,37,Acuario,Ingeniero,48000.0,245000.0
221,Hombre,46,Géminis,Ingeniero,80000.0,111000.0
222,Mujer,43,Capricornio,Matemático,28000.0,135000.0
223,Hombre,42,Sagitario,Programador,85000.0,84000.0
224,Mujer,27,Libra,Programador,42000.0,53000.0
225,Otro,43,Acuario,Físico,19000.0,140000.0
226,Hombre,37,Géminis,Matemático,83000.0,116000.0
227,Mujer,39,Sagitario,Programador,29000.0,68000.0
228,Hombre,34,Picis,Programador,79000.0,107000.0
229,Hombre,38,Sagitario,Profesor,77000.0,145000.0
230,Mujer,41,Libra,Programador,20000.0,33000.0
231,Mujer,44,Géminis,Economista,32000.0,77000.0
232,Hombre,29,Tauro,Profesor,46000.0,116000.0
233,Mujer,38,Aries,Profesor,20000.0,127000.0
234,Mujer,33,Virgo,Economista,38000.0,76000.0
235,Hombre,32,Aries,Profesor,77000.0,177000.0
236,Hombre,38,Acuario,Programador,78000.0,113000.0
237,Hombre,44,Picis,Profesor,90000.0,121000.0
238,Mujer,34,Virgo,Programador,28000.0,61000.0
239,Hombre,37,Picis,Profesor,94000.0,79000.0
240,Hombre,39,Escorpio,Economista,66000.0,170000.0
241,Mujer,29,Géminis,Profesor,18000.0,55000.0
242,Hombre,37,Capricornio,Contador,65000.0,109000.0
243,Mujer,33,Libra,Profesor,43000.0,94000.0
244,Hombre,38,Picis,Profesor,77000.0,108000.0
245,Hombre,45,Sagitario,Matemático,69000.0,181000.0
246,Hombre,40,Acuario,Programador,99000.0,137000.0
247,Mujer,48,Escorpio,Profesor,20000.0,40000.0
248,Mujer,34,Leo,Contador,21000.0,57000.0
249,Hombre,42,Géminis,Ingeniero,62000.0,101000.0
250,Hombre,41,Tauro,Programador,57000.0,164000.0
251,Hombre,37,Aries,Ingeniero,66000.0,136000.0
252,Hombre,46,Tauro,Ingeniero,79000.0,108000.0
253,Hombre,41,Capricornio,Programador,112000.0,99000.0
254,Hombre,32,Leo,Programador,97000.0,176000.0
255,Mujer,36,Virgo,Ingeniero,25000.0,140000.0
256,Hombre,40,Picis,Programador,84000.0,154000.0
257,Hombre,45,Leo,Físico,69000.0,141000.0
258,Otro,44,Leo,Ingeniero,34000.0,127000.0
259,Mujer,39,Libra,Ingeniero,39000.0,76000.0
260,Mujer,34,Acuario,Físico,31000.0,40000.0
261,Mujer,31,Acuario,Profesor,16000.0,70000.0
262,Mujer,37,Sagitario,Profesor,31000.0,53000.0
263,Hombre,38,Leo,Programador,73000.0,85000.0
264,Hombre,43,Sagitario,Profesor,100000.0,156000.0
265,Hombre,40,Aries,Estudiante,59000.0,180000.0
266,Mujer,46,Capricornio,Programador,31000.0,75000.0
267,Hombre,46,Sagitario,Ingeniero,74000.0,175000.0
268,Mujer,42,Leo,Programador,38000.0,55000.0
269,Hombre,43,Acuario,Estudiante,94000.0,150000.0
270,Prefiero no decirlo,46,Escorpio,Físico,34000.0,103000.0
271,Hombre,37,Virgo,Programador,93000.0,107000.0
272,Mujer,55,Acuario,Ingeniero,21000.0,170000.0
273,Otro,43,Escorpio,Ingeniero,48000.0,107000.0
274,Mujer,41,Cáncer,Programador,31000.0,50000.0
275,Hombre,42,Escorpio,Programador,83000.0,75000.0
276,Hombre,39,Aries,Ingeniero,65000.0,122000.0
277,Hombre,38,Tauro,Matemático,69000.0,97000.0
278,Hombre,37,Géminis,Contador,79000.0,127000.0
279,Hombre,41,Leo,Ingeniero,79000.0,155000.0
280,Mujer,35,Géminis,Estudiante,30000.0,87000.0
281,Hombre,35,Virgo,Contador,107000.0,103000.0
282,Hombre,39,Tauro,Físico,77000.0,69000.0
283,Mujer,40,Sagitario,Profesor,17000.0,107000.0
284,Mujer,35,Leo,Contador,32000.0,88000.0
285,Mujer,30,Sagitario,Ingeniero,25000.0,90000.0
286,Prefiero no decirlo,39,Escorpio,Programador,46000.0,90000.0
287,Hombre,36,Escorpio,Ingeniero,78000.0,140000.0
288,Hombre,42,Cáncer,Contador,69000.0,177000.0
289,Hombre,40,Aries,Profesor,96000.0,127000.0
290,Hombre,36,Leo,Programador,68000.0,94000.0
291,Mujer,37,Sagitario,Programador,22000.0,59000.0
292,Hombre,34,Sagitario,Matemático,87000.0,122000.0
293,Mujer,42,Virgo,Profesor,23000.0,93000.0
294,Hombre,33,Escorpio,Profesor,104000.0,101000.0
295,Mujer,41,Aries,Profesor,35000.0,49000.0
296,Mujer,39,Acuario,Programador,40000.0,56000.0
297,Hombre,36,Cáncer,Programador,78000.0,111000.0
298,Prefiero no decirlo,36,Sagitario,Ingeniero,25000.0,130000.0
299,Otro,41,Libra,Estudiante,30000.0,94000.0
300,Hombre,29,Aries,Matemático,84000.0,103000.0
301,Hombre,48,Tauro,Ingeniero,76000.0,139000.0
302,Mujer,36,Picis,Programador,32000.0,60000.0
303,Mujer,37,Géminis,Físico,33000.0,65000.0
304,Hombre,41,Sagitario,Físico,80000.0,163000.0
305,Mujer,38,Géminis,Programador,27000.0,67000.0
306,Mujer,49,Leo,Ingeniero,28000.0,155000.0
307,Mujer,40,Géminis,Profesor,22000.0,49000.0
308,Hombre,32,Aries,Ingeniero,76000.0,194000.0
309,Mujer,37,Sagitario,Programador,22000.0,106000.0
310,Hombre,44,Sagitario,Profesor,71000.0,122000.0
311,Mujer,33,Sagitario,Profesor,27000.0,92000.0
312,Mujer,36,Virgo,Profesor,17000.0,60000.0
313,Mujer,48,Cáncer,Ingeniero,31000.0,60000.0
314,Hombre,41,Sagitario,Programador,64000.0,207000.0
315,Mujer,31,Capricornio,Economista,33000.0,81000.0
316,Hombre,37,Virgo,Economista,67000.0,86000.0
317,Hombre,41,Virgo,Profesor,68000.0,168000.0
318,Hombre,48,Sagitario,Economista,82000.0,96000.0
319,Hombre,35,Picis,Programador,90000.0,133000.0
320,Mujer,40,Picis,Estudiante,33000.0,66000.0
321,Mujer,38,Escorpio,Maestro,26000.0,79000.0
322,Mujer,35,Virgo,Ingeniero,20000.0,78000.0
323,Mujer,33,Leo,Programador,22000.0,49000.0
324,Mujer,32,Cáncer,Programador,28000.0,56000.0
325,Hombre,28,Picis,Programador,80000.0,107000.0
326,Hombre,36,Acuario,Profesor,71000.0,116000.0
327,Hombre,39,Virgo,Profesor,72000.0,93000.0
328,Mujer,39,Escorpio,Profesor,27000.0,54000.0
329,Hombre,33,Géminis,Programador,77000.0,106000.0
330,Mujer,42,Libra,Ingeniero,22000.0,49000.0
331,Hombre,47,Sagitario,Contador,69000.0,169000.0
332,Mujer,36,Géminis,Ingeniero,24000.0,76000.0
333,Hombre,40,Sagitario,Ingeniero,71000.0,159000.0
334,Hombre,43,Leo,Físico,76000.0,121000.0
335,Hombre,49,Acuario,Ingeniero,78000.0,199000.0
336,Mujer,47,Picis,Profesor,36000.0,76000.0
337,Hombre,40,Capricornio,Economista,65000.0,126000.0
338,Hombre,36,Libra,Programador,60000.0,126000.0
339,Mujer,43,Leo,Programador,27000.0,86000.0
340,Hombre,42,Acuario,Programador,63000.0,196000.0
341,Mujer,34,Sagitario,Profesor,17000.0,67000.0
342,Hombre,37,Aries,Ingeniero,95000.0,150000.0
343,Mujer,30,Libra,Programador,20000.0,108000.0
344,Hombre,39,Virgo,Profesor,91000.0,193000.0
345,Mujer,37,Escorpio,Ingeniero,18000.0,97000.0
346,Hombre,40,Libra,Programador,57000.0,151000.0
347,Mujer,41,Leo,Contador,38000.0,34000.0
348,Hombre,42,Aries,Profesor,86000.0,212000.0
349,Otro,45,Virgo,Programador,36000.0,69000.0
350,Hombre,42,Tauro,Economista,67000.0,121000.0
351,Mujer,40,Acuario,Programador,26000.0,80000.0
352,Hombre,47,Cáncer,Programador,70000.0,100000.0
353,Hombre,39,Capricornio,Programador,68000.0,142000.0
354,Hombre,38,Capricornio,Matemático,52000.0,155000.0
355,Hombre,38,Aries,Economista,54000.0,106000.0
356,Mujer,37,Cáncer,Programador,39000.0,138000.0
357,Mujer,34,Picis,Programador,36000.0,71000.0
358,Hombre,44,Capricornio,Maestro,86000.0,143000.0
359,Otro,39,Virgo,Ingeniero,26000.0,67000.0
360,Mujer,48,Virgo,Programador,27000.0,98000.0
361,Hombre,45,Picis,Ingeniero,71000.0,151000.0
362,Hombre,47,Sagitario,Maestro,43000.0,94000.0
363,Hombre,34,Picis,Estudiante,68000.0,155000.0
364,Hombre,48,Picis,Ingeniero,78000.0,105000.0
365,Hombre,32,Géminis,Estudiante,75000.0,137000.0
366,Hombre,30,Virgo,Estudiante,56000.0,132000.0
367,Hombre,41,Libra,Profesor,72000.0,103000.0
368,Hombre,36,Libra,Matemático,70000.0,115000.0
369,Hombre,40,Sagitario,Maestro,77000.0,187000.0
370,Hombre,44,Tauro,Programador,69000.0,94000.0
371,Mujer,39,Leo,Ingeniero,37000.0,107000.0
372,Hombre,41,Capricornio,Físico,74000.0,191000.0
373,Hombre,40,Géminis,Ingeniero,59000.0,92000.0
374,Mujer,44,Libra,Ingeniero,11000.0,72000.0
375,Mujer,33,Capricornio,Ingeniero,25000.0,58000.0
376,Hombre,39,Sagitario,Programador,76000.0,230000.0
377,Otro,42,Escorpio,Profesor,30000.0,74000.0
378,Hombre,45,Cáncer,Ingeniero,86000.0,149000.0
379,Hombre,40,Escorpio,Ingeniero,81000.0,142000.0
380,Hombre,39,Capricornio,Programador,74000.0,120000.0
381,Hombre,40,Leo,Ingeniero,62000.0,146000.0
382,Otro,41,Géminis,Contador,36000.0,43000.0
383,Hombre,37,Libra,Programador,62000.0,104000.0
384,Hombre,35,Sagitario,Ingeniero,47000.0,126000.0
385,Hombre,37,Acuario,Programador,60000.0,98000.0
386,Hombre,41,Sagitario,Profesor,70000.0,150000.0
387,Mujer,36,Picis,Programador,36000.0,53000.0
388,Hombre,43,Tauro,Economista,72000.0,86000.0
389,Hombre,46,Cáncer,Programador,79000.0,111000.0
390,Mujer,37,Géminis,Matemático,27000.0,71000.0
391,Hombre,39,Géminis,Profesor,83000.0,123000.0
392,Mujer,37,Libra,Programador,27000.0,78000.0
393,Hombre,39,Picis,Ingeniero,54000.0,166000.0
394,Mujer,39,Cáncer,Programador,32000.0,44000.0
395,Otro,42,Cáncer,Ingeniero,30000.0,84000.0
396,Hombre,43,Acuario,Programador,52000.0,85000.0
397,Hombre,40,Sagitario,Ingeniero,80000.0,97000.0
398,Mujer,33,Libra,Físico,23000.0,45000.0
399,Mujer,41,Acuario,Profesor,16000.0,72000.0
400,Hombre,38,Aries,Matemático,62000.0,175000.0
401,Hombre,35,Aries,Ingeniero,97000.0,187000.0
402,Mujer,41,Sagitario,Economista,24000.0,84000.0
403,Hombre,39,Géminis,Ingeniero,58000.0,105000.0
404,Hombre,46,Aries,Programador,88000.0,168000.0
405,Hombre,41,Cáncer,Ingeniero,44000.0,176000.0
406,Mujer,37,Virgo,Programador,30000.0,96000.0
407,Mujer,47,Virgo,Economista,24000.0,88000.0
408,Hombre,45,Libra,Matemático,63000.0,112000.0
409,Mujer,37,Acuario,Contador,28000.0,151000.0
410,Mujer,39,Virgo,Matemático,22000.0,78000.0
411,Hombre,41,Tauro,Profesor,48000.0,173000.0
412,Mujer,41,Sagitario,Programador,24000.0,93000.0
413,Mujer,46,Tauro,Ingeniero,27000.0,75000.0
414,Mujer,41,Capricornio,Programador,34000.0,107000.0
415,Mujer,48,Libra,Programador,21000.0,52000.0
416,Mujer,37,Cáncer,Programador,25000.0,85000.0
417,Mujer,40,Libra,Programador,29000.0,71000.0
418,Mujer,44,Acuario,Ingeniero,28000.0,80000.0
419,Hombre,36,Escorpio,Ingeniero,85000.0,93000.0
420,Prefiero no decirlo,42,Leo,Programador,52000.0,92000.0
421,Prefiero no decirlo,48,Acuario,Programador,31000.0,78000.0
422,Hombre,43,Cáncer,Economista,106000.0,145000.0
423,Mujer,39,Cáncer,Programador,26000.0,74000.0
424,Hombre,37,Géminis,Economista,84000.0,125000.0
425,Hombre,32,Aries,Ingeniero,54000.0,146000.0
426,Prefiero no decirlo,39,Capricornio,Programador,27000.0,86000.0
427,Mujer,51,Tauro,Profesor,45000.0,46000.0
428,Hombre,40,Leo,Programador,90000.0,124000.0
429,Mujer,43,Acuario,Programador,43000.0,94000.0
430,Mujer,45,Acuario,Ingeniero,21000.0,75000.0
431,Hombre,41,Virgo,Programador,51000.0,158000.0
432,Mujer,37,Picis,Programador,58000.0,47000.0
433,Hombre,42,Picis,Maestro,69000.0,163000.0
434,Hombre,46,Sagitario,Programador,80000.0,168000.0
435,Hombre,38,Acuario,Profesor,78000.0,107000.0
436,Hombre,43,Acuario,Matemático,56000.0,162000.0
437,Mujer,42,Escorpio,Ingeniero,21000.0,84000.0
438,Hombre,39,Géminis,Maestro,71000.0,108000.0
439,Hombre,34,Aries,Profesor,80000.0,180000.0
440,Hombre,45,Libra,Ingeniero,63000.0,257000.0
441,Hombre,44,Cáncer,Programador,85000.0,93000.0
442,Hombre,40,Escorpio,Programador,71000.0,155000.0
443,Mujer,38,Picis,Economista,20000.0,46000.0
444,Mujer,32,Tauro,Ingeniero,22000.0,61000.0
445,Mujer,46,Sagitario,Estudiante,17000.0,57000.0
446,Hombre,32,Leo,Contador,108000.0,105000.0
447,Prefiero no decirlo,35,Libra,Economista,26000.0,139000.0
448,Prefiero no decirlo,48,Capricornio,Contador,18000.0,55000.0
449,Hombre,37,Acuario,Programador,68000.0,133000.0
450,Mujer,39,Virgo,Ingeniero,27000.0,73000.0
451,Prefiero no decirlo,34,Tauro,Matemático,25000.0,75000.0
452,Mujer,36,Virgo,Matemático,32000.0,107000.0
453,Mujer,43,Picis,Programador,40000.0,54000.0
454,Otro,41,Tauro,Economista,29000.0,80000.0
455,Mujer,51,Picis,Ingeniero,16000.0,103000.0
456,Hombre,36,Cáncer,Ingeniero,57000.0,148000.0
457,Mujer,40,Capricornio,Economista,29000.0,88000.0
458,Hombre,39,Aries,Programador,88000.0,132000.0
459,Hombre,35,Aries,Profesor,75000.0,109000.0
460,Mujer,41,Picis,Ingeniero,19000.0,78000.0
461,Hombre,39,Sagitario,Profesor,95000.0,148000.0
462,Hombre,33,Leo,Programador,69000.0,117000.0
463,Hombre,44,Picis,Programador,73000.0,136000.0
464,Mujer,36,Géminis,Contador,34000.0,49000.0
465,Mujer,38,Leo,Profesor,14000.0,83000.0
466,Hombre,35,Libra,Profesor,83000.0,116000.0
467,Mujer,34,Virgo,Profesor,23000.0,53000.0
468,Hombre,34,Picis,Ingeniero,50000.0,172000.0
469,Mujer,42,Sagitario,Economista,32000.0,68000.0
470,Hombre,36,Virgo,Programador,69000.0,198000.0
471,Hombre,41,Tauro,Profesor,89000.0,153000.0
472,Hombre,41,Picis,Contador,85000.0,168000.0
473,Hombre,44,Picis,Profesor,90000.0,184000.0
474,Hombre,33,Aries,Ingeniero,62000.0,171000.0
475,Hombre,41,Géminis,Estudiante,53000.0,121000.0
476,Hombre,35,Tauro,Maestro,96000.0,155000.0
477,Prefiero no decirlo,43,Leo,Economista,20000.0,72000.0
478,Prefiero no decirlo,43,Capricornio,Ingeniero,27000.0,60000.0
479,Hombre,43,Cáncer,Maestro,81000.0,193000.0
480,Mujer,40,Cáncer,Estudiante,39000.0,57000.0
481,Mujer,28,Libra,Ingeniero,36000.0,90000.0
482,Mujer,33,Picis,Ingeniero,37000.0,42000.0
483,Hombre,43,Tauro,Ingeniero,84000.0,132000.0
484,Mujer,36,Picis,Profesor,37000.0,84000.0
485,Hombre,45,Libra,Programador,91000.0,138000.0
486,Hombre,33,Virgo,Economista,52000.0,132000.0
487,Hombre,44,Géminis,Profesor,78000.0,108000.0
488,Prefiero no decirlo,42,Acuario,Matemático,38000.0,93000.0
489,Hombre,42,Leo,Físico,70000.0,113000.0
490,Mujer,40,Cáncer,Ingeniero,37000.0,50000.0
491,Hombre,35,Tauro,Programador,83000.0,117000.0
492,Hombre,38,Virgo,Contador,80000.0,106000.0
493,Hombre,42,Sagitario,Profesor,118000.0,198000.0
494,Hombre,35,Libra,Programador,83000.0,150000.0
495,Mujer,46,Sagitario,Profesor,25000.0,105000.0
496,Hombre,45,Sagitario,Profesor,55000.0,125000.0
497,Hombre,46,Escorpio,Ingeniero,74000.0,148000.0
498,Mujer,43,Escorpio,Estudiante,20000.0,122000.0
499,Hombre,33,Capricornio,Programador,56000.0,181000.0
500,Mujer,41,Capricornio,Profesor,27000.0,109000.0
501,Hombre,43,Géminis,Economista,64000.0,123000.0
502,Hombre,37,Acuario,Programador,77000.0,122000.0
503,Hombre,35,Escorpio,Programador,70000.0,134000.0
504,Mujer,33,Aries,Maestro,31000.0,59000.0
505,Hombre,34,Capricornio,Economista,66000.0,113000.0
506,Hombre,41,Picis,Profesor,54000.0,130000.0
507,Mujer,40,Tauro,Ingeniero,20000.0,45000.0
508,Mujer,47,Tauro,Programador,35000.0,84000.0
509,Hombre,40,Géminis,Matemático,80000.0,103000.0
510,Mujer,39,Tauro,Ingeniero,39000.0,55000.0
511,Mujer,42,Acuario,Programador,48000.0,95000.0
512,Hombre,35,Leo,Programador,70000.0,89000.0
513,Hombre,45,Escorpio,Programador,94000.0,119000.0
514,Hombre,44,Libra,Ingeniero,81000.0,142000.0
515,Hombre,34,Libra,Ingeniero,83000.0,140000.0
516,Mujer,41,Escorpio,Ingeniero,34000.0,100000.0
517,Mujer,38,Picis,Economista,22000.0,83000.0
518,Hombre,41,Picis,Maestro,93000.0,189000.0
519,Hombre,45,Virgo,Programador,66000.0,93000.0
520,Hombre,36,Cáncer,Físico,87000.0,153000.0
521,Mujer,34,Leo,Programador,48000.0,47000.0
522,Mujer,44,Leo,Programador,25000.0,58000.0
523,Hombre,26,Libra,Ingeniero,74000.0,112000.0
524,Mujer,40,Géminis,Ingeniero,27000.0,67000.0
525,Hombre,40,Tauro,Maestro,63000.0,163000.0
526,Hombre,39,Picis,Programador,50000.0,120000.0
527,Hombre,42,Acuario,Físico,79000.0,109000.0
528,Mujer,35,Géminis,Programador,21000.0,95000.0
529,Hombre,42,Sagitario,Programador,70000.0,144000.0
530,Mujer,37,Picis,Profesor,20000.0,140000.0
531,Mujer,36,Picis,Programador,31000.0,62000.0
532,Hombre,35,Leo,Programador,78000.0,141000.0
533,Mujer,36,Escorpio,Ingeniero,17000.0,109000.0
534,Mujer,41,Cáncer,Ingeniero,22000.0,85000.0
535,Mujer,52,Acuario,Contador,20000.0,60000.0
536,Hombre,46,Géminis,Estudiante,66000.0,124000.0
537,Hombre,46,Leo,Ingeniero,71000.0,93000.0
538,Hombre,29,Acuario,Profesor,61000.0,100000.0
539,Hombre,45,Picis,Contador,71000.0,111000.0
540,Mujer,36,Sagitario,Profesor,26000.0,47000.0
541,Hombre,43,Picis,Físico,73000.0,205000.0
542,Hombre,32,Tauro,Profesor,86000.0,194000.0
543,Hombre,43,Géminis,Programador,94000.0,167000.0
544,Otro,36,Aries,Programador,24000.0,101000.0
545,Mujer,34,Escorpio,Profesor,38000.0,69000.0
546,Hombre,44,Libra,Programador,87000.0,150000.0
547,Hombre,49,Leo,Estudiante,62000.0,121000.0
548,Hombre,41,Tauro,Matemático,62000.0,166000.0
549,Mujer,43,Capricornio,Programador,42000.0,86000.0
550,Hombre,48,Acuario,Maestro,69000.0,225000.0
551,Mujer,31,Escorpio,Programador,30000.0,51000.0
552,Hombre,39,Capricornio,Estudiante,62000.0,128000.0
553,Hombre,32,Virgo,Programador,71000.0,142000.0
554,Hombre,37,Capricornio,Físico,71000.0,129000.0
555,Mujer,38,Virgo,Estudiante,24000.0,73000.0
556,Mujer,49,Aries,Programador,29000.0,104000.0
557,Hombre,40,Géminis,Estudiante,79000.0,158000.0
558,Hombre,41,Capricornio,Ingeniero,96000.0,76000.0
559,Hombre,37,Cáncer,Programador,51000.0,165000.0
560,Hombre,39,Capricornio,Contador,93000.0,111000.0
561,Mujer,43,Géminis,Programador,52000.0,168000.0
562,Prefiero no decirlo,39,Cáncer,Programador,25000.0,46000.0
563,Hombre,38,Géminis,Ingeniero,87000.0,137000.0
564,Hombre,40,Aries,Programador,87000.0,121000.0
565,Hombre,34,Acuario,Profesor,74000.0,109000.0
566,Hombre,30,Capricornio,Físico,97000.0,122000.0
567,Hombre,33,Leo,Físico,83000.0,135000.0
568,Hombre,40,Aries,Ingeniero,72000.0,229000.0
569,Prefiero no decirlo,36,Cáncer,Ingeniero,48000.0,67000.0
570,Hombre,38,Cáncer,Programador,80000.0,141000.0
571,Mujer,37,Virgo,Programador,31000.0,107000.0
572,Mujer,37,Capricornio,Programador,21000.0,77000.0
573,Hombre,38,Aries,Programador,65000.0,119000.0
574,Otro,30,Acuario,Programador,37000.0,166000.0
575,Mujer,39,Capricornio,Profesor,28000.0,56000.0
576,Mujer,36,Libra,Programador,27000.0,109000.0
577,Hombre,36,Acuario,Maestro,110000.0,81000.0
578,Hombre,45,Capricornio,Programador,57000.0,126000.0
579,Hombre,43,Aries,Programador,86000.0,134000.0
580,Mujer,31,Tauro,Profesor,30000.0,38000.0
581,Hombre,35,Tauro,Físico,59000.0,99000.0
582,Hombre,35,Leo,Programador,118000.0,111000.0
583,Mujer,44,Tauro,Estudiante,25000.0,74000.0
584,Hombre,38,Libra,Profesor,74000.0,81000.0
585,Mujer,43,Aries,Estudiante,26000.0,69000.0
586,Mujer,39,Libra,Ingeniero,21000.0,126000.0
587,Mujer,36,Escorpio,Programador,29000.0,57000.0
588,Mujer,38,Picis,Físico,34000.0,54000.0
589,Hombre,30,Acuario,Programador,76000.0,148000.0
590,Hombre,40,Sagitario,Ingeniero,57000.0,144000.0
591,Hombre,41,Cáncer,Economista,80000.0,168000.0
592,Hombre,38,Géminis,Programador,78000.0,127000.0
593,Hombre,43,Cáncer,Programador,51000.0,121000.0
594,Mujer,43,Tauro,Ingeniero,22000.0,84000.0
595,Prefiero no decirlo,43,Escorpio,Físico,49000.0,99000.0
596,Hombre,46,Leo,Economista,63000.0,160000.0
597,Hombre,35,Leo,Programador,64000.0,132000.0
598,Hombre,39,Géminis,Estudiante,92000.0,128000.0
599,Prefiero no decirlo,38,Leo,Programador,38000.0,86000.0
600,Mujer,42,Leo,Economista,19000.0,102000.0
601,Mujer,33,Leo,Programador,24000.0,53000.0
602,Hombre,36,Virgo,Ingeniero,84000.0,138000.0
603,Mujer,35,Leo,Contador,20000.0,58000.0
604,Hombre,40,Aries,Programador,103000.0,172000.0
605,Hombre,39,Tauro,Maestro,67000.0,171000.0
606,Mujer,36,Picis,Programador,25000.0,76000.0
607,Mujer,25,Sagitario,Programador,33000.0,68000.0
608,Hombre,36,Cáncer,Maestro,57000.0,169000.0
609,Hombre,28,Aries,Programador,63000.0,112000.0
610,Hombre,37,Sagitario,Ingeniero,62000.0,110000.0
611,Mujer,36,Aries,Economista,22000.0,87000.0
612,Prefiero no decirlo,40,Escorpio,Programador,25000.0,87000.0
613,Mujer,39,Leo,Profesor,25000.0,78000.0
614,Mujer,36,Picis,Profesor,20000.0,85000.0
615,Mujer,42,Cáncer,Programador,19000.0,80000.0
616,Hombre,30,Leo,Contador,59000.0,185000.0
617,Hombre,36,Capricornio,Ingeniero,93000.0,138000.0
618,Hombre,29,Libra,Programador,48000.0,157000.0
619,Prefiero no decirlo,35,Cáncer,Profesor,38000.0,78000.0
620,Hombre,39,Tauro,Profesor,66000.0,176000.0
621,Hombre,33,Libra,Programador,90000.0,148000.0
622,Hombre,40,Géminis,Programador,46000.0,122000.0
623,Hombre,31,Sagitario,Profesor,63000.0,100000.0
624,Prefiero no decirlo,35,Picis,Profesor,18000.0,131000.0
625,Hombre,34,Leo,Programador,65000.0,116000.0
626,Hombre,49,Sagitario,Maestro,74000.0,107000.0
627,Hombre,33,Géminis,Ingeniero,87000.0,103000.0
628,Mujer,37,Picis,Profesor,28000.0,51000.0
629,Mujer,43,Acuario,Programador,48000.0,114000.0
630,Mujer,45,Leo,Ingeniero,21000.0,71000.0
631,Mujer,33,Acuario,Ingeniero,20000.0,148000.0
632,Hombre,43,Cáncer,Programador,68000.0,121000.0
633,Hombre,37,Picis,Economista,73000.0,107000.0
634,Hombre,36,Cáncer,Programador,70000.0,147000.0
635,Otro,45,Picis,Ingeniero,34000.0,58000.0
636,Mujer,39,Aries,Programador,22000.0,50000.0
637,Mujer,38,Virgo,Profesor,21000.0,87000.0
638,Hombre,47,Escorpio,Ingeniero,90000.0,143000.0
639,Hombre,41,Leo,Programador,52000.0,131000.0
640,Hombre,46,Tauro,Ingeniero,97000.0,119000.0
641,Hombre,45,Sagitario,Profesor,58000.0,156000.0
642,Prefiero no decirlo,43,Virgo,Físico,35000.0,70000.0
643,Hombre,43,Libra,Programador,65000.0,129000.0
644,Hombre,35,Virgo,Programador,92000.0,135000.0
645,Mujer,39,Cáncer,Profesor,27000.0,67000.0
646,Hombre,41,Leo,Ingeniero,60000.0,106000.0
647,Hombre,46,Acuario,Físico,71000.0,189000.0
648,Hombre,32,Virgo,Ingeniero,92000.0,107000.0
649,Mujer,35,Leo,Maestro,36000.0,66000.0
650,Hombre,50,Tauro,Ingeniero,61000.0,98000.0
651,Hombre,40,Acuario,Ingeniero,79000.0,183000.0
652,Mujer,39,Capricornio,Ingeniero,26000.0,59000.0
653,Mujer,39,Capricornio,Contador,21000.0,55000.0
654,Hombre,42,Libra,Programador,80000.0,176000.0
655,Mujer,44,Tauro,Ingeniero,31000.0,56000.0
656,Hombre,44,Sagitario,Profesor,79000.0,95000.0
657,Mujer,36,Tauro,Profesor,34000.0,62000.0
658,Hombre,47,Sagitario,Programador,63000.0,180000.0
659,Prefiero no decirlo,45,Capricornio,Profesor,27000.0,63000.0
660,Hombre,36,Acuario,Matemático,53000.0,126000.0
661,Hombre,42,Tauro,Programador,70000.0,156000.0
662,Mujer,42,Sagitario,Programador,38000.0,73000.0
663,Mujer,52,Picis,Ingeniero,19000.0,83000.0
664,Hombre,46,Leo,Ingeniero,89000.0,139000.0
665,Hombre,35,Leo,Ingeniero,95000.0,173000.0
666,Hombre,34,Escorpio,Maestro,54000.0,191000.0
667,Mujer,27,Cáncer,Ingeniero,24000.0,132000.0
668,Hombre,43,Cáncer,Ingeniero,78000.0,182000.0
669,Hombre,35,Géminis,Maestro,57000.0,184000.0
670,Hombre,39,Virgo,Ingeniero,83000.0,176000.0
671,Hombre,38,Sagitario,Programador,78000.0,117000.0
672,Hombre,31,Géminis,Profesor,84000.0,101000.0
673,Mujer,41,Capricornio,Profesor,36000.0,105000.0
674,Hombre,37,Leo,Ingeniero,69000.0,99000.0
675,Hombre,34,Escorpio,Programador,76000.0,81000.0
676,Hombre,41,Acuario,Ingeniero,72000.0,88000.0
677,Hombre,37,Cáncer,Profesor,83000.0,160000.0
678,Mujer,37,Acuario,Ingeniero,33000.0,105000.0
679,Hombre,40,Acuario,Programador,91000.0,181000.0
680,Hombre,40,Acuario,Economista,89000.0,163000.0
681,Mujer,40,Géminis,Maestro,28000.0,90000.0
682,Mujer,45,Géminis,Contador,21000.0,70000.0
683,Hombre,35,Cáncer,Programador,70000.0,143000.0
684,Mujer,40,Tauro,Economista,24000.0,49000.0
685,Hombre,34,Libra,Programador,83000.0,197000.0
686,Hombre,40,Leo,Economista,51000.0,131000.0
687,Hombre,44,Picis,Matemático,93000.0,164000.0
688,Otro,39,Aries,Ingeniero,20000.0,94000.0
689,Mujer,42,Géminis,Matemático,29000.0,105000.0
690,Hombre,53,Virgo,Programador,73000.0,130000.0
691,Mujer,44,Capricornio,Programador,39000.0,97000.0
692,Hombre,36,Picis,Estudiante,67000.0,137000.0
693,Hombre,40,Capricornio,Profesor,50000.0,120000.0
694,Hombre,37,Sagitario,Programador,65000.0,150000.0
695,Hombre,38,Sagitario,Programador,52000.0,118000.0
696,Mujer,41,Picis,Profesor,29000.0,74000.0
697,Mujer,40,Libra,Ingeniero,30000.0,82000.0
698,Hombre,39,Tauro,Economista,77000.0,229000.0
699,Hombre,46,Picis,Contador,79000.0,112000.0
700,Hombre,37,Virgo,Programador,53000.0,121000.0
701,Mujer,40,Sagitario,Físico,53000.0,77000.0
702,Mujer,38,Géminis,Maestro,24000.0,106000.0
703,Mujer,45,Picis,Programador,24000.0,53000.0
704,Mujer,49,Aries,Profesor,35000.0,73000.0
705,Mujer,36,Aries,Profesor,27000.0,104000.0
706,Mujer,47,Géminis,Contador,24000.0,48000.0
707,Mujer,41,Géminis,Economista,21000.0,39000.0
708,Mujer,40,Sagitario,Físico,47000.0,71000.0
709,Hombre,42,Capricornio,Programador,57000.0,131000.0
710,Mujer,41,Leo,Profesor,18000.0,94000.0
711,Hombre,35,Capricornio,Profesor,64000.0,168000.0
712,Hombre,39,Aries,Programador,74000.0,97000.0
713,Hombre,38,Aries,Ingeniero,88000.0,106000.0
714,Mujer,39,Sagitario,Profesor,36000.0,79000.0
715,Mujer,38,Aries,Ingeniero,23000.0,73000.0
716,Hombre,39,Acuario,Físico,67000.0,104000.0
717,Hombre,41,Leo,Profesor,67000.0,169000.0
718,Mujer,37,Virgo,Físico,19000.0,42000.0
719,Hombre,46,Sagitario,Programador,52000.0,160000.0
720,Hombre,45,Libra,Economista,59000.0,138000.0
721,Hombre,38,Capricornio,Programador,49000.0,127000.0
722,Mujer,41,Virgo,Programador,29000.0,82000.0
723,Hombre,39,Picis,Programador,75000.0,126000.0
724,Hombre,41,Tauro,Programador,62000.0,143000.0
725,Hombre,38,Sagitario,Profesor,104000.0,135000.0
726,Hombre,42,Tauro,Programador,57000.0,163000.0
727,Prefiero no decirlo,31,Aries,Ingeniero,34000.0,59000.0
728,Hombre,34,Géminis,Programador,71000.0,104000.0
729,Hombre,37,Aries,Programador,54000.0,127000.0
730,Hombre,31,Virgo,Programador,44000.0,185000.0
731,Hombre,39,Sagitario,Profesor,73000.0,131000.0
732,Hombre,35,Aries,Programador,51000.0,229000.0
733,Mujer,37,Picis,Profesor,22000.0,140000.0
734,Hombre,39,Aries,Profesor,68000.0,157000.0
735,Hombre,43,Leo,Ingeniero,59000.0,103000.0
736,Mujer,42,Acuario,Ingeniero,32000.0,63000.0
737,Hombre,40,Virgo,Ingeniero,72000.0,151000.0
738,Mujer,39,Escorpio,Físico,23000.0,85000.0
739,Mujer,39,Libra,Programador,32000.0,69000.0
740,Mujer,42,Picis,Ingeniero,20000.0,97000.0
741,Prefiero no decirlo,48,Tauro,Programador,41000.0,91000.0
742,Mujer,35,Géminis,Economista,26000.0,73000.0
743,Mujer,38,Leo,Profesor,28000.0,64000.0
744,Hombre,32,Escorpio,Ingeniero,66000.0,113000.0
745,Mujer,50,Aries,Físico,35000.0,51000.0
746,Hombre,33,Tauro,Profesor,77000.0,109000.0
747,Hombre,45,Tauro,Contador,95000.0,148000.0
748,Prefiero no decirlo,31,Géminis,Programador,34000.0,54000.0
749,Hombre,35,Picis,Profesor,96000.0,157000.0
750,Mujer,40,Leo,Programador,41000.0,86000.0
751,Hombre,32,Géminis,Programador,56000.0,102000.0
752,Hombre,48,Acuario,Físico,100000.0,140000.0
753,Hombre,39,Géminis,Programador,79000.0,107000.0
754,Mujer,51,Tauro,Programador,17000.0,71000.0
755,Hombre,41,Virgo,Ingeniero,79000.0,147000.0
756,Hombre,31,Cáncer,Ingeniero,44000.0,86000.0
757,Mujer,31,Cáncer,Programador,27000.0,53000.0
758,Mujer,41,Leo,Maestro,25000.0,83000.0
759,Mujer,44,Libra,Programador,27000.0,70000.0
760,Hombre,35,Escorpio,Profesor,83000.0,120000.0
761,Hombre,34,Aries,Ingeniero,53000.0,108000.0
762,Hombre,36,Sagitario,Estudiante,122000.0,109000.0
763,Mujer,35,Libra,Programador,24000.0,93000.0
764,Hombre,45,Leo,Matemático,71000.0,232000.0
765,Hombre,47,Capricornio,Profesor,66000.0,189000.0
766,Prefiero no decirlo,41,Capricornio,Ingeniero,23000.0,102000.0
767,Hombre,31,Cáncer,Programador,92000.0,187000.0
768,Prefiero no decirlo,37,Escorpio,Ingeniero,30000.0,155000.0
769,Hombre,43,Acuario,Estudiante,74000.0,235000.0
770,Hombre,39,Aries,Programador,66000.0,99000.0
771,Mujer,39,Escorpio,Programador,29000.0,55000.0
772,Mujer,35,Capricornio,Economista,17000.0,146000.0
773,Mujer,40,Leo,Programador,65000.0,93000.0
774,Hombre,47,Géminis,Programador,47000.0,174000.0
775,Mujer,38,Acuario,Físico,38000.0,72000.0
776,Hombre,37,Libra,Maestro,118000.0,162000.0
777,Hombre,35,Sagitario,Ingeniero,63000.0,163000.0
778,Hombre,33,Tauro,Programador,80000.0,237000.0
779,Hombre,45,Virgo,Contador,45000.0,141000.0
780,Mujer,44,Leo,Profesor,26000.0,76000.0
781,Hombre,43,Capricornio,Programador,67000.0,163000.0
782,Hombre,40,Libra,Maestro,56000.0,103000.0
783,Hombre,46,Virgo,Programador,53000.0,197000.0
784,Mujer,47,Géminis,Programador,27000.0,94000.0
785,Mujer,32,Tauro,Matemático,40000.0,71000.0
786,Mujer,37,Cáncer,Programador,28000.0,59000.0
787,Mujer,37,Libra,Profesor,26000.0,81000.0
788,Hombre,42,Leo,Físico,87000.0,130000.0
789,Mujer,42,Picis,Programador,15000.0,45000.0
790,Hombre,35,Cáncer,Ingeniero,70000.0,150000.0
791,Mujer,27,Libra,Programador,44000.0,87000.0
792,Hombre,32,Tauro,Contador,73000.0,132000.0
793,Mujer,28,Virgo,Programador,14000.0,88000.0
794,Prefiero no decirlo,36,Aries,Programador,32000.0,97000.0
795,Hombre,36,Capricornio,Profesor,57000.0,167000.0
796,Hombre,42,Géminis,Ingeniero,81000.0,95000.0
797,Mujer,44,Capricornio,Contador,22000.0,101000.0
798,Mujer,40,Virgo,Contador,36000.0,56000.0
799,Hombre,40,Virgo,Programador,95000.0,136000.0
800,Mujer,50,Capricornio,Ingeniero,18000.0,48000.0
801,Hombre,41,Picis,Programador,69000.0,170000.0
802,Hombre,40,Virgo,Matemático,54000.0,121000.0
803,Hombre,46,Escorpio,Matemático,57000.0,134000.0
804,Hombre,40,Tauro,Programador,80000.0,145000.0
805,Hombre,40,Sagitario,Programador,91000.0,129000.0
806,Otro,38,Géminis,Programador,38000.0,63000.0
807,Hombre,41,Géminis,Programador,67000.0,105000.0
808,Hombre,37,Libra,Profesor,81000.0,71000.0
809,Hombre,39,Picis,Estudiante,77000.0,201000.0
810,Hombre,35,Sagitario,Estudiante,47000.0,118000.0
811,Hombre,45,Leo,Físico,58000.0,76000.0
812,Mujer,38,Tauro,Programador,24000.0,53000.0
813,Hombre,39,Acuario,Programador,57000.0,182000.0
814,Mujer,33,Leo,Estudiante,28000.0,88000.0
815,Mujer,38,Aries,Economista,29000.0,79000.0
816,Mujer,47,Leo,Contador,42000.0,138000.0
817,Hombre,42,Virgo,Programador,82000.0,239000.0
818,Hombre,36,Acuario,Profesor,63000.0,131000.0
819,Hombre,37,Acuario,Programador,61000.0,64000.0
820,Hombre,38,Capricornio,Ingeniero,84000.0,119000.0
821,Mujer,37,Cáncer,Contador,20000.0,85000.0
822,Hombre,38,Acuario,Economista,89000.0,131000.0
823,Mujer,46,Cáncer,Ingeniero,32000.0,67000.0
824,Mujer,36,Cáncer,Programador,26000.0,92000.0
825,Hombre,35,Aries,Ingeniero,93000.0,132000.0
826,Mujer,34,Capricornio,Estudiante,19000.0,70000.0
827,Hombre,37,Sagitario,Programador,77000.0,91000.0
828,Hombre,51,Sagitario,Programador,70000.0,112000.0
829,Mujer,46,Virgo,Ingeniero,21000.0,60000.0
830,Hombre,43,Aries,Ingeniero,51000.0,121000.0
831,Mujer,45,Acuario,Programador,16000.0,50000.0
832,Hombre,36,Leo,Profesor,69000.0,171000.0
833,Hombre,37,Cáncer,Maestro,93000.0,108000.0
834,Hombre,46,Géminis,Estudiante,64000.0,140000.0
835,Hombre,39,Tauro,Programador,86000.0,106000.0
836,Hombre,38,Cáncer,Ingeniero,84000.0,84000.0
837,Mujer,46,Sagitario,Profesor,20000.0,120000.0
838,Mujer,33,Picis,Ingeniero,23000.0,37000.0
839,Hombre,45,Acuario,Programador,71000.0,128000.0
840,Hombre,41,Géminis,Programador,51000.0,135000.0
841,Mujer,36,Géminis,Programador,21000.0,69000.0
842,Mujer,39,Cáncer,Programador,32000.0,99000.0
843,Hombre,42,Virgo,Profesor,78000.0,104000.0
844,Hombre,37,Escorpio,Programador,71000.0,110000.0
845,Hombre,44,Capricornio,Ingeniero,71000.0,140000.0
846,Hombre,36,Sagitario,Programador,69000.0,127000.0
847,Hombre,41,Sagitario,Matemático,56000.0,150000.0
848,Hombre,33,Acuario,Programador,55000.0,98000.0
849,Hombre,37,Sagitario,Profesor,78000.0,112000.0
850,Hombre,40,Sagitario,Programador,83000.0,133000.0
851,Hombre,37,Cáncer,Programador,64000.0,137000.0
852,Mujer,32,Picis,Matemático,35000.0,105000.0
853,Hombre,45,Tauro,Matemático,65000.0,120000.0
854,Hombre,43,Capricornio,Programador,77000.0,121000.0
855,Hombre,36,Picis,Profesor,56000.0,140000.0
856,Mujer,42,Leo,Programador,17000.0,52000.0
857,Hombre,34,Capricornio,Programador,89000.0,118000.0
858,Mujer,48,Picis,Programador,20000.0,68000.0
859,Hombre,36,Virgo,Programador,84000.0,163000.0
860,Hombre,48,Escorpio,Profesor,69000.0,102000.0
861,Hombre,45,Capricornio,Contador,105000.0,157000.0
862,Mujer,40,Leo,Programador,33000.0,78000.0
863,Mujer,30,Géminis,Programador,34000.0,88000.0
864,Hombre,34,Picis,Programador,77000.0,157000.0
865,Otro,38,Tauro,Profesor,31000.0,75000.0
866,Mujer,38,Escorpio,Profesor,12000.0,59000.0
867,Mujer,38,Aries,Profesor,27000.0,80000.0
868,Hombre,30,Escorpio,Programador,82000.0,205000.0
869,Hombre,50,Acuario,Maestro,74000.0,101000.0
870,Hombre,40,Aries,Programador,74000.0,129000.0
871,Mujer,40,Géminis,Programador,34000.0,61000.0
872,Hombre,33,Acuario,Ingeniero,89000.0,131000.0
873,Mujer,42,Picis,Contador,45000.0,109000.0
874,Mujer,35,Libra,Economista,29000.0,56000.0
875,Hombre,36,Géminis,Programador,85000.0,178000.0
876,Hombre,39,Picis,Contador,102000.0,183000.0
877,Hombre,47,Virgo,Físico,89000.0,105000.0
878,Hombre,47,Libra,Programador,68000.0,129000.0
879,Hombre,32,Sagitario,Profesor,70000.0,188000.0
880,Hombre,40,Virgo,Ingeniero,90000.0,100000.0
881,Mujer,41,Aries,Matemático,26000.0,116000.0
882,Hombre,44,Sagitario,Contador,80000.0,133000.0
883,Hombre,40,Virgo,Programador,66000.0,121000.0
884,Hombre,39,Tauro,Profesor,85000.0,148000.0
885,Mujer,44,Virgo,Programador,19000.0,71000.0
886,Hombre,45,Aries,Ingeniero,71000.0,127000.0
887,Hombre,45,Tauro,Programador,60000.0,71000.0
888,Mujer,35,Acuario,Programador,18000.0,145000.0
889,Hombre,37,Capricornio,Contador,95000.0,107000.0
890,Hombre,37,Tauro,Físico,73000.0,123000.0
891,Hombre,40,Sagitario,Maestro,85000.0,123000.0
892,Hombre,42,Acuario,Programador,63000.0,102000.0
893,Hombre,43,Sagitario,Contador,64000.0,152000.0
894,Hombre,41,Leo,Ingeniero,61000.0,171000.0
895,Hombre,40,Géminis,Programador,77000.0,141000.0
896,Hombre,39,Tauro,Programador,73000.0,172000.0
897,Hombre,42,Virgo,Programador,69000.0,218000.0
898,Hombre,42,Sagitario,Ingeniero,56000.0,210000.0
899,Hombre,44,Acuario,Ingeniero,47000.0,96000.0
900,Hombre,48,Géminis,Estudiante,71000.0,181000.0
901,Mujer,37,Virgo,Matemático,26000.0,116000.0
902,Mujer,37,Acuario,Programador,30000.0,79000.0
903,Mujer,41,Escorpio,Programador,32000.0,99000.0
904,Hombre,37,Aries,Ingeniero,87000.0,127000.0
905,Hombre,46,Virgo,Profesor,98000.0,113000.0
906,Mujer,31,Virgo,Programador,30000.0,61000.0
907,Mujer,40,Escorpio,Profesor,31000.0,114000.0
908,Mujer,40,Escorpio,Profesor,21000.0,75000.0
909,Mujer,35,Libra,Matemático,23000.0,28000.0
910,Hombre,29,Tauro,Programador,59000.0,169000.0
911,Mujer,36,Escorpio,Programador,17000.0,53000.0
912,Prefiero no decirlo,37,Virgo,Profesor,56000.0,82000.0
913,Mujer,43,Picis,Programador,32000.0,56000.0
914,Hombre,43,Cáncer,Contador,80000.0,148000.0
915,Hombre,38,Leo,Contador,66000.0,142000.0
916,Hombre,42,Sagitario,Maestro,71000.0,173000.0
917,Mujer,34,Capricornio,Programador,26000.0,78000.0
918,Hombre,36,Tauro,Contador,73000.0,140000.0
919,Mujer,39,Tauro,Programador,27000.0,69000.0
920,Hombre,49,Picis,Programador,70000.0,161000.0
921,Hombre,32,Virgo,Ingeniero,74000.0,144000.0
922,Hombre,42,Tauro,Físico,129000.0,139000.0
923,Hombre,42,Picis,Economista,67000.0,158000.0
924,Hombre,30,Leo,Ingeniero,66000.0,156000.0
925,Hombre,40,Aries,Estudiante,69000.0,138000.0
926,Hombre,42,Escorpio,Estudiante,90000.0,119000.0
927,Mujer,38,Acuario,Profesor,24000.0,29000.0
928,Hombre,40,Acuario,Maestro,115000.0,131000.0
929,Mujer,36,Virgo,Ingeniero,37000.0,69000.0
930,Hombre,28,Virgo,Estudiante,92000.0,153000.0
931,Mujer,24,Libra,Programador,19000.0,96000.0
932,Mujer,37,Aries,Profesor,30000.0,98000.0
933,Mujer,41,Leo,Programador,41000.0,108000.0
934,Hombre,38,Virgo,Programador,71000.0,135000.0
935,Hombre,41,Capricornio,Estudiante,74000.0,112000.0
936,Mujer,43,Libra,Matemático,23000.0,98000.0
937,Mujer,45,Capricornio,Profesor,44000.0,96000.0
938,Mujer,40,Capricornio,Profesor,30000.0,38000.0
939,Hombre,49,Virgo,Estudiante,105000.0,98000.0
940,Mujer,45,Géminis,Programador,31000.0,91000.0
941,Mujer,43,Leo,Programador,20000.0,49000.0
942,Mujer,32,Libra,Profesor,9000.0,80000.0
943,Hombre,38,Aries,Programador,61000.0,120000.0
944,Hombre,36,Picis,Programador,66000.0,94000.0
945,Mujer,46,Capricornio,Profesor,25000.0,81000.0
946,Hombre,37,Leo,Ingeniero,83000.0,110000.0
947,Mujer,41,Cáncer,Programador,26000.0,108000.0
948,Hombre,38,Cáncer,Programador,73000.0,115000.0
949,Hombre,40,Sagitario,Físico,97000.0,82000.0
950,Mujer,38,Aries,Matemático,44000.0,60000.0
951,Prefiero no decirlo,40,Capricornio,Ingeniero,25000.0,89000.0
952,Mujer,44,Tauro,Físico,28000.0,122000.0
953,Mujer,43,Leo,Estudiante,14000.0,138000.0
954,Mujer,31,Cáncer,Programador,30000.0,111000.0
955,Mujer,34,Cáncer,Ingeniero,26000.0,75000.0
956,Hombre,42,Picis,Contador,83000.0,118000.0
957,Hombre,37,Géminis,Programador,85000.0,130000.0
958,Hombre,48,Capricornio,Estudiante,52000.0,116000.0
959,Hombre,38,Géminis,Programador,62000.0,119000.0
960,Mujer,34,Tauro,Programador,21000.0,60000.0
961,Hombre,41,Sagitario,Profesor,62000.0,299000.0
962,Mujer,37,Sagitario,Ingeniero,21000.0,50000.0
963,Hombre,36,Picis,Programador,81000.0,218000.0
964,Mujer,37,Libra,Ingeniero,17000.0,101000.0
965,Mujer,44,Aries,Programador,33000.0,75000.0
966,Hombre,41,Capricornio,Programador,85000.0,152000.0
967,Hombre,44,Sagitario,Economista,74000.0,152000.0
968,Mujer,34,Picis,Programador,26000.0,99000.0
969,Hombre,44,Capricornio,Programador,92000.0,95000.0
970,Hombre,39,Sagitario,Programador,58000.0,148000.0
971,Mujer,36,Libra,Ingeniero,18000.0,51000.0
972,Hombre,33,Libra,Programador,81000.0,166000.0
973,Hombre,45,Cáncer,Programador,75000.0,149000.0
974,Prefiero no decirlo,40,Acuario,Físico,26000.0,71000.0
975,Mujer,42,Capricornio,Profesor,17000.0,77000.0
976,Hombre,33,Cáncer,Ingeniero,52000.0,153000.0
977,Mujer,40,Sagitario,Programador,41000.0,69000.0
978,Mujer,35,Leo,Contador,27000.0,120000.0
979,Hombre,42,Géminis,Matemático,53000.0,119000.0
980,Hombre,39,Escorpio,Contador,79000.0,145000.0
981,Hombre,27,Escorpio,Profesor,86000.0,82000.0
982,Hombre,31,Géminis,Programador,53000.0,155000.0
983,Hombre,39,Aries,Programador,61000.0,127000.0
984,Hombre,40,Sagitario,Programador,64000.0,174000.0
985,Hombre,37,Escorpio,Programador,64000.0,98000.0
986,Hombre,36,Picis,Programador,59000.0,126000.0
987,Hombre,39,Acuario,Profesor,57000.0,96000.0
988,Mujer,34,Picis,Programador,15000.0,50000.0
989,Hombre,40,Géminis,Programador,111000.0,152000.0
990,Mujer,45,Escorpio,Programador,38000.0,105000.0
991,Mujer,37,Tauro,Programador,25000.0,120000.0
992,Mujer,36,Virgo,Matemático,24000.0,67000.0
993,Hombre,41,Acuario,Maestro,97000.0,243000.0
994,Hombre,50,Picis,Ingeniero,66000.0,105000.0
995,Mujer,33,Escorpio,Profesor,34000.0,76000.0
996,Hombre,47,Sagitario,Profesor,55000.0,122000.0
997,Hombre,43,Tauro,Programador,97000.0,156000.0
998,Mujer,46,Tauro,Profesor,39000.0,144000.0
999,Hombre,46,Capricornio,Profesor,68000.0,119000.0
1000,Hombre,39,Acuario,Programador,50000.0,146000.0
1001,Mujer,42,Géminis,Contador,20000.0,76000.0
1002,Hombre,39,Acuario,Programador,67000.0,130000.0
1003,Hombre,30,Acuario,Profesor,83000.0,176000.0
1004,Mujer,37,Capricornio,Estudiante,20000.0,78000.0
1005,Hombre,43,Sagitario,Profesor,63000.0,123000.0
1006,Hombre,44,Libra,Profesor,112000.0,131000.0
1007,Mujer,37,Picis,Ingeniero,38000.0,67000.0
1008,Mujer,33,Capricornio,Economista,23000.0,117000.0
1009,Otro,43,Tauro,Ingeniero,19000.0,103000.0
1010,Hombre,45,Leo,Contador,80000.0,175000.0
1011,Mujer,40,Virgo,Ingeniero,27000.0,67000.0
1012,Mujer,41,Tauro,Programador,23000.0,72000.0
1013,Hombre,39,Libra,Contador,76000.0,139000.0
1014,Mujer,36,Sagitario,Programador,37000.0,79000.0
1015,Hombre,38,Tauro,Ingeniero,116000.0,73000.0
1016,Hombre,41,Leo,Programador,82000.0,113000.0
1017,Mujer,34,Escorpio,Profesor,50000.0,95000.0
1018,Hombre,47,Géminis,Ingeniero,59000.0,110000.0
1019,Hombre,39,Libra,Programador,81000.0,122000.0
1020,Mujer,27,Picis,Programador,14000.0,68000.0
1021,Hombre,44,Libra,Físico,55000.0,166000.0
1022,Hombre,33,Capricornio,Ingeniero,58000.0,169000.0
1023,Hombre,35,Acuario,Profesor,80000.0,129000.0
1024,Hombre,36,Escorpio,Profesor,82000.0,169000.0
1025,Hombre,38,Leo,Contador,76000.0,85000.0
1026,Hombre,40,Cáncer,Profesor,76000.0,108000.0
1027,Mujer,32,Acuario,Programador,32000.0,77000.0
1028,Prefiero no decirlo,39,Leo,Programador,27000.0,119000.0
1029,Mujer,40,Escorpio,Programador,24000.0,42000.0
1030,Hombre,31,Aries,Economista,65000.0,131000.0
1031,Mujer,36,Leo,Programador,34000.0,58000.0
1032,Hombre,45,Libra,Programador,88000.0,127000.0
1033,Otro,40,Géminis,Programador,22000.0,120000.0
1034,Hombre,47,Acuario,Contador,72000.0,124000.0
1035,Mujer,43,Leo,Ingeniero,25000.0,37000.0
1036,Mujer,43,Capricornio,Profesor,18000.0,90000.0
1037,Mujer,29,Capricornio,Ingeniero,26000.0,51000.0
1038,Mujer,44,Picis,Profesor,30000.0,80000.0
1039,Hombre,38,Libra,Matemático,66000.0,114000.0
1040,Mujer,39,Capricornio,Profesor,15000.0,56000.0
1041,Mujer,40,Aries,Profesor,39000.0,93000.0
1042,Hombre,40,Libra,Programador,77000.0,120000.0
1043,Hombre,44,Escorpio,Ingeniero,86000.0,158000.0
1044,Mujer,40,Aries,Programador,37000.0,152000.0
1045,Hombre,49,Virgo,Contador,64000.0,145000.0
1046,Hombre,41,Picis,Ingeniero,62000.0,160000.0
1047,Hombre,40,Capricornio,Ingeniero,63000.0,125000.0
1048,Hombre,49,Géminis,Programador,50000.0,143000.0
1049,Prefiero no decirlo,37,Virgo,Ingeniero,27000.0,81000.0
1050,Mujer,34,Cáncer,Matemático,23000.0,66000.0
1051,Mujer,51,Acuario,Profesor,20000.0,49000.0
1052,Hombre,38,Leo,Programador,65000.0,151000.0
1053,Mujer,39,Sagitario,Estudiante,34000.0,99000.0
1054,Hombre,48,Géminis,Profesor,67000.0,144000.0
1055,Mujer,39,Aries,Programador,17000.0,52000.0
1056,Mujer,34,Sagitario,Matemático,21000.0,56000.0
1057,Hombre,32,Escorpio,Programador,97000.0,126000.0
1058,Hombre,39,Leo,Profesor,86000.0,82000.0
1059,Hombre,46,Virgo,Programador,68000.0,149000.0
1060,Hombre,39,Escorpio,Programador,111000.0,144000.0
1061,Hombre,34,Acuario,Programador,88000.0,124000.0
1062,Mujer,36,Picis,Programador,19000.0,47000.0
1063,Mujer,38,Géminis,Programador,19000.0,68000.0
1064,Hombre,41,Leo,Matemático,57000.0,104000.0
1065,Mujer,39,Géminis,Estudiante,16000.0,60000.0
1066,Mujer,35,Capricornio,Profesor,36000.0,78000.0
1067,Prefiero no decirlo,40,Géminis,Contador,22000.0,76000.0
1068,Hombre,36,Libra,Ingeniero,79000.0,141000.0
1069,Mujer,37,Escorpio,Programador,43000.0,51000.0
1070,Mujer,40,Aries,Profesor,20000.0,84000.0
1071,Hombre,39,Libra,Matemático,51000.0,106000.0
1072,Mujer,37,Virgo,Programador,20000.0,78000.0
1073,Mujer,33,Leo,Ingeniero,20000.0,85000.0
1074,Hombre,33,Virgo,Programador,82000.0,161000.0
1075,Mujer,38,Tauro,Físico,37000.0,74000.0
1076,Mujer,39,Escorpio,Contador,27000.0,71000.0
1077,Prefiero no decirlo,41,Virgo,Programador,30000.0,95000.0
1078,Hombre,36,Sagitario,Programador,58000.0,129000.0
1079,Hombre,40,Acuario,Ingeniero,61000.0,131000.0
1080,Hombre,35,Leo,Ingeniero,63000.0,114000.0
1081,Hombre,35,Virgo,Programador,56000.0,168000.0
1082,Mujer,43,Géminis,Programador,28000.0,42000.0
1083,Prefiero no decirlo,42,Acuario,Programador,35000.0,64000.0
1084,Hombre,38,Escorpio,Programador,57000.0,134000.0
1085,Hombre,44,Libra,Profesor,58000.0,81000.0
1086,Mujer,45,Sagitario,Contador,29000.0,81000.0
1087,Hombre,34,Leo,Programador,83000.0,114000.0
1088,Hombre,43,Libra,Contador,107000.0,195000.0
1089,Hombre,46,Acuario,Contador,83000.0,151000.0
1090,Hombre,38,Géminis,Programador,62000.0,127000.0
1091,Mujer,36,Capricornio,Programador,39000.0,172000.0
1092,Hombre,35,Géminis,Ingeniero,65000.0,132000.0
1093,Hombre,44,Aries,Programador,79000.0,120000.0
1094,Mujer,42,Tauro,Contador,30000.0,64000.0
1095,Hombre,44,Cáncer,Físico,63000.0,141000.0
1096,Mujer,35,Capricornio,Programador,24000.0,71000.0
1097,Prefiero no decirlo,37,Cáncer,Programador,35000.0,53000.0
1098,Hombre,37,Picis,Ingeniero,69000.0,191000.0
1099,Hombre,42,Libra,Programador,75000.0,255000.0
1100,Mujer,40,Acuario,Programador,23000.0,77000.0
1101,Hombre,35,Cáncer,Matemático,95000.0,144000.0
1102,Mujer,40,Géminis,Programador,20000.0,74000.0
1103,Hombre,39,Aries,Contador,66000.0,169000.0
1104,Prefiero no decirlo,41,Virgo,Profesor,21000.0,95000.0
1105,Hombre,35,Picis,Ingeniero,97000.0,171000.0
1106,Hombre,46,Virgo,Profesor,55000.0,87000.0
1107,Mujer,36,Cáncer,Matemático,25000.0,71000.0
1108,Hombre,38,Acuario,Programador,40000.0,117000.0
1109,Hombre,49,Cáncer,Ingeniero,74000.0,105000.0
1110,Mujer,35,Escorpio,Programador,28000.0,79000.0
1111,Hombre,40,Escorpio,Ingeniero,74000.0,85000.0
1112,Hombre,46,Sagitario,Programador,114000.0,158000.0
1113,Mujer,46,Géminis,Programador,14000.0,77000.0
1114,Hombre,42,Capricornio,Ingeniero,73000.0,149000.0
1115,Mujer,34,Capricornio,Ingeniero,28000.0,31000.0
1116,Hombre,29,Picis,Programador,72000.0,175000.0
1117,Mujer,46,Capricornio,Programador,30000.0,93000.0
1118,Hombre,35,Capricornio,Programador,108000.0,92000.0
1119,Hombre,32,Sagitario,Matemático,75000.0,111000.0
1120,Hombre,50,Sagitario,Ingeniero,74000.0,116000.0
1121,Hombre,29,Picis,Programador,55000.0,101000.0
1122,Otro,39,Sagitario,Profesor,24000.0,80000.0
1123,Mujer,31,Libra,Programador,40000.0,71000.0
1124,Hombre,42,Capricornio,Contador,52000.0,105000.0
1125,Prefiero no decirlo,40,Capricornio,Programador,32000.0,112000.0
1126,Prefiero no decirlo,44,Cáncer,Estudiante,23000.0,88000.0
1127,Hombre,39,Leo,Ingeniero,71000.0,133000.0
1128,Mujer,40,Virgo,Programador,27000.0,66000.0
1129,Hombre,37,Aries,Físico,111000.0,265000.0
1130,Mujer,39,Leo,Estudiante,25000.0,58000.0
1131,Mujer,43,Acuario,Programador,25000.0,54000.0
1132,Otro,28,Acuario,Estudiante,34000.0,124000.0
1133,Mujer,35,Aries,Estudiante,28000.0,79000.0
1134,Hombre,36,Leo,Programador,77000.0,153000.0
1135,Mujer,47,Tauro,Profesor,29000.0,76000.0
1136,Hombre,36,Cáncer,Físico,83000.0,103000.0
1137,Hombre,40,Acuario,Programador,72000.0,129000.0
1138,Mujer,41,Tauro,Economista,22000.0,47000.0
1139,Hombre,49,Sagitario,Ingeniero,86000.0,151000.0
1140,Mujer,33,Sagitario,Profesor,27000.0,48000.0
1141,Hombre,32,Tauro,Programador,72000.0,106000.0
1142,Mujer,37,Aries,Profesor,27000.0,95000.0
1143,Hombre,50,Escorpio,Programador,84000.0,117000.0
1144,Mujer,42,Capricornio,Matemático,39000.0,44000.0
1145,Hombre,40,Leo,Profesor,93000.0,124000.0
1146,Mujer,40,Sagitario,Estudiante,23000.0,67000.0
1147,Hombre,35,Géminis,Ingeniero,97000.0,142000.0
1148,Mujer,34,Sagitario,Ingeniero,37000.0,36000.0
1149,Hombre,43,Tauro,Ingeniero,63000.0,141000.0
1150,Mujer,47,Virgo,Físico,34000.0,93000.0
1151,Hombre,42,Acuario,Programador,95000.0,175000.0
1152,Mujer,39,Libra,Ingeniero,16000.0,68000.0
1153,Mujer,34,Escorpio,Ingeniero,24000.0,86000.0
1154,Hombre,37,Sagitario,Programador,67000.0,136000.0
1155,Otro,48,Leo,Programador,21000.0,76000.0
1156,Mujer,25,Escorpio,Profesor,39000.0,83000.0
1157,Hombre,48,Aries,Programador,77000.0,228000.0
1158,Mujer,39,Picis,Maestro,50000.0,99000.0
1159,Hombre,38,Capricornio,Profesor,60000.0,95000.0
1160,Hombre,40,Leo,Programador,65000.0,156000.0
1161,Mujer,38,Tauro,Programador,23000.0,92000.0
1162,Hombre,27,Virgo,Estudiante,47000.0,172000.0
1163,Hombre,36,Cáncer,Profesor,79000.0,134000.0
1164,Mujer,43,Aries,Ingeniero,69000.0,105000.0
1165,Mujer,46,Acuario,Ingeniero,39000.0,84000.0
1166,Hombre,34,Aries,Ingeniero,74000.0,141000.0
1167,Hombre,38,Leo,Ingeniero,71000.0,148000.0
1168,Hombre,33,Picis,Matemático,75000.0,130000.0
1169,Hombre,39,Tauro,Maestro,88000.0,173000.0
1170,Mujer,44,Aries,Matemático,26000.0,141000.0
1171,Hombre,38,Aries,Programador,70000.0,184000.0
1172,Hombre,37,Acuario,Programador,79000.0,112000.0
1173,Hombre,31,Géminis,Ingeniero,70000.0,137000.0
1174,Prefiero no decirlo,41,Aries,Físico,24000.0,78000.0
1175,Hombre,36,Leo,Estudiante,68000.0,134000.0
1176,Hombre,38,Virgo,Programador,64000.0,138000.0
1177,Mujer,35,Virgo,Profesor,21000.0,74000.0
1178,Hombre,33,Acuario,Programador,65000.0,148000.0
1179,Mujer,39,Tauro,Economista,27000.0,158000.0
1180,Hombre,36,Libra,Ingeniero,83000.0,194000.0
1181,Hombre,45,Géminis,Profesor,67000.0,138000.0
1182,Hombre,32,Acuario,Profesor,92000.0,116000.0
1183,Hombre,36,Géminis,Programador,63000.0,183000.0
1184,Mujer,36,Capricornio,Matemático,27000.0,60000.0
1185,Hombre,31,Acuario,Programador,79000.0,176000.0
1186,Hombre,42,Aries,Contador,53000.0,195000.0
1187,Hombre,27,Picis,Programador,67000.0,132000.0
1188,Hombre,36,Libra,Programador,93000.0,104000.0
1189,Hombre,41,Acuario,Ingeniero,75000.0,143000.0
1190,Hombre,45,Picis,Profesor,102000.0,78000.0
1191,Hombre,32,Sagitario,Físico,91000.0,100000.0
1192,Mujer,38,Escorpio,Contador,33000.0,52000.0
1193,Hombre,38,Picis,Matemático,50000.0,113000.0
1194,Hombre,46,Escorpio,Ingeniero,78000.0,92000.0
1195,Hombre,47,Tauro,Programador,59000.0,103000.0
1196,Hombre,35,Sagitario,Programador,89000.0,186000.0
1197,Mujer,35,Leo,Ingeniero,30000.0,71000.0
1198,Mujer,36,Aries,Matemático,30000.0,83000.0
1199,Hombre,27,Capricornio,Ingeniero,79000.0,104000.0
1200,Mujer,41,Virgo,Profesor,26000.0,69000.0
1201,Hombre,42,Tauro,Programador,67000.0,125000.0
1202,Hombre,45,Acuario,Profesor,88000.0,155000.0
1203,Hombre,36,Tauro,Programador,89000.0,149000.0
1204,Hombre,50,Capricornio,Ingeniero,100000.0,107000.0
1205,Mujer,33,Sagitario,Programador,43000.0,91000.0
1206,Hombre,33,Capricornio,Programador,85000.0,150000.0
1207,Hombre,45,Tauro,Programador,74000.0,83000.0
1208,Mujer,35,Escorpio,Programador,25000.0,60000.0
1209,Hombre,40,Acuario,Profesor,50000.0,137000.0
1210,Mujer,40,Sagitario,Ingeniero,24000.0,96000.0
1211,Hombre,40,Virgo,Programador,70000.0,109000.0
1212,Hombre,41,Capricornio,Estudiante,69000.0,114000.0
1213,Mujer,36,Cáncer,Físico,20000.0,104000.0
1214,Hombre,39,Aries,Contador,93000.0,172000.0
1215,Hombre,25,Libra,Programador,67000.0,110000.0
1216,Mujer,42,Acuario,Profesor,19000.0,58000.0
1217,Mujer,26,Libra,Contador,26000.0,53000.0
1218,Hombre,41,Sagitario,Físico,80000.0,173000.0
1219,Hombre,41,Cáncer,Contador,108000.0,124000.0
1220,Prefiero no decirlo,47,Aries,Ingeniero,36000.0,126000.0
1221,Prefiero no decirlo,47,Sagitario,Programador,24000.0,66000.0
1222,Prefiero no decirlo,44,Libra,Matemático,31000.0,69000.0
1223,Mujer,44,Virgo,Programador,24000.0,60000.0
1224,Hombre,41,Aries,Ingeniero,58000.0,100000.0
1225,Mujer,37,Virgo,Ingeniero,35000.0,67000.0
1226,Hombre,34,Géminis,Maestro,64000.0,158000.0
1227,Hombre,36,Géminis,Programador,89000.0,114000.0
1228,Mujer,48,Leo,Profesor,27000.0,66000.0
1229,Hombre,41,Acuario,Maestro,80000.0,125000.0
1230,Mujer,38,Picis,Contador,19000.0,58000.0
1231,Mujer,38,Géminis,Ingeniero,36000.0,36000.0
1232,Mujer,41,Tauro,Matemático,21000.0,80000.0
1233,Hombre,38,Acuario,Economista,69000.0,197000.0
1234,Mujer,43,Acuario,Programador,27000.0,47000.0
1235,Hombre,32,Acuario,Maestro,109000.0,154000.0
1236,Hombre,35,Libra,Físico,62000.0,233000.0
1237,Hombre,30,Tauro,Profesor,61000.0,106000.0
1238,Mujer,42,Aries,Estudiante,27000.0,111000.0
1239,Mujer,43,Sagitario,Profesor,32000.0,53000.0
1240,Mujer,43,Leo,Ingeniero,45000.0,54000.0
1241,Mujer,38,Libra,Físico,25000.0,48000.0
1242,Prefiero no decirlo,45,Escorpio,Físico,24000.0,91000.0
1243,Mujer,35,Géminis,Matemático,27000.0,97000.0
1244,Hombre,37,Tauro,Programador,86000.0,134000.0
1245,Hombre,45,Acuario,Programador,73000.0,132000.0
1246,Hombre,26,Cáncer,Matemático,77000.0,121000.0
1247,Hombre,47,Géminis,Programador,67000.0,98000.0
1248,Prefiero no decirlo,47,Géminis,Programador,29000.0,74000.0
1249,Hombre,43,Acuario,Programador,68000.0,129000.0
1250,Hombre,40,Géminis,Físico,53000.0,220000.0
1251,Hombre,44,Acuario,Economista,55000.0,123000.0
1252,Hombre,31,Tauro,Programador,88000.0,76000.0
1253,Otro,41,Escorpio,Programador,26000.0,59000.0
1254,Hombre,46,Tauro,Físico,81000.0,68000.0
1255,Mujer,44,Géminis,Programador,47000.0,38000.0
1256,Hombre,37,Sagitario,Maestro,78000.0,148000.0
1257,Hombre,40,Tauro,Programador,86000.0,136000.0
1258,Hombre,37,Leo,Contador,57000.0,137000.0
1259,Hombre,36,Virgo,Ingeniero,79000.0,135000.0
1260,Mujer,34,Leo,Programador,38000.0,129000.0
1261,Hombre,43,Capricornio,Programador,72000.0,119000.0
1262,Hombre,35,Escorpio,Ingeniero,60000.0,134000.0
1263,Hombre,33,Escorpio,Programador,86000.0,176000.0
1264,Otro,44,Libra,Ingeniero,26000.0,42000.0
1265,Prefiero no decirlo,35,Cáncer,Ingeniero,37000.0,79000.0
1266,Hombre,35,Tauro,Programador,65000.0,103000.0
1267,Hombre,40,Géminis,Profesor,72000.0,173000.0
1268,Hombre,33,Acuario,Estudiante,87000.0,179000.0
1269,Hombre,45,Sagitario,Economista,79000.0,108000.0
1270,Hombre,39,Leo,Profesor,51000.0,136000.0
1271,Mujer,48,Sagitario,Ingeniero,33000.0,94000.0
1272,Hombre,38,Capricornio,Ingeniero,98000.0,120000.0
1273,Hombre,38,Picis,Ingeniero,65000.0,131000.0
1274,Hombre,31,Aries,Matemático,92000.0,96000.0
1275,Hombre,42,Géminis,Programador,69000.0,141000.0
1276,Hombre,46,Libra,Ingeniero,77000.0,95000.0
1277,Mujer,37,Capricornio,Programador,17000.0,60000.0
1278,Hombre,45,Cáncer,Programador,70000.0,85000.0
1279,Hombre,40,Leo,Profesor,59000.0,140000.0
1280,Hombre,35,Capricornio,Programador,84000.0,161000.0
1281,Hombre,42,Virgo,Profesor,56000.0,125000.0
1282,Mujer,41,Aries,Profesor,22000.0,56000.0
1283,Mujer,36,Acuario,Economista,41000.0,63000.0
1284,Mujer,48,Escorpio,Profesor,35000.0,55000.0
1285,Prefiero no decirlo,41,Sagitario,Economista,40000.0,58000.0
1286,Mujer,41,Tauro,Programador,23000.0,43000.0
1287,Mujer,40,Libra,Programador,43000.0,63000.0
1288,Mujer,43,Tauro,Ingeniero,46000.0,54000.0
1289,Mujer,43,Virgo,Profesor,28000.0,73000.0
1290,Mujer,38,Picis,Profesor,27000.0,68000.0
1291,Hombre,45,Leo,Ingeniero,92000.0,174000.0
1292,Hombre,39,Libra,Matemático,73000.0,120000.0
1293,Hombre,43,Acuario,Ingeniero,83000.0,121000.0
1294,Mujer,43,Virgo,Ingeniero,18000.0,63000.0
1295,Hombre,47,Aries,Profesor,84000.0,134000.0
1296,Hombre,33,Escorpio,Programador,98000.0,141000.0
1297,Mujer,36,Sagitario,Programador,26000.0,51000.0
1298,Prefiero no decirlo,43,Libra,Programador,19000.0,108000.0
1299,Mujer,41,Acuario,Programador,26000.0,41000.0
1300,Hombre,35,Tauro,Profesor,89000.0,129000.0
1301,Mujer,38,Libra,Profesor,27000.0,71000.0
1302,Hombre,36,Tauro,Ingeniero,55000.0,82000.0
1303,Hombre,32,Géminis,Maestro,51000.0,144000.0
1304,Hombre,48,Libra,Programador,83000.0,112000.0
1305,Hombre,34,Virgo,Programador,91000.0,127000.0
1306,Hombre,38,Sagitario,Ingeniero,48000.0,161000.0
1307,Mujer,38,Libra,Programador,24000.0,61000.0
1308,Hombre,42,Leo,Ingeniero,63000.0,144000.0
1309,Hombre,31,Cáncer,Profesor,59000.0,107000.0
1310,Hombre,37,Tauro,Físico,70000.0,167000.0
1311,Mujer,42,Sagitario,Contador,21000.0,103000.0
1312,Hombre,39,Capricornio,Estudiante,63000.0,193000.0
1313,Mujer,38,Virgo,Ingeniero,46000.0,104000.0
1314,Hombre,40,Picis,Profesor,63000.0,142000.0
1315,Hombre,45,Sagitario,Ingeniero,83000.0,133000.0
1316,Hombre,38,Aries,Matemático,62000.0,126000.0
1317,Prefiero no decirlo,34,Acuario,Programador,38000.0,69000.0
1318,Hombre,37,Virgo,Programador,78000.0,119000.0
1319,Prefiero no decirlo,37,Sagitario,Programador,34000.0,69000.0
1320,Hombre,37,Picis,Estudiante,75000.0,150000.0
1321,Mujer,38,Virgo,Programador,18000.0,45000.0
1322,Mujer,30,Capricornio,Profesor,21000.0,87000.0
1323,Mujer,34,Acuario,Profesor,24000.0,49000.0
1324,Hombre,41,Géminis,Profesor,81000.0,160000.0
1325,Hombre,38,Sagitario,Estudiante,72000.0,120000.0
1326,Otro,31,Picis,Programador,56000.0,58000.0
1327,Mujer,44,Géminis,Economista,29000.0,146000.0
1328,Mujer,32,Leo,Contador,22000.0,46000.0
1329,Hombre,44,Picis,Estudiante,68000.0,144000.0
1330,Mujer,41,Escorpio,Programador,22000.0,138000.0
1331,Hombre,34,Leo,Programador,88000.0,90000.0
1332,Prefiero no decirlo,33,Capricornio,Programador,42000.0,64000.0
1333,Hombre,39,Géminis,Programador,71000.0,105000.0
1334,Hombre,49,Tauro,Programador,64000.0,86000.0
1335,Hombre,44,Capricornio,Programador,52000.0,130000.0
1336,Hombre,34,Cáncer,Ingeniero,97000.0,148000.0
1337,Hombre,44,Leo,Contador,70000.0,121000.0
1338,Mujer,29,Aries,Programador,30000.0,104000.0
1339,Mujer,41,Capricornio,Profesor,42000.0,55000.0
1340,Mujer,39,Escorpio,Matemático,21000.0,82000.0
1341,Hombre,43,Capricornio,Programador,88000.0,142000.0
1342,Hombre,45,Cáncer,Programador,79000.0,232000.0
1343,Hombre,52,Sagitario,Programador,58000.0,97000.0
1344,Hombre,25,Libra,Economista,79000.0,117000.0
1345,Hombre,34,Cáncer,Profesor,85000.0,132000.0
1346,Mujer,45,Aries,Programador,35000.0,77000.0
1347,Hombre,44,Capricornio,Economista,63000.0,100000.0
1348,Hombre,44,Géminis,Ingeniero,71000.0,210000.0
1349,Hombre,27,Géminis,Físico,63000.0,147000.0
1350,Mujer,47,Cáncer,Programador,27000.0,82000.0
1351,Mujer,38,Sagitario,Profesor,24000.0,73000.0
1352,Hombre,50,Libra,Programador,77000.0,160000.0
1353,Hombre,39,Escorpio,Programador,90000.0,149000.0
1354,Hombre,42,Aries,Programador,77000.0,139000.0
1355,Mujer,44,Sagitario,Programador,32000.0,72000.0
1356,Mujer,38,Picis,Maestro,20000.0,69000.0
1357,Hombre,28,Virgo,Programador,88000.0,95000.0
1358,Hombre,42,Cáncer,Programador,79000.0,184000.0
1359,Hombre,39,Sagitario,Profesor,86000.0,151000.0
1360,Hombre,44,Sagitario,Programador,78000.0,138000.0
1361,Hombre,39,Virgo,Profesor,69000.0,116000.0
1362,Mujer,41,Picis,Ingeniero,22000.0,62000.0
1363,Hombre,41,Capricornio,Economista,99000.0,129000.0
1364,Hombre,38,Tauro,Programador,79000.0,142000.0
1365,Hombre,33,Leo,Ingeniero,95000.0,173000.0
1366,Otro,33,Picis,Ingeniero,32000.0,82000.0
1367,Mujer,43,Capricornio,Matemático,35000.0,41000.0
1368,Hombre,39,Géminis,Programador,51000.0,73000.0
1369,Hombre,33,Cáncer,Programador,108000.0,134000.0
1370,Hombre,48,Sagitario,Programador,77000.0,95000.0
1371,Hombre,45,Escorpio,Programador,59000.0,126000.0
1372,Hombre,32,Picis,Programador,99000.0,182000.0
1373,Mujer,44,Sagitario,Economista,19000.0,57000.0
1374,Mujer,34,Escorpio,Ingeniero,29000.0,93000.0
1375,Hombre,32,Sagitario,Matemático,106000.0,90000.0
1376,Mujer,36,Picis,Programador,39000.0,83000.0
1377,Hombre,36,Géminis,Físico,95000.0,139000.0
1378,Mujer,34,Tauro,Programador,21000.0,68000.0
1379,Mujer,39,Libra,Economista,19000.0,130000.0
1380,Hombre,40,Aries,Ingeniero,55000.0,134000.0
1381,Mujer,35,Leo,Profesor,16000.0,54000.0
1382,Hombre,39,Géminis,Físico,63000.0,174000.0
1383,Hombre,37,Virgo,Profesor,57000.0,84000.0
1384,Hombre,31,Acuario,Ingeniero,61000.0,120000.0
1385,Hombre,39,Géminis,Ingeniero,72000.0,157000.0
1386,Hombre,35,Picis,Programador,66000.0,143000.0
1387,Mujer,41,Cáncer,Profesor,26000.0,46000.0
1388,Mujer,36,Virgo,Físico,26000.0,98000.0
1389,Mujer,37,Escorpio,Programador,29000.0,88000.0
1390,Mujer,36,Géminis,Profesor,18000.0,79000.0
1391,Hombre,33,Capricornio,Programador,79000.0,123000.0
1392,Mujer,37,Libra,Programador,11000.0,77000.0
1393,Otro,29,Acuario,Programador,25000.0,104000.0
1394,Prefiero no decirlo,42,Cáncer,Ingeniero,30000.0,122000.0
1395,Hombre,31,Géminis,Profesor,74000.0,216000.0
1396,Hombre,38,Escorpio,Matemático,61000.0,141000.0
1397,Prefiero no decirlo,45,Géminis,Programador,32000.0,84000.0
1398,Hombre,41,Aries,Maestro,94000.0,166000.0
1399,Hombre,39,Cáncer,Ingeniero,62000.0,215000.0
1400,Mujer,32,Cáncer,Ingeniero,16000.0,78000.0
1401,Hombre,41,Géminis,Programador,58000.0,191000.0
1402,Mujer,40,Libra,Programador,33000.0,69000.0
1403,Hombre,29,Tauro,Ingeniero,134000.0,126000.0
1404,Prefiero no decirlo,45,Acuario,Profesor,29000.0,67000.0
1405,Hombre,44,Leo,Matemático,112000.0,261000.0
1406,Mujer,45,Cáncer,Físico,44000.0,60000.0
1407,Mujer,39,Libra,Contador,27000.0,83000.0
1408,Hombre,47,Géminis,Programador,76000.0,105000.0
1409,Hombre,42,Escorpio,Ingeniero,53000.0,113000.0
1410,Mujer,36,Aries,Programador,38000.0,92000.0
1411,Hombre,38,Tauro,Programador,67000.0,202000.0
1412,Hombre,39,Cáncer,Estudiante,58000.0,138000.0
1413,Mujer,37,Géminis,Programador,28000.0,31000.0
1414,Mujer,48,Aries,Programador,32000.0,72000.0
1415,Mujer,38,Tauro,Ingeniero,24000.0,59000.0
1416,Mujer,38,Escorpio,Programador,20000.0,39000.0
1417,Mujer,39,Virgo,Programador,28000.0,37000.0
1418,Mujer,48,Virgo,Programador,31000.0,44000.0
1419,Hombre,44,Leo,Profesor,64000.0,121000.0
1420,Mujer,40,Libra,Programador,19000.0,60000.0
1421,Mujer,38,Tauro,Ingeniero,16000.0,81000.0
1422,Mujer,38,Cáncer,Programador,28000.0,56000.0
1423,Mujer,37,Cáncer,Ingeniero,37000.0,75000.0
1424,Mujer,44,Leo,Programador,27000.0,107000.0
1425,Mujer,37,Cáncer,Profesor,25000.0,71000.0
1426,Hombre,36,Cáncer,Programador,78000.0,141000.0
1427,Prefiero no decirlo,39,Géminis,Profesor,28000.0,69000.0
1428,Hombre,38,Leo,Ingeniero,72000.0,135000.0
1429,Hombre,32,Picis,Programador,81000.0,72000.0
1430,Hombre,36,Cáncer,Ingeniero,63000.0,158000.0
1431,Mujer,42,Cáncer,Ingeniero,38000.0,48000.0
1432,Hombre,33,Tauro,Programador,87000.0,222000.0
1433,Mujer,43,Cáncer,Programador,32000.0,79000.0
1434,Hombre,41,Virgo,Ingeniero,73000.0,134000.0
1435,Hombre,47,Tauro,Programador,92000.0,124000.0
1436,Hombre,42,Cáncer,Físico,81000.0,139000.0
1437,Hombre,36,Escorpio,Ingeniero,80000.0,101000.0
1438,Hombre,37,Leo,Programador,69000.0,120000.0
1439,Hombre,38,Escorpio,Maestro,74000.0,102000.0
1440,Hombre,36,Géminis,Programador,73000.0,114000.0
1441,Mujer,42,Tauro,Ingeniero,37000.0,47000.0
1442,Hombre,40,Virgo,Programador,85000.0,110000.0
1443,Hombre,34,Géminis,Programador,72000.0,177000.0
1444,Mujer,33,Libra,Programador,40000.0,111000.0
1445,Mujer,38,Capricornio,Programador,35000.0,51000.0
1446,Hombre,35,Libra,Ingeniero,84000.0,147000.0
1447,Hombre,48,Leo,Programador,94000.0,144000.0
1448,Hombre,35,Virgo,Programador,79000.0,203000.0
1449,Hombre,47,Picis,Matemático,71000.0,96000.0
1450,Hombre,41,Picis,Programador,81000.0,159000.0
1451,Hombre,46,Cáncer,Físico,87000.0,163000.0
1452,Hombre,42,Libra,Profesor,76000.0,124000.0
1453,Hombre,45,Escorpio,Programador,105000.0,135000.0
1454,Mujer,33,Géminis,Matemático,17000.0,124000.0
1455,Hombre,32,Cáncer,Programador,71000.0,116000.0
1456,Hombre,42,Escorpio,Ingeniero,55000.0,125000.0
1457,Hombre,34,Sagitario,Ingeniero,54000.0,113000.0
1458,Hombre,43,Escorpio,Profesor,80000.0,208000.0
1459,Mujer,42,Escorpio,Contador,14000.0,58000.0
1460,Prefiero no decirlo,39,Virgo,Físico,28000.0,53000.0
1461,Hombre,43,Géminis,Estudiante,80000.0,144000.0
1462,Hombre,36,Cáncer,Matemático,72000.0,126000.0
1463,Hombre,44,Géminis,Matemático,69000.0,139000.0
1464,Hombre,35,Géminis,Profesor,86000.0,84000.0
1465,Hombre,46,Escorpio,Economista,99000.0,134000.0
1466,Mujer,41,Tauro,Físico,23000.0,70000.0
1467,Mujer,27,Virgo,Maestro,32000.0,32000.0
1468,Hombre,32,Virgo,Matemático,63000.0,129000.0
1469,Hombre,40,Capricornio,Programador,81000.0,103000.0
1470,Mujer,47,Virgo,Programador,32000.0,72000.0
1471,Hombre,36,Tauro,Ingeniero,90000.0,188000.0
1472,Hombre,43,Cáncer,Profesor,89000.0,115000.0
1473,Hombre,44,Sagitario,Programador,76000.0,159000.0
1474,Mujer,43,Capricornio,Estudiante,27000.0,62000.0
1475,Hombre,33,Sagitario,Programador,88000.0,156000.0
1476,Hombre,45,Tauro,Programador,58000.0,151000.0
1477,Mujer,30,Picis,Programador,25000.0,77000.0
1478,Hombre,43,Géminis,Programador,79000.0,108000.0
1479,Hombre,34,Aries,Profesor,46000.0,106000.0
1480,Mujer,38,Leo,Profesor,29000.0,95000.0
1481,Mujer,43,Picis,Ingeniero,23000.0,53000.0
1482,Mujer,46,Aries,Ingeniero,12000.0,94000.0
1483,Otro,40,Cáncer,Programador,22000.0,105000.0
1484,Hombre,42,Virgo,Profesor,59000.0,137000.0
1485,Otro,40,Picis,Programador,17000.0,86000.0
1486,Hombre,32,Virgo,Profesor,54000.0,107000.0
1487,Hombre,38,Libra,Ingeniero,91000.0,111000.0
1488,Hombre,44,Libra,Ingeniero,74000.0,133000.0
1489,Hombre,37,Cáncer,Estudiante,57000.0,79000.0
1490,Hombre,42,Acuario,Programador,57000.0,112000.0
1491,Hombre,32,Capricornio,Profesor,78000.0,174000.0
1492,Hombre,41,Virgo,Físico,67000.0,141000.0
1493,Hombre,35,Picis,Maestro,99000.0,77000.0
1494,Prefiero no decirlo,43,Leo,Profesor,24000.0,78000.0
1495,Mujer,36,Acuario,Profesor,22000.0,47000.0
1496,Mujer,42,Acuario,Profesor,17000.0,75000.0
1497,Mujer,36,Libra,Programador,22000.0,68000.0
1498,Mujer,49,Libra,Programador,33000.0,84000.0
1499,Mujer,40,Cáncer,Contador,24000.0,44000.0
1500,Hombre,53,Libra,Ingeniero,83000.0,103000.0
1501,Hombre,44,Capricornio,Ingeniero,69000.0,81000.0
1502,Mujer,33,Géminis,Contador,37000.0,101000.0
1503,Hombre,42,Virgo,Físico,76000.0,122000.0
1504,Hombre,32,Aries,Ingeniero,72000.0,184000.0
1505,Hombre,42,Libra,Físico,88000.0,105000.0
1506,Hombre,39,Acuario,Programador,90000.0,157000.0
1507,Hombre,30,Picis,Ingeniero,80000.0,132000.0
1508,Prefiero no decirlo,42,Virgo,Programador,28000.0,81000.0
1509,Hombre,33,Escorpio,Ingeniero,78000.0,121000.0
1510,Mujer,35,Tauro,Ingeniero,15000.0,103000.0
1511,Mujer,37,Escorpio,Contador,41000.0,115000.0
1512,Hombre,39,Virgo,Ingeniero,97000.0,169000.0
1513,Hombre,44,Escorpio,Ingeniero,86000.0,109000.0
1514,Hombre,39,Cáncer,Ingeniero,62000.0,120000.0
1515,Hombre,43,Acuario,Programador,82000.0,141000.0
1516,Hombre,37,Virgo,Contador,77000.0,105000.0
1517,Hombre,45,Tauro,Profesor,55000.0,123000.0
1518,Mujer,38,Picis,Contador,34000.0,62000.0
1519,Prefiero no decirlo,45,Escorpio,Programador,28000.0,97000.0
1520,Hombre,44,Sagitario,Contador,57000.0,145000.0
1521,Hombre,36,Sagitario,Ingeniero,51000.0,105000.0
1522,Hombre,31,Escorpio,Profesor,62000.0,167000.0
1523,Hombre,35,Géminis,Profesor,77000.0,98000.0
1524,Hombre,42,Libra,Ingeniero,79000.0,182000.0
1525,Hombre,33,Leo,Programador,76000.0,193000.0
1526,Mujer,39,Tauro,Programador,37000.0,92000.0
1527,Hombre,42,Géminis,Estudiante,98000.0,137000.0
1528,Hombre,36,Géminis,Programador,66000.0,173000.0
1529,Hombre,35,Escorpio,Ingeniero,63000.0,148000.0
1530,Mujer,39,Virgo,Programador,32000.0,109000.0
1531,Prefiero no decirlo,38,Tauro,Programador,27000.0,69000.0
1532,Hombre,46,Libra,Programador,104000.0,107000.0
1533,Mujer,44,Acuario,Programador,19000.0,50000.0
1534,Hombre,43,Acuario,Profesor,69000.0,113000.0
1535,Hombre,39,Capricornio,Programador,59000.0,95000.0
1536,Hombre,42,Sagitario,Estudiante,73000.0,152000.0
1537,Hombre,35,Libra,Ingeniero,66000.0,149000.0
1538,Hombre,32,Sagitario,Maestro,113000.0,131000.0
1539,Mujer,37,Libra,Programador,33000.0,30000.0
1540,Hombre,37,Acuario,Programador,56000.0,174000.0
1541,Hombre,37,Sagitario,Matemático,80000.0,135000.0
1542,Mujer,39,Acuario,Contador,28000.0,81000.0
1543,Mujer,41,Géminis,Programador,25000.0,114000.0
1544,Hombre,33,Acuario,Programador,64000.0,136000.0
1545,Mujer,49,Géminis,Estudiante,23000.0,66000.0
1546,Hombre,42,Aries,Profesor,70000.0,109000.0
1547,Hombre,43,Tauro,Programador,58000.0,93000.0
1548,Mujer,40,Virgo,Matemático,28000.0,67000.0
1549,Hombre,37,Picis,Ingeniero,69000.0,106000.0
1550,Hombre,44,Capricornio,Programador,67000.0,159000.0
1551,Prefiero no decirlo,32,Sagitario,Programador,27000.0,77000.0
1552,Hombre,51,Sagitario,Estudiante,70000.0,123000.0
1553,Hombre,33,Aries,Estudiante,86000.0,103000.0
1554,Mujer,48,Aries,Ingeniero,36000.0,114000.0
1555,Hombre,42,Escorpio,Ingeniero,48000.0,144000.0
1556,Mujer,36,Picis,Ingeniero,17000.0,73000.0
1557,Hombre,30,Tauro,Ingeniero,82000.0,201000.0
1558,Hombre,39,Tauro,Programador,96000.0,130000.0
1559,Otro,40,Virgo,Físico,27000.0,99000.0
1560,Hombre,39,Acuario,Matemático,57000.0,182000.0
1561,Hombre,31,Libra,Ingeniero,63000.0,132000.0
1562,Mujer,42,Escorpio,Ingeniero,52000.0,104000.0
1563,Hombre,35,Virgo,Físico,77000.0,76000.0
1564,Hombre,41,Leo,Profesor,79000.0,114000.0
1565,Mujer,37,Tauro,Programador,24000.0,66000.0
1566,Mujer,42,Cáncer,Matemático,37000.0,140000.0
1567,Mujer,44,Aries,Contador,30000.0,79000.0
1568,Hombre,41,Escorpio,Economista,66000.0,122000.0
1569,Hombre,42,Géminis,Profesor,65000.0,76000.0
1570,Hombre,43,Géminis,Programador,121000.0,146000.0
1571,Hombre,37,Picis,Programador,77000.0,132000.0
1572,Mujer,43,Sagitario,Matemático,18000.0,55000.0
1573,Mujer,37,Sagitario,Profesor,31000.0,86000.0
1574,Mujer,41,Aries,Programador,32000.0,76000.0
1575,Mujer,52,Aries,Programador,52000.0,104000.0
1576,Mujer,30,Leo,Ingeniero,16000.0,102000.0
1577,Hombre,46,Leo,Programador,87000.0,135000.0
1578,Hombre,38,Sagitario,Programador,65000.0,125000.0
1579,Hombre,31,Sagitario,Programador,69000.0,149000.0
1580,Hombre,41,Picis,Matemático,67000.0,185000.0
1581,Hombre,35,Virgo,Programador,66000.0,153000.0
1582,Hombre,49,Aries,Programador,85000.0,122000.0
1583,Prefiero no decirlo,42,Leo,Ingeniero,26000.0,59000.0
1584,Hombre,43,Aries,Profesor,53000.0,192000.0
1585,Hombre,41,Aries,Maestro,68000.0,160000.0
1586,Hombre,38,Cáncer,Físico,75000.0,153000.0
1587,Mujer,40,Tauro,Maestro,29000.0,31000.0
1588,Prefiero no decirlo,35,Sagitario,Maestro,38000.0,65000.0
1589,Mujer,43,Acuario,Contador,21000.0,122000.0
1590,Hombre,50,Tauro,Profesor,74000.0,126000.0
1591,Hombre,33,Libra,Ingeniero,58000.0,74000.0
1592,Hombre,42,Cáncer,Ingeniero,98000.0,126000.0
1593,Mujer,35,Tauro,Profesor,58000.0,63000.0
1594,Mujer,39,Libra,Ingeniero,28000.0,51000.0
1595,Hombre,43,Libra,Programador,54000.0,184000.0
1596,Hombre,45,Virgo,Ingeniero,66000.0,122000.0
1597,Hombre,41,Virgo,Programador,71000.0,142000.0
1598,Hombre,39,Escorpio,Profesor,104000.0,156000.0
1599,Mujer,28,Tauro,Físico,29000.0,56000.0
1600,Hombre,38,Leo,Programador,72000.0,109000.0
1601,Hombre,37,Tauro,Ingeniero,66000.0,147000.0
1602,Mujer,44,Capricornio,Ingeniero,19000.0,83000.0
1603,Hombre,40,Géminis,Ingeniero,91000.0,126000.0
1604,Prefiero no decirlo,43,Tauro,Estudiante,35000.0,92000.0
1605,Mujer,39,Libra,Profesor,25000.0,53000.0
1606,Hombre,40,Escorpio,Ingeniero,53000.0,82000.0
1607,Mujer,43,Picis,Contador,24000.0,127000.0
1608,Hombre,30,Escorpio,Maestro,64000.0,81000.0
1609,Hombre,38,Leo,Ingeniero,78000.0,123000.0
1610,Hombre,44,Picis,Profesor,55000.0,110000.0
1611,Hombre,43,Capricornio,Ingeniero,82000.0,156000.0
1612,Hombre,43,Sagitario,Programador,93000.0,139000.0
1613,Hombre,42,Escorpio,Programador,64000.0,101000.0
1614,Hombre,38,Virgo,Profesor,72000.0,165000.0
1615,Hombre,36,Cáncer,Profesor,80000.0,133000.0
1616,Hombre,42,Picis,Ingeniero,77000.0,101000.0
1617,Mujer,43,Capricornio,Programador,17000.0,114000.0
1618,Mujer,43,Sagitario,Economista,18000.0,37000.0
1619,Mujer,43,Acuario,Físico,47000.0,63000.0
1620,Mujer,34,Escorpio,Programador,10000.0,65000.0
1621,Mujer,36,Leo,Profesor,34000.0,55000.0
1622,Hombre,47,Tauro,Físico,71000.0,140000.0
1623,Hombre,39,Escorpio,Programador,80000.0,98000.0
1624,Hombre,43,Libra,Ingeniero,42000.0,139000.0
1625,Hombre,44,Virgo,Ingeniero,50000.0,140000.0
1626,Prefiero no decirlo,35,Géminis,Programador,28000.0,100000.0
1627,Hombre,38,Capricornio,Programador,64000.0,129000.0
1628,Hombre,44,Escorpio,Programador,65000.0,136000.0
1629,Hombre,38,Acuario,Ingeniero,91000.0,130000.0
1630,Mujer,35,Géminis,Ingeniero,31000.0,64000.0
1631,Hombre,38,Géminis,Matemático,67000.0,80000.0
1632,Mujer,51,Cáncer,Profesor,40000.0,52000.0
1633,Mujer,43,Escorpio,Programador,18000.0,84000.0
1634,Mujer,41,Capricornio,Profesor,19000.0,49000.0
1635,Hombre,37,Aries,Físico,66000.0,102000.0
1636,Hombre,53,Aries,Ingeniero,65000.0,140000.0
1637,Mujer,41,Escorpio,Ingeniero,32000.0,72000.0
1638,Hombre,35,Acuario,Programador,73000.0,144000.0
1639,Hombre,39,Virgo,Profesor,92000.0,137000.0
1640,Mujer,35,Sagitario,Programador,35000.0,46000.0
1641,Hombre,43,Cáncer,Ingeniero,101000.0,146000.0
1642,Hombre,38,Acuario,Estudiante,61000.0,138000.0
1643,Hombre,39,Tauro,Profesor,59000.0,89000.0
1644,Hombre,43,Cáncer,Contador,90000.0,118000.0
1645,Otro,37,Virgo,Matemático,29000.0,138000.0
1646,Hombre,48,Sagitario,Maestro,106000.0,127000.0
1647,Mujer,41,Leo,Programador,33000.0,29000.0
1648,Hombre,37,Picis,Programador,72000.0,135000.0
1649,Mujer,37,Tauro,Programador,28000.0,127000.0
1650,Mujer,33,Acuario,Economista,18000.0,63000.0
1651,Mujer,41,Capricornio,Físico,35000.0,185000.0
1652,Mujer,38,Géminis,Físico,32000.0,74000.0
1653,Hombre,40,Acuario,Contador,86000.0,132000.0
1654,Hombre,43,Acuario,Ingeniero,69000.0,167000.0
1655,Hombre,38,Libra,Programador,88000.0,112000.0
1656,Otro,36,Escorpio,Físico,30000.0,60000.0
1657,Mujer,39,Capricornio,Economista,29000.0,66000.0
1658,Hombre,43,Leo,Programador,55000.0,106000.0
1659,Hombre,32,Cáncer,Programador,92000.0,130000.0
1660,Hombre,35,Virgo,Programador,67000.0,125000.0
1661,Hombre,38,Virgo,Profesor,103000.0,202000.0
1662,Hombre,45,Capricornio,Estudiante,78000.0,92000.0
1663,Hombre,43,Aries,Profesor,81000.0,136000.0
1664,Hombre,36,Leo,Estudiante,84000.0,163000.0
1665,Hombre,39,Leo,Programador,80000.0,197000.0
1666,Hombre,33,Cáncer,Programador,80000.0,98000.0
1667,Hombre,42,Capricornio,Físico,88000.0,113000.0
1668,Mujer,33,Géminis,Ingeniero,38000.0,95000.0
1669,Mujer,37,Géminis,Programador,23000.0,53000.0
1670,Hombre,45,Géminis,Profesor,66000.0,145000.0
1671,Hombre,42,Escorpio,Programador,73000.0,108000.0
1672,Mujer,41,Tauro,Profesor,28000.0,58000.0
1673,Hombre,42,Escorpio,Estudiante,70000.0,190000.0
1674,Hombre,50,Escorpio,Matemático,104000.0,122000.0
1675,Hombre,48,Virgo,Ingeniero,71000.0,201000.0
1676,Hombre,49,Virgo,Profesor,71000.0,161000.0
1677,Mujer,42,Libra,Programador,23000.0,38000.0
1678,Mujer,48,Aries,Programador,32000.0,53000.0
1679,Hombre,34,Aries,Maestro,58000.0,181000.0
1680,Hombre,34,Virgo,Programador,100000.0,106000.0
1681,Hombre,33,Virgo,Profesor,67000.0,152000.0
1682,Hombre,45,Géminis,Programador,62000.0,233000.0
1683,Mujer,38,Géminis,Profesor,33000.0,95000.0
1684,Mujer,39,Cáncer,Programador,32000.0,82000.0
1685,Mujer,31,Escorpio,Ingeniero,37000.0,74000.0
1686,Mujer,39,Capricornio,Programador,27000.0,98000.0
1687,Hombre,31,Acuario,Físico,52000.0,159000.0
1688,Hombre,31,Aries,Programador,66000.0,133000.0
1689,Hombre,33,Picis,Economista,57000.0,114000.0
1690,Prefiero no decirlo,38,Capricornio,Programador,37000.0,82000.0
1691,Mujer,46,Cáncer,Programador,28000.0,123000.0
1692,Hombre,36,Picis,Profesor,75000.0,192000.0
1693,Mujer,37,Picis,Programador,30000.0,53000.0
1694,Mujer,32,Géminis,Matemático,48000.0,62000.0
1695,Hombre,43,Cáncer,Maestro,66000.0,146000.0
1696,Mujer,34,Géminis,Programador,31000.0,73000.0
1697,Hombre,42,Escorpio,Programador,77000.0,117000.0
1698,Hombre,38,Tauro,Profesor,77000.0,153000.0
1699,Hombre,46,Capricornio,Físico,67000.0,201000.0
1700,Hombre,44,Escorpio,Físico,97000.0,133000.0
1701,Hombre,48,Aries,Estudiante,54000.0,142000.0
1702,Hombre,35,Escorpio,Ingeniero,73000.0,112000.0
1703,Mujer,43,Tauro,Programador,18000.0,77000.0
1704,Mujer,40,Acuario,Ingeniero,37000.0,81000.0
1705,Hombre,42,Escorpio,Economista,67000.0,167000.0
1706,Hombre,46,Tauro,Programador,76000.0,115000.0
1707,Mujer,38,Géminis,Estudiante,22000.0,107000.0
1708,Mujer,48,Escorpio,Programador,37000.0,86000.0
1709,Hombre,35,Escorpio,Programador,67000.0,121000.0
1710,Mujer,48,Leo,Ingeniero,25000.0,119000.0
1711,Hombre,41,Acuario,Programador,75000.0,234000.0
1712,Mujer,39,Libra,Profesor,31000.0,55000.0
1713,Hombre,43,Libra,Programador,50000.0,103000.0
1714,Mujer,52,Acuario,Ingeniero,40000.0,91000.0
1715,Mujer,35,Sagitario,Matemático,35000.0,159000.0
1716,Mujer,39,Capricornio,Programador,19000.0,141000.0
1717,Hombre,29,Acuario,Ingeniero,75000.0,118000.0
1718,Mujer,30,Virgo,Ingeniero,17000.0,128000.0
1719,Hombre,42,Sagitario,Profesor,58000.0,149000.0
1720,Hombre,36,Sagitario,Profesor,77000.0,147000.0
1721,Hombre,34,Virgo,Ingeniero,80000.0,101000.0
1722,Mujer,36,Libra,Estudiante,32000.0,67000.0
1723,Mujer,38,Capricornio,Programador,26000.0,58000.0
1724,Hombre,33,Picis,Programador,84000.0,121000.0
1725,Mujer,39,Capricornio,Economista,37000.0,50000.0
1726,Mujer,41,Tauro,Profesor,37000.0,68000.0
1727,Mujer,42,Acuario,Profesor,21000.0,68000.0
1728,Mujer,42,Escorpio,Estudiante,23000.0,76000.0
1729,Hombre,38,Leo,Ingeniero,63000.0,103000.0
1730,Mujer,40,Sagitario,Profesor,49000.0,44000.0
1731,Mujer,36,Cáncer,Ingeniero,30000.0,105000.0
1732,Hombre,36,Virgo,Programador,69000.0,114000.0
1733,Mujer,37,Sagitario,Ingeniero,21000.0,39000.0
1734,Hombre,45,Sagitario,Programador,65000.0,109000.0
1735,Mujer,35,Tauro,Profesor,25000.0,60000.0
1736,Hombre,32,Acuario,Programador,62000.0,136000.0
1737,Hombre,45,Cáncer,Ingeniero,70000.0,218000.0
1738,Hombre,37,Escorpio,Profesor,79000.0,101000.0
1739,Mujer,51,Acuario,Estudiante,22000.0,55000.0
1740,Hombre,36,Géminis,Profesor,72000.0,99000.0
1741,Hombre,38,Cáncer,Ingeniero,104000.0,107000.0
1742,Mujer,31,Géminis,Ingeniero,38000.0,49000.0
1743,Hombre,39,Aries,Profesor,60000.0,115000.0
1744,Hombre,41,Cáncer,Físico,76000.0,93000.0
1745,Hombre,43,Leo,Programador,47000.0,119000.0
1746,Mujer,43,Capricornio,Contador,29000.0,75000.0
1747,Mujer,39,Géminis,Programador,41000.0,73000.0
1748,Mujer,46,Cáncer,Ingeniero,23000.0,46000.0
1749,Mujer,41,Cáncer,Programador,24000.0,58000.0
1750,Hombre,43,Géminis,Contador,69000.0,162000.0
1751,Hombre,40,Tauro,Programador,104000.0,219000.0
1752,Hombre,40,Picis,Programador,74000.0,100000.0
1753,Hombre,39,Picis,Programador,78000.0,129000.0
1754,Mujer,43,Sagitario,Físico,15000.0,67000.0
1755,Mujer,44,Leo,Ingeniero,39000.0,55000.0
1756,Hombre,43,Cáncer,Programador,90000.0,158000.0
1757,Otro,40,Sagitario,Profesor,53000.0,118000.0
1758,Mujer,40,Cáncer,Maestro,31000.0,42000.0
1759,Hombre,38,Cáncer,Programador,81000.0,70000.0
1760,Mujer,42,Acuario,Matemático,36000.0,75000.0
1761,Hombre,32,Leo,Estudiante,85000.0,148000.0
1762,Mujer,32,Picis,Ingeniero,18000.0,60000.0
1763,Hombre,38,Libra,Ingeniero,109000.0,140000.0
1764,Mujer,45,Picis,Programador,28000.0,83000.0
1765,Prefiero no decirlo,44,Aries,Profesor,21000.0,66000.0
1766,Hombre,38,Sagitario,Ingeniero,99000.0,132000.0
1767,Hombre,37,Capricornio,Profesor,76000.0,122000.0
1768,Hombre,39,Virgo,Físico,70000.0,162000.0
1769,Hombre,44,Libra,Físico,77000.0,114000.0
1770,Hombre,47,Sagitario,Ingeniero,77000.0,94000.0
1771,Hombre,42,Libra,Profesor,64000.0,199000.0
1772,Hombre,32,Cáncer,Ingeniero,75000.0,118000.0
1773,Hombre,40,Capricornio,Programador,101000.0,136000.0
1774,Mujer,41,Cáncer,Profesor,30000.0,81000.0
1775,Mujer,40,Acuario,Ingeniero,38000.0,65000.0
1776,Hombre,40,Sagitario,Ingeniero,86000.0,158000.0
1777,Mujer,37,Leo,Ingeniero,27000.0,59000.0
1778,Mujer,34,Escorpio,Ingeniero,31000.0,104000.0
1779,Hombre,49,Acuario,Profesor,82000.0,200000.0
1780,Hombre,33,Géminis,Profesor,71000.0,162000.0
1781,Hombre,47,Picis,Ingeniero,67000.0,91000.0
1782,Prefiero no decirlo,39,Escorpio,Matemático,25000.0,106000.0
1783,Mujer,41,Leo,Profesor,30000.0,51000.0
1784,Hombre,44,Escorpio,Programador,61000.0,86000.0
1785,Mujer,45,Capricornio,Programador,26000.0,76000.0
1786,Hombre,36,Virgo,Estudiante,63000.0,139000.0
1787,Mujer,41,Sagitario,Programador,33000.0,60000.0
1788,Hombre,38,Virgo,Programador,55000.0,143000.0
1789,Mujer,31,Leo,Profesor,27000.0,48000.0
1790,Hombre,34,Escorpio,Ingeniero,77000.0,115000.0
1791,Hombre,38,Escorpio,Matemático,92000.0,133000.0
1792,Mujer,45,Aries,Profesor,21000.0,105000.0
1793,Hombre,35,Libra,Ingeniero,84000.0,129000.0
1794,Hombre,40,Sagitario,Programador,85000.0,152000.0
1795,Hombre,37,Sagitario,Profesor,45000.0,124000.0
1796,Hombre,42,Cáncer,Profesor,60000.0,101000.0
1797,Hombre,39,Escorpio,Matemático,59000.0,139000.0
1798,Hombre,38,Géminis,Ingeniero,105000.0,148000.0
1799,Mujer,42,Escorpio,Programador,40000.0,49000.0
1800,Hombre,38,Leo,Profesor,66000.0,214000.0
1801,Mujer,43,Virgo,Físico,37000.0,145000.0
1802,Prefiero no decirlo,30,Aries,Profesor,36000.0,111000.0
1803,Mujer,31,Géminis,Economista,20000.0,68000.0
1804,Mujer,40,Aries,Físico,29000.0,84000.0
1805,Mujer,33,Tauro,Físico,26000.0,41000.0
1806,Hombre,45,Acuario,Programador,114000.0,115000.0
1807,Mujer,38,Géminis,Profesor,27000.0,72000.0
1808,Hombre,34,Aries,Profesor,75000.0,77000.0
1809,Hombre,35,Libra,Economista,53000.0,131000.0
1810,Hombre,46,Aries,Programador,76000.0,120000.0
1811,Hombre,42,Capricornio,Ingeniero,76000.0,104000.0
1812,Otro,45,Picis,Programador,38000.0,58000.0
1813,Otro,35,Tauro,Programador,28000.0,91000.0
1814,Hombre,38,Capricornio,Físico,64000.0,152000.0
1815,Hombre,37,Acuario,Matemático,75000.0,143000.0
1816,Hombre,30,Aries,Programador,65000.0,127000.0
1817,Mujer,41,Sagitario,Ingeniero,30000.0,112000.0
1818,Hombre,40,Escorpio,Programador,54000.0,169000.0
1819,Prefiero no decirlo,30,Géminis,Programador,29000.0,101000.0
1820,Hombre,35,Cáncer,Ingeniero,83000.0,76000.0
1821,Mujer,40,Leo,Ingeniero,27000.0,65000.0
1822,Mujer,42,Leo,Profesor,31000.0,101000.0
1823,Hombre,38,Sagitario,Maestro,63000.0,193000.0
1824,Hombre,39,Picis,Programador,82000.0,151000.0
1825,Prefiero no decirlo,48,Escorpio,Programador,38000.0,67000.0
1826,Hombre,39,Cáncer,Programador,75000.0,84000.0
1827,Hombre,45,Acuario,Estudiante,74000.0,93000.0
1828,Mujer,35,Géminis,Ingeniero,17000.0,69000.0
1829,Hombre,34,Acuario,Físico,110000.0,117000.0
1830,Mujer,40,Escorpio,Programador,13000.0,94000.0
1831,Hombre,43,Aries,Programador,112000.0,136000.0
1832,Mujer,41,Tauro,Programador,27000.0,90000.0
1833,Hombre,47,Leo,Profesor,63000.0,150000.0
1834,Hombre,47,Géminis,Programador,56000.0,97000.0
1835,Mujer,42,Tauro,Matemático,39000.0,74000.0
1836,Hombre,40,Géminis,Profesor,46000.0,142000.0
1837,Hombre,41,Tauro,Programador,85000.0,117000.0
1838,Hombre,39,Tauro,Profesor,63000.0,192000.0
1839,Mujer,38,Acuario,Programador,21000.0,30000.0
1840,Hombre,41,Cáncer,Estudiante,72000.0,116000.0
1841,Prefiero no decirlo,43,Sagitario,Profesor,29000.0,123000.0
1842,Mujer,38,Tauro,Economista,32000.0,57000.0
1843,Mujer,32,Aries,Programador,19000.0,56000.0
1844,Hombre,32,Escorpio,Programador,63000.0,99000.0
1845,Hombre,41,Acuario,Profesor,68000.0,84000.0
1846,Hombre,38,Capricornio,Contador,66000.0,182000.0
1847,Hombre,40,Capricornio,Programador,63000.0,134000.0
1848,Mujer,35,Picis,Programador,30000.0,63000.0
1849,Hombre,37,Leo,Ingeniero,80000.0,208000.0
1850,Mujer,39,Sagitario,Físico,14000.0,66000.0
1851,Mujer,40,Capricornio,Profesor,25000.0,48000.0
1852,Mujer,42,Escorpio,Ingeniero,29000.0,137000.0
1853,Hombre,52,Leo,Profesor,89000.0,129000.0
1854,Hombre,35,Géminis,Programador,72000.0,200000.0
1855,Mujer,37,Libra,Programador,22000.0,239000.0
1856,Hombre,37,Tauro,Programador,81000.0,132000.0
1857,Hombre,46,Capricornio,Estudiante,70000.0,82000.0
1858,Hombre,40,Géminis,Economista,92000.0,151000.0
1859,Mujer,46,Picis,Programador,21000.0,51000.0
1860,Hombre,39,Acuario,Profesor,73000.0,82000.0
1861,Mujer,43,Virgo,Estudiante,46000.0,63000.0
1862,Hombre,46,Virgo,Profesor,78000.0,96000.0
1863,Hombre,35,Capricornio,Programador,80000.0,124000.0
1864,Mujer,42,Tauro,Físico,33000.0,91000.0
1865,Mujer,34,Virgo,Ingeniero,21000.0,65000.0
1866,Hombre,40,Libra,Ingeniero,70000.0,127000.0
1867,Hombre,39,Escorpio,Programador,62000.0,144000.0
1868,Otro,37,Picis,Programador,39000.0,120000.0
1869,Hombre,41,Géminis,Programador,84000.0,180000.0
1870,Hombre,41,Virgo,Programador,69000.0,153000.0
1871,Hombre,40,Capricornio,Programador,105000.0,152000.0
1872,Mujer,44,Géminis,Programador,33000.0,75000.0
1873,Mujer,49,Cáncer,Programador,22000.0,68000.0
1874,Hombre,35,Virgo,Economista,72000.0,141000.0
1875,Hombre,43,Leo,Profesor,72000.0,158000.0
1876,Mujer,44,Capricornio,Programador,34000.0,62000.0
1877,Mujer,37,Cáncer,Ingeniero,30000.0,59000.0
1878,Hombre,40,Virgo,Programador,67000.0,133000.0
1879,Mujer,35,Capricornio,Profesor,23000.0,53000.0
1880,Hombre,40,Sagitario,Contador,67000.0,132000.0
1881,Mujer,39,Géminis,Matemático,14000.0,64000.0
1882,Mujer,33,Aries,Programador,23000.0,26000.0
1883,Mujer,42,Escorpio,Profesor,28000.0,61000.0
1884,Hombre,49,Leo,Programador,56000.0,160000.0
1885,Mujer,31,Tauro,Ingeniero,22000.0,102000.0
1886,Mujer,35,Tauro,Programador,30000.0,72000.0
1887,Hombre,46,Libra,Contador,81000.0,112000.0
1888,Mujer,33,Géminis,Programador,37000.0,70000.0
1889,Hombre,31,Géminis,Programador,69000.0,115000.0
1890,Hombre,36,Virgo,Maestro,63000.0,158000.0
1891,Hombre,51,Cáncer,Físico,78000.0,95000.0
1892,Otro,37,Escorpio,Ingeniero,33000.0,99000.0
1893,Hombre,31,Virgo,Físico,48000.0,206000.0
1894,Mujer,38,Tauro,Ingeniero,22000.0,58000.0
1895,Hombre,36,Libra,Programador,89000.0,149000.0
1896,Hombre,43,Aries,Estudiante,86000.0,101000.0
1897,Hombre,40,Libra,Ingeniero,81000.0,185000.0
1898,Mujer,31,Picis,Programador,23000.0,101000.0
1899,Hombre,39,Sagitario,Profesor,78000.0,131000.0
1900,Hombre,32,Sagitario,Programador,69000.0,135000.0
1901,Hombre,38,Libra,Ingeniero,91000.0,171000.0
1902,Hombre,46,Virgo,Profesor,76000.0,120000.0
1903,Hombre,38,Acuario,Programador,101000.0,139000.0
1904,Hombre,31,Acuario,Ingeniero,89000.0,134000.0
1905,Hombre,44,Escorpio,Ingeniero,81000.0,160000.0
1906,Hombre,31,Escorpio,Ingeniero,68000.0,119000.0
1907,Hombre,43,Aries,Programador,58000.0,216000.0
1908,Hombre,40,Leo,Programador,70000.0,121000.0
1909,Hombre,35,Capricornio,Ingeniero,99000.0,147000.0
1910,Mujer,44,Virgo,Profesor,36000.0,111000.0
1911,Hombre,47,Sagitario,Programador,74000.0,148000.0
1912,Mujer,36,Leo,Programador,37000.0,79000.0
1913,Mujer,39,Sagitario,Programador,23000.0,64000.0
1914,Hombre,38,Escorpio,Profesor,64000.0,169000.0
1915,Mujer,49,Picis,Economista,36000.0,34000.0
1916,Hombre,44,Picis,Profesor,74000.0,155000.0
1917,Hombre,29,Leo,Ingeniero,69000.0,94000.0
1918,Mujer,34,Leo,Profesor,40000.0,23000.0
1919,Mujer,36,Géminis,Matemático,27000.0,59000.0
1920,Mujer,33,Libra,Programador,29000.0,53000.0
1921,Hombre,35,Escorpio,Físico,93000.0,157000.0
1922,Mujer,43,Géminis,Programador,23000.0,119000.0
1923,Mujer,43,Sagitario,Físico,30000.0,64000.0
1924,Hombre,35,Leo,Programador,79000.0,134000.0
1925,Hombre,39,Aries,Programador,84000.0,123000.0
1926,Mujer,32,Acuario,Programador,42000.0,52000.0
1927,Hombre,45,Picis,Estudiante,87000.0,118000.0
1928,Prefiero no decirlo,42,Acuario,Profesor,28000.0,77000.0
1929,Hombre,37,Sagitario,Profesor,91000.0,117000.0
1930,Mujer,35,Sagitario,Programador,10000.0,103000.0
1931,Mujer,35,Leo,Programador,24000.0,65000.0
1932,Hombre,44,Capricornio,Estudiante,85000.0,119000.0
1933,Hombre,44,Sagitario,Profesor,68000.0,109000.0
1934,Mujer,41,Picis,Profesor,32000.0,139000.0
1935,Hombre,38,Cáncer,Programador,59000.0,154000.0
1936,Mujer,41,Virgo,Programador,17000.0,113000.0
1937,Hombre,37,Cáncer,Programador,70000.0,172000.0
1938,Hombre,32,Sagitario,Contador,74000.0,136000.0
1939,Mujer,47,Géminis,Programador,30000.0,48000.0
1940,Hombre,46,Géminis,Programador,78000.0,240000.0
1941,Hombre,46,Aries,Matemático,70000.0,201000.0
1942,Mujer,33,Libra,Matemático,22000.0,65000.0
1943,Hombre,42,Capricornio,Ingeniero,93000.0,99000.0
1944,Hombre,43,Aries,Maestro,92000.0,216000.0
1945,Mujer,38,Tauro,Programador,28000.0,83000.0
1946,Mujer,37,Cáncer,Contador,15000.0,72000.0
1947,Mujer,44,Sagitario,Profesor,10000.0,63000.0
1948,Hombre,35,Picis,Programador,68000.0,125000.0
1949,Hombre,43,Aries,Programador,103000.0,117000.0
1950,Hombre,39,Géminis,Economista,74000.0,160000.0
1951,Hombre,32,Picis,Programador,67000.0,150000.0
1952,Hombre,31,Picis,Ingeniero,92000.0,81000.0
1953,Hombre,34,Libra,Estudiante,81000.0,85000.0
1954,Mujer,43,Picis,Físico,30000.0,79000.0
1955,Hombre,39,Escorpio,Ingeniero,63000.0,105000.0
1956,Hombre,38,Libra,Profesor,94000.0,163000.0
1957,Prefiero no decirlo,41,Picis,Programador,31000.0,80000.0
1958,Mujer,29,Leo,Programador,38000.0,32000.0
1959,Mujer,47,Sagitario,Programador,16000.0,125000.0
1960,Mujer,40,Tauro,Matemático,20000.0,81000.0
1961,Otro,36,Tauro,Profesor,36000.0,94000.0
1962,Hombre,43,Tauro,Programador,74000.0,82000.0
1963,Mujer,43,Virgo,Ingeniero,23000.0,114000.0
1964,Hombre,35,Aries,Estudiante,104000.0,110000.0
1965,Hombre,43,Libra,Programador,70000.0,92000.0
1966,Mujer,38,Capricornio,Profesor,22000.0,70000.0
1967,Mujer,33,Géminis,Programador,28000.0,89000.0
1968,Otro,40,Aries,Físico,31000.0,60000.0
1969,Mujer,35,Picis,Ingeniero,49000.0,82000.0
1970,Hombre,32,Acuario,Físico,110000.0,154000.0
1971,Mujer,36,Libra,Programador,35000.0,81000.0
1972,Hombre,39,Acuario,Programador,67000.0,146000.0
1973,Mujer,41,Cáncer,Economista,23000.0,71000.0
1974,Mujer,41,Virgo,Matemático,15000.0,52000.0
1975,Hombre,40,Acuario,Programador,84000.0,206000.0
1976,Mujer,45,Tauro,Profesor,22000.0,52000.0
1977,Hombre,45,Escorpio,Estudiante,65000.0,147000.0
1978,Hombre,43,Virgo,Programador,72000.0,164000.0
1979,Mujer,45,Tauro,Ingeniero,28000.0,28000.0
1980,Hombre,32,Virgo,Estudiante,75000.0,83000.0
1981,Hombre,37,Tauro,Matemático,85000.0,98000.0
1982,Mujer,40,Virgo,Economista,33000.0,58000.0
1983,Hombre,41,Sagitario,Estudiante,102000.0,109000.0
1984,Hombre,41,Cáncer,Ingeniero,97000.0,138000.0
1985,Mujer,32,Tauro,Programador,25000.0,96000.0
1986,Hombre,42,Libra,Ingeniero,92000.0,138000.0
1987,Hombre,34,Escorpio,Estudiante,87000.0,129000.0
1988,Hombre,46,Tauro,Físico,74000.0,108000.0
1989,Hombre,43,Virgo,Físico,70000.0,162000.0
1990,Mujer,46,Virgo,Programador,29000.0,49000.0
1991,Hombre,40,Cáncer,Ingeniero,88000.0,137000.0
1992,Mujer,40,Capricornio,Programador,26000.0,33000.0
1993,Hombre,48,Capricornio,Programador,92000.0,176000.0
1994,Hombre,41,Tauro,Programador,75000.0,103000.0
1995,Hombre,35,Acuario,Matemático,93000.0,185000.0
1996,Hombre,33,Acuario,Profesor,110000.0,126000.0
1997,Hombre,47,Tauro,Programador,70000.0,142000.0
1998,Hombre,43,Acuario,Contador,56000.0,99000.0
1999,Hombre,26,Cáncer,Ingeniero,81000.0,141000.0
2000,Hombre,51,Virgo,Economista,74000.0,147000.0
2001,Hombre,37,Virgo,Físico,72000.0,112000.0
2002,Hombre,48,Tauro,Programador,77000.0,179000.0
2003,Mujer,49,Cáncer,Programador,19000.0,71000.0
2004,Hombre,38,Escorpio,Contador,107000.0,219000.0
2005,Mujer,38,Sagitario,Profesor,19000.0,158000.0
2006,Hombre,40,Libra,Programador,65000.0,91000.0
2007,Mujer,32,Tauro,Programador,32000.0,96000.0
2008,Mujer,32,Leo,Profesor,49000.0,122000.0
2009,Hombre,35,Escorpio,Programador,50000.0,131000.0
2010,Hombre,41,Sagitario,Ingeniero,65000.0,134000.0
2011,Mujer,46,Sagitario,Profesor,25000.0,124000.0
2012,Mujer,48,Cáncer,Ingeniero,24000.0,90000.0
2013,Mujer,48,Cáncer,Programador,36000.0,57000.0
2014,Mujer,37,Escorpio,Maestro,42000.0,76000.0
2015,Mujer,33,Picis,Maestro,15000.0,125000.0
2016,Hombre,32,Cáncer,Ingeniero,76000.0,127000.0
2017,Hombre,45,Virgo,Economista,67000.0,116000.0
2018,Hombre,44,Virgo,Programador,67000.0,219000.0
2019,Hombre,31,Aries,Ingeniero,80000.0,121000.0
2020,Mujer,43,Sagitario,Programador,30000.0,91000.0
2021,Mujer,38,Cáncer,Ingeniero,38000.0,57000.0
2022,Mujer,42,Géminis,Programador,33000.0,101000.0
2023,Hombre,34,Aries,Ingeniero,61000.0,153000.0
2024,Hombre,31,Sagitario,Físico,62000.0,163000.0
2025,Hombre,39,Cáncer,Profesor,73000.0,91000.0
2026,Mujer,46,Virgo,Profesor,19000.0,58000.0
2027,Mujer,48,Tauro,Profesor,21000.0,79000.0
2028,Hombre,42,Tauro,Ingeniero,86000.0,184000.0
2029,Hombre,37,Leo,Programador,57000.0,148000.0
2030,Hombre,38,Picis,Ingeniero,106000.0,178000.0
2031,Prefiero no decirlo,42,Tauro,Profesor,27000.0,99000.0
2032,Mujer,38,Tauro,Programador,24000.0,183000.0
2033,Mujer,36,Libra,Profesor,35000.0,57000.0
2034,Hombre,39,Libra,Programador,80000.0,178000.0
2035,Hombre,45,Virgo,Matemático,72000.0,105000.0
2036,Hombre,42,Escorpio,Maestro,75000.0,174000.0
2037,Hombre,47,Acuario,Contador,89000.0,113000.0
2038,Prefiero no decirlo,40,Picis,Economista,20000.0,61000.0
2039,Hombre,42,Tauro,Programador,73000.0,156000.0
2040,Hombre,37,Leo,Contador,52000.0,96000.0
2041,Mujer,46,Escorpio,Matemático,29000.0,66000.0
2042,Hombre,31,Virgo,Programador,67000.0,93000.0
2043,Hombre,38,Cáncer,Contador,127000.0,143000.0
2044,Mujer,41,Sagitario,Programador,28000.0,48000.0
2045,Hombre,31,Sagitario,Profesor,86000.0,216000.0
2046,Hombre,39,Acuario,Programador,97000.0,104000.0
2047,Mujer,40,Escorpio,Estudiante,22000.0,148000.0
2048,Hombre,52,Picis,Matemático,88000.0,121000.0
2049,Mujer,44,Acuario,Programador,28000.0,60000.0
2050,Prefiero no decirlo,35,Géminis,Economista,24000.0,96000.0
2051,Mujer,54,Capricornio,Maestro,24000.0,98000.0
2052,Hombre,31,Leo,Estudiante,50000.0,103000.0
2053,Mujer,42,Sagitario,Profesor,20000.0,69000.0
2054,Hombre,52,Picis,Programador,118000.0,152000.0
2055,Mujer,40,Capricornio,Profesor,31000.0,41000.0
2056,Mujer,33,Géminis,Ingeniero,33000.0,68000.0
2057,Hombre,42,Aries,Programador,53000.0,144000.0
2058,Hombre,43,Escorpio,Economista,58000.0,165000.0
2059,Mujer,38,Capricornio,Ingeniero,26000.0,65000.0
2060,Hombre,45,Géminis,Profesor,70000.0,117000.0
2061,Hombre,44,Leo,Contador,61000.0,130000.0
2062,Hombre,40,Capricornio,Físico,91000.0,155000.0
2063,Hombre,44,Libra,Programador,61000.0,131000.0
2064,Hombre,44,Cáncer,Programador,61000.0,145000.0
2065,Hombre,42,Leo,Programador,66000.0,99000.0
2066,Hombre,36,Picis,Programador,58000.0,164000.0
2067,Mujer,34,Libra,Estudiante,27000.0,66000.0
2068,Hombre,37,Acuario,Economista,64000.0,186000.0
2069,Hombre,45,Tauro,Programador,85000.0,133000.0
2070,Hombre,45,Leo,Programador,45000.0,139000.0
2071,Hombre,42,Sagitario,Profesor,97000.0,114000.0
2072,Hombre,42,Aries,Físico,99000.0,125000.0
2073,Mujer,46,Capricornio,Profesor,20000.0,102000.0
2074,Mujer,38,Libra,Profesor,21000.0,92000.0
2075,Mujer,42,Géminis,Ingeniero,31000.0,78000.0
2076,Hombre,47,Virgo,Programador,52000.0,123000.0
2077,Hombre,38,Acuario,Ingeniero,50000.0,151000.0
2078,Hombre,43,Aries,Programador,71000.0,175000.0
2079,Hombre,45,Géminis,Profesor,60000.0,137000.0
2080,Hombre,41,Cáncer,Programador,69000.0,206000.0
2081,Mujer,34,Tauro,Contador,21000.0,69000.0
2082,Hombre,37,Tauro,Profesor,75000.0,131000.0
2083,Hombre,40,Leo,Matemático,64000.0,101000.0
2084,Hombre,41,Escorpio,Economista,75000.0,118000.0
2085,Hombre,43,Tauro,Programador,98000.0,118000.0
2086,Prefiero no decirlo,40,Escorpio,Programador,30000.0,122000.0
2087,Mujer,37,Picis,Físico,36000.0,53000.0
2088,Hombre,52,Acuario,Matemático,75000.0,127000.0
2089,Hombre,45,Libra,Programador,68000.0,120000.0
2090,Hombre,43,Aries,Maestro,70000.0,163000.0
2091,Mujer,43,Acuario,Profesor,40000.0,52000.0
2092,Mujer,37,Picis,Programador,26000.0,68000.0
2093,Hombre,30,Libra,Programador,80000.0,75000.0
2094,Mujer,38,Géminis,Programador,50000.0,63000.0
2095,Mujer,40,Géminis,Economista,24000.0,91000.0
2096,Hombre,39,Libra,Economista,89000.0,113000.0
2097,Mujer,45,Géminis,Físico,35000.0,112000.0
2098,Hombre,32,Aries,Profesor,84000.0,214000.0
2099,Hombre,42,Virgo,Programador,117000.0,105000.0
2100,Mujer,36,Leo,Programador,28000.0,70000.0
2101,Hombre,46,Tauro,Profesor,65000.0,121000.0
2102,Hombre,40,Picis,Profesor,63000.0,99000.0
2103,Hombre,49,Acuario,Ingeniero,69000.0,116000.0
2104,Prefiero no decirlo,40,Leo,Maestro,37000.0,108000.0
2105,Hombre,46,Géminis,Programador,67000.0,217000.0
2106,Hombre,37,Capricornio,Programador,74000.0,107000.0
2107,Prefiero no decirlo,44,Virgo,Programador,24000.0,100000.0
2108,Hombre,46,Aries,Profesor,101000.0,94000.0
2109,Hombre,35,Capricornio,Programador,41000.0,168000.0
2110,Mujer,36,Picis,Profesor,36000.0,60000.0
2111,Mujer,41,Libra,Ingeniero,26000.0,64000.0
2112,Mujer,36,Acuario,Profesor,18000.0,74000.0
2113,Mujer,38,Capricornio,Estudiante,28000.0,76000.0
2114,Hombre,36,Escorpio,Programador,71000.0,116000.0
2115,Hombre,33,Géminis,Economista,74000.0,126000.0
2116,Hombre,39,Géminis,Contador,89000.0,107000.0
2117,Hombre,40,Sagitario,Profesor,91000.0,154000.0
2118,Mujer,36,Capricornio,Profesor,20000.0,78000.0
2119,Mujer,39,Aries,Ingeniero,45000.0,61000.0
2120,Hombre,32,Picis,Programador,64000.0,132000.0
2121,Hombre,35,Virgo,Ingeniero,62000.0,109000.0
2122,Mujer,35,Virgo,Contador,40000.0,122000.0
2123,Hombre,38,Capricornio,Ingeniero,55000.0,184000.0
2124,Hombre,36,Tauro,Ingeniero,98000.0,125000.0
2125,Hombre,41,Géminis,Profesor,72000.0,208000.0
2126,Mujer,34,Sagitario,Programador,24000.0,87000.0
2127,Prefiero no decirlo,43,Aries,Programador,25000.0,59000.0
2128,Hombre,37,Virgo,Profesor,68000.0,182000.0
2129,Hombre,49,Capricornio,Programador,84000.0,116000.0
2130,Mujer,39,Picis,Físico,33000.0,42000.0
2131,Hombre,42,Leo,Ingeniero,80000.0,97000.0
2132,Hombre,40,Cáncer,Programador,74000.0,156000.0
2133,Hombre,37,Aries,Economista,57000.0,104000.0
2134,Mujer,35,Sagitario,Ingeniero,23000.0,71000.0
2135,Mujer,36,Escorpio,Programador,17000.0,27000.0
2136,Hombre,43,Sagitario,Programador,56000.0,102000.0
2137,Mujer,40,Acuario,Profesor,32000.0,66000.0
2138,Mujer,39,Libra,Ingeniero,28000.0,156000.0
2139,Mujer,38,Leo,Profesor,31000.0,61000.0
2140,Hombre,38,Tauro,Profesor,79000.0,121000.0
2141,Hombre,35,Capricornio,Profesor,87000.0,118000.0
2142,Mujer,42,Capricornio,Programador,30000.0,115000.0
2143,Hombre,50,Virgo,Profesor,56000.0,193000.0
2144,Hombre,44,Acuario,Ingeniero,94000.0,163000.0
2145,Hombre,30,Virgo,Ingeniero,48000.0,135000.0
2146,Hombre,40,Géminis,Ingeniero,52000.0,157000.0
2147,Mujer,42,Leo,Matemático,24000.0,44000.0
2148,Hombre,39,Tauro,Programador,72000.0,119000.0
2149,Hombre,46,Capricornio,Programador,81000.0,148000.0
2150,Hombre,38,Escorpio,Programador,83000.0,157000.0
2151,Prefiero no decirlo,35,Tauro,Estudiante,34000.0,65000.0
2152,Hombre,48,Leo,Matemático,70000.0,99000.0
2153,Hombre,40,Sagitario,Profesor,68000.0,106000.0
2154,Mujer,39,Aries,Profesor,31000.0,52000.0
2155,Mujer,34,Cáncer,Programador,27000.0,51000.0
2156,Hombre,44,Capricornio,Ingeniero,66000.0,138000.0
2157,Mujer,47,Acuario,Estudiante,23000.0,106000.0
2158,Mujer,38,Libra,Matemático,54000.0,67000.0
2159,Mujer,36,Leo,Ingeniero,34000.0,54000.0
2160,Mujer,38,Acuario,Matemático,18000.0,24000.0
2161,Hombre,33,Capricornio,Ingeniero,68000.0,98000.0
2162,Hombre,46,Capricornio,Profesor,53000.0,162000.0
2163,Hombre,40,Libra,Programador,67000.0,122000.0
2164,Hombre,39,Tauro,Programador,65000.0,157000.0
2165,Hombre,47,Tauro,Profesor,54000.0,128000.0
2166,Hombre,36,Cáncer,Ingeniero,73000.0,161000.0
2167,Hombre,37,Picis,Estudiante,50000.0,109000.0
2168,Hombre,39,Picis,Programador,98000.0,136000.0
2169,Hombre,45,Cáncer,Contador,73000.0,109000.0
2170,Mujer,47,Leo,Programador,23000.0,104000.0
2171,Hombre,44,Capricornio,Programador,92000.0,227000.0
2172,Hombre,43,Aries,Ingeniero,76000.0,113000.0
2173,Prefiero no decirlo,42,Tauro,Físico,32000.0,95000.0
2174,Mujer,25,Leo,Programador,32000.0,50000.0
2175,Hombre,38,Cáncer,Contador,71000.0,131000.0
2176,Hombre,36,Sagitario,Economista,105000.0,139000.0
2177,Mujer,46,Capricornio,Programador,18000.0,74000.0
2178,Prefiero no decirlo,37,Sagitario,Profesor,23000.0,76000.0
2179,Hombre,50,Picis,Contador,89000.0,158000.0
2180,Hombre,38,Aries,Programador,65000.0,118000.0
2181,Mujer,35,Leo,Programador,30000.0,87000.0
2182,Hombre,47,Aries,Ingeniero,81000.0,99000.0
2183,Mujer,40,Virgo,Programador,27000.0,113000.0
2184,Hombre,41,Acuario,Programador,74000.0,151000.0
2185,Hombre,45,Escorpio,Programador,60000.0,165000.0
2186,Hombre,38,Acuario,Matemático,113000.0,227000.0
2187,Mujer,36,Tauro,Programador,36000.0,54000.0
2188,Hombre,44,Cáncer,Ingeniero,73000.0,95000.0
2189,Hombre,38,Tauro,Programador,89000.0,127000.0
2190,Otro,37,Capricornio,Ingeniero,35000.0,105000.0
2191,Hombre,36,Sagitario,Estudiante,80000.0,105000.0
2192,Prefiero no decirlo,39,Aries,Físico,28000.0,142000.0
2193,Otro,36,Acuario,Programador,23000.0,80000.0
2194,Hombre,44,Leo,Profesor,60000.0,209000.0
2195,Hombre,39,Leo,Contador,52000.0,217000.0
2196,Hombre,41,Capricornio,Ingeniero,49000.0,148000.0
2197,Hombre,33,Cáncer,Profesor,89000.0,106000.0
2198,Mujer,44,Capricornio,Programador,29000.0,74000.0
2199,Mujer,43,Escorpio,Programador,32000.0,53000.0
2200,Mujer,43,Cáncer,Programador,26000.0,122000.0
2201,Hombre,47,Aries,Ingeniero,63000.0,96000.0
2202,Mujer,41,Aries,Programador,38000.0,63000.0
2203,Hombre,43,Aries,Ingeniero,66000.0,133000.0
2204,Hombre,41,Escorpio,Ingeniero,125000.0,80000.0
2205,Hombre,37,Sagitario,Programador,68000.0,159000.0
2206,Hombre,39,Libra,Ingeniero,65000.0,179000.0
2207,Hombre,39,Tauro,Profesor,79000.0,182000.0
2208,Hombre,45,Escorpio,Economista,70000.0,105000.0
2209,Hombre,35,Aries,Programador,63000.0,152000.0
2210,Hombre,31,Capricornio,Ingeniero,86000.0,116000.0
2211,Mujer,44,Aries,Estudiante,27000.0,84000.0
2212,Otro,44,Aries,Profesor,23000.0,52000.0
2213,Hombre,37,Picis,Ingeniero,61000.0,107000.0
2214,Hombre,32,Picis,Ingeniero,65000.0,148000.0
2215,Mujer,34,Libra,Ingeniero,17000.0,118000.0
2216,Hombre,44,Escorpio,Profesor,97000.0,134000.0
2217,Mujer,40,Cáncer,Ingeniero,30000.0,46000.0
2218,Mujer,46,Aries,Programador,26000.0,52000.0
2219,Hombre,36,Leo,Ingeniero,59000.0,117000.0
2220,Hombre,38,Capricornio,Físico,75000.0,165000.0
2221,Hombre,37,Acuario,Programador,83000.0,172000.0
2222,Mujer,41,Capricornio,Programador,22000.0,85000.0
2223,Otro,45,Acuario,Economista,28000.0,100000.0
2224,Otro,43,Sagitario,Programador,18000.0,81000.0
2225,Mujer,48,Escorpio,Programador,25000.0,102000.0
2226,Mujer,39,Picis,Economista,33000.0,70000.0
2227,Hombre,46,Escorpio,Programador,51000.0,288000.0
2228,Otro,40,Géminis,Programador,27000.0,76000.0
2229,Hombre,30,Leo,Profesor,71000.0,90000.0
2230,Hombre,49,Géminis,Programador,69000.0,98000.0
2231,Mujer,38,Libra,Programador,23000.0,51000.0
2232,Mujer,39,Aries,Programador,38000.0,65000.0
2233,Hombre,42,Capricornio,Ingeniero,53000.0,166000.0
2234,Hombre,30,Cáncer,Programador,85000.0,126000.0
2235,Mujer,44,Acuario,Profesor,29000.0,85000.0
2236,Mujer,44,Picis,Programador,31000.0,85000.0
2237,Mujer,40,Aries,Físico,35000.0,68000.0
2238,Mujer,42,Libra,Profesor,18000.0,72000.0
2239,Hombre,39,Aries,Físico,77000.0,231000.0
2240,Hombre,43,Géminis,Profesor,95000.0,173000.0
2241,Hombre,44,Capricornio,Economista,69000.0,166000.0
2242,Mujer,40,Libra,Estudiante,16000.0,54000.0
2243,Mujer,46,Leo,Programador,28000.0,57000.0
2244,Mujer,35,Libra,Contador,26000.0,62000.0
2245,Hombre,35,Capricornio,Estudiante,74000.0,98000.0
2246,Hombre,27,Aries,Ingeniero,99000.0,148000.0
2247,Prefiero no decirlo,43,Aries,Ingeniero,33000.0,106000.0
2248,Hombre,39,Acuario,Profesor,83000.0,111000.0
2249,Hombre,35,Sagitario,Profesor,116000.0,131000.0
2250,Prefiero no decirlo,43,Virgo,Programador,27000.0,91000.0
2251,Hombre,38,Aries,Estudiante,57000.0,142000.0
2252,Hombre,41,Capricornio,Programador,80000.0,77000.0
2253,Mujer,44,Libra,Contador,36000.0,58000.0
2254,Mujer,43,Aries,Profesor,24000.0,156000.0
2255,Hombre,48,Libra,Economista,98000.0,153000.0
2256,Mujer,43,Picis,Ingeniero,24000.0,96000.0
2257,Hombre,36,Acuario,Ingeniero,70000.0,160000.0
2258,Hombre,35,Picis,Ingeniero,77000.0,175000.0
2259,Hombre,33,Escorpio,Ingeniero,80000.0,115000.0
2260,Hombre,37,Libra,Estudiante,83000.0,224000.0
2261,Hombre,45,Acuario,Profesor,62000.0,126000.0
2262,Hombre,32,Acuario,Ingeniero,72000.0,127000.0
2263,Hombre,37,Leo,Ingeniero,85000.0,144000.0
2264,Mujer,43,Escorpio,Contador,51000.0,111000.0
2265,Hombre,44,Sagitario,Ingeniero,108000.0,99000.0
2266,Hombre,40,Virgo,Ingeniero,52000.0,140000.0
2267,Otro,42,Escorpio,Programador,23000.0,85000.0
2268,Mujer,50,Géminis,Contador,24000.0,57000.0
2269,Mujer,44,Cáncer,Físico,39000.0,65000.0
2270,Mujer,36,Picis,Economista,20000.0,77000.0
2271,Hombre,33,Virgo,Programador,61000.0,83000.0
2272,Hombre,41,Aries,Programador,58000.0,123000.0
2273,Mujer,43,Picis,Contador,33000.0,63000.0
2274,Mujer,37,Cáncer,Programador,29000.0,75000.0
2275,Hombre,43,Virgo,Programador,91000.0,162000.0
2276,Hombre,39,Libra,Ingeniero,53000.0,221000.0
2277,Hombre,31,Libra,Ingeniero,70000.0,145000.0
2278,Hombre,42,Leo,Profesor,81000.0,194000.0
2279,Hombre,34,Leo,Maestro,63000.0,133000.0
2280,Hombre,43,Picis,Economista,72000.0,144000.0
2281,Hombre,44,Acuario,Profesor,62000.0,95000.0
2282,Hombre,42,Cáncer,Ingeniero,72000.0,111000.0
2283,Hombre,48,Libra,Profesor,82000.0,133000.0
2284,Mujer,42,Géminis,Profesor,28000.0,98000.0
2285,Hombre,41,Aries,Ingeniero,67000.0,110000.0
2286,Hombre,42,Cáncer,Programador,84000.0,113000.0
2287,Hombre,40,Capricornio,Profesor,88000.0,148000.0
2288,Mujer,49,Géminis,Físico,25000.0,146000.0
2289,Hombre,43,Leo,Contador,112000.0,141000.0
2290,Hombre,53,Capricornio,Ingeniero,68000.0,103000.0
2291,Mujer,33,Escorpio,Estudiante,27000.0,69000.0
2292,Mujer,40,Cáncer,Profesor,17000.0,36000.0
2293,Hombre,36,Aries,Ingeniero,68000.0,127000.0
2294,Hombre,43,Escorpio,Profesor,63000.0,178000.0
2295,Prefiero no decirlo,39,Sagitario,Ingeniero,21000.0,122000.0
2296,Hombre,41,Picis,Programador,58000.0,105000.0
2297,Mujer,38,Tauro,Programador,26000.0,73000.0
2298,Hombre,41,Tauro,Ingeniero,58000.0,205000.0
2299,Hombre,37,Acuario,Programador,80000.0,196000.0
2300,Hombre,41,Géminis,Ingeniero,78000.0,133000.0
2301,Hombre,42,Picis,Físico,51000.0,183000.0
2302,Hombre,40,Sagitario,Economista,67000.0,172000.0
2303,Hombre,42,Tauro,Ingeniero,65000.0,177000.0
2304,Mujer,43,Escorpio,Programador,37000.0,103000.0
2305,Hombre,37,Capricornio,Ingeniero,72000.0,120000.0
2306,Hombre,43,Leo,Programador,75000.0,129000.0
2307,Hombre,42,Sagitario,Programador,72000.0,157000.0
2308,Hombre,46,Aries,Ingeniero,71000.0,131000.0
2309,Hombre,40,Capricornio,Ingeniero,88000.0,179000.0
2310,Hombre,43,Escorpio,Maestro,62000.0,131000.0
2311,Hombre,36,Tauro,Programador,71000.0,167000.0
2312,Hombre,33,Tauro,Economista,78000.0,144000.0
2313,Mujer,40,Picis,Programador,31000.0,43000.0
2314,Prefiero no decirlo,40,Aries,Programador,28000.0,111000.0
2315,Mujer,36,Leo,Programador,23000.0,99000.0
2316,Hombre,30,Acuario,Programador,59000.0,131000.0
2317,Hombre,52,Escorpio,Programador,73000.0,163000.0
2318,Hombre,43,Géminis,Matemático,48000.0,148000.0
2319,Mujer,41,Cáncer,Ingeniero,29000.0,52000.0
2320,Hombre,47,Libra,Ingeniero,84000.0,179000.0
2321,Mujer,32,Virgo,Contador,22000.0,58000.0
2322,Prefiero no decirlo,41,Picis,Ingeniero,24000.0,92000.0
2323,Hombre,39,Sagitario,Ingeniero,81000.0,155000.0
2324,Hombre,45,Cáncer,Programador,74000.0,123000.0
2325,Hombre,37,Leo,Programador,60000.0,130000.0
2326,Mujer,31,Virgo,Profesor,26000.0,108000.0
2327,Hombre,44,Virgo,Profesor,52000.0,154000.0
2328,Hombre,31,Libra,Programador,63000.0,103000.0
2329,Mujer,34,Virgo,Matemático,27000.0,51000.0
2330,Hombre,43,Géminis,Programador,67000.0,122000.0
2331,Mujer,45,Picis,Economista,24000.0,79000.0
2332,Mujer,41,Tauro,Programador,27000.0,48000.0
2333,Mujer,38,Escorpio,Programador,18000.0,73000.0
2334,Prefiero no decirlo,30,Libra,Programador,29000.0,71000.0
2335,Hombre,37,Virgo,Ingeniero,77000.0,132000.0
2336,Hombre,35,Tauro,Economista,68000.0,141000.0
2337,Mujer,38,Capricornio,Profesor,25000.0,81000.0
2338,Hombre,35,Acuario,Ingeniero,50000.0,92000.0
2339,Hombre,37,Virgo,Programador,113000.0,138000.0
2340,Mujer,48,Picis,Programador,29000.0,79000.0
2341,Mujer,27,Leo,Profesor,37000.0,56000.0
2342,Hombre,28,Libra,Matemático,69000.0,74000.0
2343,Hombre,42,Géminis,Programador,67000.0,118000.0
2344,Hombre,38,Géminis,Contador,65000.0,104000.0
2345,Hombre,34,Tauro,Físico,51000.0,92000.0
2346,Mujer,33,Acuario,Ingeniero,23000.0,104000.0
2347,Mujer,40,Picis,Matemático,23000.0,70000.0
2348,Hombre,41,Picis,Ingeniero,77000.0,178000.0
2349,Mujer,43,Leo,Profesor,22000.0,98000.0
2350,Mujer,46,Tauro,Profesor,27000.0,162000.0
2351,Mujer,37,Aries,Ingeniero,23000.0,68000.0
2352,Hombre,40,Picis,Estudiante,64000.0,188000.0
2353,Mujer,39,Tauro,Programador,19000.0,65000.0
2354,Hombre,39,Escorpio,Ingeniero,69000.0,146000.0
2355,Mujer,38,Capricornio,Programador,18000.0,37000.0
2356,Hombre,33,Picis,Programador,62000.0,160000.0
2357,Prefiero no decirlo,41,Virgo,Programador,28000.0,74000.0
2358,Hombre,41,Picis,Programador,69000.0,171000.0
2359,Mujer,40,Picis,Ingeniero,19000.0,124000.0
2360,Mujer,44,Leo,Maestro,32000.0,66000.0
2361,Hombre,43,Aries,Programador,88000.0,138000.0
2362,Mujer,31,Escorpio,Profesor,23000.0,47000.0
2363,Hombre,35,Leo,Programador,76000.0,212000.0
2364,Hombre,45,Tauro,Profesor,67000.0,141000.0
2365,Hombre,37,Sagitario,Programador,78000.0,193000.0
2366,Prefiero no decirlo,41,Virgo,Ingeniero,35000.0,88000.0
2367,Mujer,38,Sagitario,Programador,26000.0,71000.0
2368,Hombre,46,Virgo,Contador,74000.0,91000.0
2369,Mujer,40,Sagitario,Ingeniero,40000.0,70000.0
2370,Hombre,40,Libra,Profesor,69000.0,160000.0
2371,Mujer,32,Géminis,Profesor,45000.0,93000.0
2372,Hombre,31,Aries,Programador,60000.0,99000.0
2373,Hombre,38,Sagitario,Ingeniero,94000.0,161000.0
2374,Mujer,44,Aries,Programador,30000.0,72000.0
2375,Hombre,36,Virgo,Economista,47000.0,149000.0
2376,Hombre,47,Géminis,Economista,69000.0,253000.0
2377,Hombre,37,Picis,Profesor,58000.0,100000.0
2378,Hombre,42,Tauro,Maestro,83000.0,169000.0
2379,Hombre,37,Aries,Ingeniero,80000.0,117000.0
2380,Mujer,42,Géminis,Estudiante,34000.0,98000.0
2381,Hombre,46,Leo,Profesor,55000.0,140000.0
2382,Mujer,44,Acuario,Matemático,68000.0,102000.0
2383,Mujer,48,Acuario,Maestro,41000.0,77000.0
2384,Mujer,36,Escorpio,Estudiante,24000.0,106000.0
2385,Hombre,34,Tauro,Programador,65000.0,280000.0
2386,Hombre,33,Sagitario,Programador,56000.0,137000.0
2387,Hombre,38,Acuario,Maestro,59000.0,208000.0
2388,Mujer,33,Picis,Programador,33000.0,84000.0
2389,Hombre,35,Acuario,Profesor,65000.0,126000.0
2390,Hombre,36,Aries,Contador,74000.0,66000.0
2391,Hombre,56,Sagitario,Profesor,93000.0,101000.0
2392,Hombre,41,Picis,Programador,56000.0,129000.0
2393,Mujer,39,Acuario,Ingeniero,33000.0,40000.0
2394,Hombre,36,Capricornio,Ingeniero,73000.0,101000.0
2395,Mujer,34,Aries,Ingeniero,28000.0,64000.0
2396,Mujer,40,Libra,Profesor,25000.0,75000.0
2397,Hombre,34,Picis,Economista,97000.0,135000.0
2398,Hombre,32,Virgo,Programador,86000.0,179000.0
2399,Hombre,31,Acuario,Matemático,53000.0,106000.0
2400,Hombre,48,Leo,Profesor,71000.0,148000.0
2401,Hombre,36,Aries,Programador,74000.0,130000.0
2402,Mujer,31,Sagitario,Economista,25000.0,94000.0
2403,Hombre,38,Virgo,Contador,59000.0,151000.0
2404,Hombre,43,Virgo,Programador,70000.0,79000.0
2405,Otro,39,Virgo,Programador,23000.0,48000.0
2406,Mujer,34,Cáncer,Físico,28000.0,83000.0
2407,Hombre,39,Acuario,Ingeniero,98000.0,81000.0
2408,Mujer,37,Escorpio,Matemático,29000.0,200000.0
2409,Mujer,45,Cáncer,Ingeniero,24000.0,84000.0
2410,Hombre,47,Acuario,Contador,103000.0,196000.0
2411,Hombre,41,Escorpio,Profesor,77000.0,152000.0
2412,Hombre,30,Virgo,Físico,97000.0,89000.0
2413,Mujer,38,Libra,Programador,14000.0,33000.0
2414,Hombre,40,Capricornio,Profesor,76000.0,205000.0
2415,Mujer,37,Libra,Estudiante,25000.0,112000.0
2416,Mujer,37,Sagitario,Profesor,16000.0,98000.0
2417,Mujer,41,Escorpio,Programador,19000.0,93000.0
2418,Mujer,42,Géminis,Profesor,21000.0,81000.0
2419,Mujer,45,Capricornio,Contador,47000.0,106000.0
2420,Mujer,36,Géminis,Ingeniero,22000.0,89000.0
2421,Otro,38,Acuario,Programador,39000.0,96000.0
2422,Hombre,39,Picis,Ingeniero,61000.0,105000.0
2423,Hombre,41,Acuario,Programador,78000.0,98000.0
2424,Mujer,42,Tauro,Programador,34000.0,50000.0
2425,Hombre,40,Virgo,Ingeniero,59000.0,166000.0
2426,Mujer,37,Capricornio,Programador,21000.0,86000.0
2427,Hombre,44,Sagitario,Estudiante,79000.0,98000.0
2428,Mujer,45,Virgo,Ingeniero,35000.0,53000.0
2429,Hombre,48,Sagitario,Programador,77000.0,115000.0
2430,Otro,44,Virgo,Estudiante,36000.0,79000.0
2431,Mujer,28,Virgo,Programador,39000.0,46000.0
2432,Hombre,36,Leo,Programador,87000.0,167000.0
2433,Hombre,40,Escorpio,Físico,85000.0,132000.0
2434,Hombre,40,Virgo,Programador,79000.0,133000.0
2435,Hombre,33,Cáncer,Estudiante,78000.0,122000.0
2436,Mujer,36,Aries,Contador,47000.0,96000.0
2437,Hombre,39,Leo,Físico,67000.0,99000.0
2438,Mujer,42,Cáncer,Economista,16000.0,42000.0
2439,Hombre,36,Géminis,Ingeniero,66000.0,141000.0
2440,Mujer,39,Acuario,Programador,31000.0,160000.0
2441,Hombre,36,Picis,Físico,65000.0,118000.0
2442,Hombre,42,Acuario,Ingeniero,69000.0,120000.0
2443,Hombre,39,Picis,Programador,63000.0,107000.0
2444,Mujer,48,Picis,Programador,27000.0,65000.0
2445,Hombre,37,Cáncer,Programador,73000.0,137000.0
2446,Hombre,34,Escorpio,Profesor,52000.0,115000.0
2447,Hombre,37,Picis,Programador,56000.0,76000.0
2448,Hombre,37,Picis,Programador,71000.0,132000.0
2449,Mujer,49,Sagitario,Ingeniero,27000.0,54000.0
2450,Hombre,46,Aries,Programador,108000.0,119000.0
2451,Hombre,41,Virgo,Programador,99000.0,105000.0
2452,Hombre,39,Capricornio,Profesor,74000.0,167000.0
2453,Mujer,28,Leo,Programador,23000.0,64000.0
2454,Hombre,36,Tauro,Estudiante,70000.0,159000.0
2455,Hombre,40,Leo,Maestro,78000.0,164000.0
2456,Hombre,37,Acuario,Físico,75000.0,107000.0
2457,Mujer,49,Leo,Ingeniero,32000.0,70000.0
2458,Mujer,44,Cáncer,Programador,17000.0,79000.0
2459,Hombre,41,Picis,Programador,66000.0,139000.0
2460,Hombre,44,Sagitario,Profesor,70000.0,116000.0
2461,Hombre,34,Cáncer,Programador,61000.0,151000.0
2462,Mujer,48,Cáncer,Profesor,36000.0,93000.0
2463,Otro,51,Leo,Programador,32000.0,66000.0
2464,Hombre,39,Sagitario,Profesor,52000.0,162000.0
2465,Hombre,42,Cáncer,Profesor,55000.0,147000.0
2466,Mujer,39,Escorpio,Programador,23000.0,96000.0
2467,Hombre,37,Picis,Físico,77000.0,91000.0
2468,Prefiero no decirlo,42,Géminis,Físico,23000.0,82000.0
2469,Hombre,45,Picis,Profesor,64000.0,143000.0
2470,Mujer,48,Virgo,Programador,17000.0,49000.0
2471,Hombre,49,Sagitario,Programador,70000.0,117000.0
2472,Prefiero no decirlo,34,Leo,Estudiante,32000.0,73000.0
2473,Hombre,38,Aries,Físico,56000.0,201000.0
2474,Mujer,39,Capricornio,Programador,27000.0,50000.0
2475,Hombre,40,Escorpio,Profesor,60000.0,160000.0
2476,Mujer,28,Capricornio,Programador,21000.0,47000.0
2477,Mujer,39,Tauro,Físico,25000.0,141000.0
2478,Hombre,48,Tauro,Profesor,61000.0,151000.0
2479,Hombre,31,Acuario,Profesor,110000.0,120000.0
2480,Mujer,39,Capricornio,Programador,32000.0,64000.0
2481,Hombre,38,Sagitario,Economista,64000.0,140000.0
2482,Hombre,41,Escorpio,Programador,72000.0,180000.0
2483,Hombre,38,Libra,Profesor,72000.0,210000.0
2484,Hombre,36,Picis,Profesor,108000.0,206000.0
2485,Hombre,42,Capricornio,Profesor,61000.0,129000.0
2486,Hombre,39,Tauro,Profesor,64000.0,111000.0
2487,Hombre,46,Picis,Ingeniero,89000.0,135000.0
2488,Hombre,42,Leo,Programador,49000.0,132000.0
2489,Hombre,44,Virgo,Profesor,47000.0,164000.0
2490,Hombre,46,Sagitario,Programador,73000.0,110000.0
2491,Mujer,31,Tauro,Ingeniero,24000.0,118000.0
2492,Hombre,43,Géminis,Profesor,74000.0,200000.0
2493,Hombre,40,Aries,Ingeniero,64000.0,72000.0
2494,Hombre,34,Capricornio,Maestro,46000.0,193000.0
2495,Hombre,38,Tauro,Programador,82000.0,124000.0
2496,Hombre,35,Géminis,Programador,56000.0,145000.0
2497,Hombre,37,Picis,Programador,63000.0,89000.0
2498,Mujer,38,Leo,Programador,26000.0,65000.0
2499,Hombre,38,Sagitario,Profesor,102000.0,123000.0
2500,Hombre,48,Picis,Ingeniero,61000.0,178000.0
2501,Mujer,37,Leo,Profesor,26000.0,84000.0
2502,Hombre,38,Libra,Programador,125000.0,167000.0
2503,Hombre,36,Capricornio,Programador,98000.0,162000.0
2504,Otro,43,Libra,Programador,31000.0,91000.0
2505,Mujer,42,Libra,Profesor,28000.0,79000.0
2506,Mujer,36,Escorpio,Programador,22000.0,70000.0
2507,Mujer,34,Tauro,Físico,22000.0,71000.0
2508,Mujer,38,Leo,Estudiante,22000.0,54000.0
2509,Hombre,36,Libra,Programador,89000.0,157000.0
2510,Hombre,43,Virgo,Profesor,84000.0,133000.0
2511,Hombre,30,Acuario,Profesor,51000.0,123000.0
2512,Mujer,37,Acuario,Programador,23000.0,67000.0
2513,Hombre,49,Acuario,Maestro,57000.0,132000.0
2514,Otro,42,Tauro,Ingeniero,42000.0,88000.0
2515,Hombre,34,Géminis,Programador,77000.0,126000.0
2516,Hombre,38,Aries,Profesor,94000.0,166000.0
2517,Hombre,44,Escorpio,Estudiante,66000.0,106000.0
2518,Mujer,45,Picis,Profesor,20000.0,64000.0
2519,Mujer,35,Capricornio,Ingeniero,25000.0,89000.0
2520,Mujer,44,Capricornio,Ingeniero,24000.0,101000.0
2521,Mujer,37,Virgo,Físico,45000.0,114000.0
2522,Hombre,33,Capricornio,Programador,93000.0,144000.0
2523,Hombre,44,Acuario,Programador,79000.0,177000.0
2524,Hombre,39,Géminis,Ingeniero,67000.0,145000.0
2525,Hombre,39,Libra,Programador,83000.0,119000.0
2526,Hombre,38,Escorpio,Físico,67000.0,121000.0
2527,Mujer,40,Aries,Programador,24000.0,72000.0
2528,Hombre,41,Géminis,Profesor,66000.0,150000.0
2529,Mujer,34,Capricornio,Profesor,33000.0,49000.0
2530,Mujer,36,Géminis,Ingeniero,30000.0,80000.0
2531,Hombre,35,Capricornio,Contador,50000.0,140000.0
2532,Hombre,48,Escorpio,Ingeniero,87000.0,127000.0
2533,Hombre,35,Acuario,Contador,91000.0,131000.0
2534,Hombre,43,Capricornio,Maestro,56000.0,138000.0
2535,Prefiero no decirlo,46,Géminis,Programador,39000.0,85000.0
2536,Hombre,36,Cáncer,Ingeniero,98000.0,288000.0
2537,Hombre,40,Sagitario,Profesor,75000.0,180000.0
2538,Hombre,35,Cáncer,Programador,78000.0,139000.0
2539,Mujer,39,Sagitario,Programador,32000.0,67000.0
2540,Hombre,37,Escorpio,Programador,76000.0,143000.0
2541,Hombre,44,Géminis,Ingeniero,56000.0,140000.0
2542,Mujer,36,Picis,Ingeniero,17000.0,60000.0
2543,Prefiero no decirlo,39,Picis,Programador,39000.0,122000.0
2544,Mujer,49,Picis,Programador,36000.0,151000.0
2545,Hombre,35,Acuario,Economista,59000.0,88000.0
2546,Hombre,46,Géminis,Programador,67000.0,110000.0
2547,Hombre,39,Libra,Ingeniero,85000.0,179000.0
2548,Mujer,42,Sagitario,Contador,31000.0,44000.0
2549,Hombre,39,Capricornio,Programador,77000.0,118000.0
2550,Hombre,42,Leo,Físico,86000.0,95000.0
2551,Prefiero no decirlo,42,Escorpio,Maestro,34000.0,76000.0
2552,Hombre,37,Cáncer,Estudiante,79000.0,160000.0
2553,Hombre,36,Virgo,Ingeniero,91000.0,79000.0
2554,Hombre,34,Acuario,Programador,68000.0,178000.0
2555,Hombre,37,Libra,Profesor,81000.0,131000.0
2556,Prefiero no decirlo,37,Capricornio,Programador,40000.0,102000.0
2557,Hombre,39,Acuario,Profesor,106000.0,151000.0
2558,Hombre,35,Cáncer,Programador,100000.0,199000.0
2559,Mujer,39,Acuario,Programador,25000.0,60000.0
2560,Hombre,39,Escorpio,Programador,64000.0,133000.0
2561,Hombre,40,Géminis,Ingeniero,80000.0,197000.0
2562,Mujer,46,Picis,Estudiante,26000.0,44000.0
2563,Mujer,39,Géminis,Programador,25000.0,80000.0
2564,Hombre,37,Virgo,Programador,70000.0,136000.0
2565,Mujer,41,Escorpio,Contador,34000.0,99000.0
2566,Mujer,47,Virgo,Ingeniero,36000.0,51000.0
2567,Hombre,42,Sagitario,Programador,93000.0,128000.0
2568,Mujer,45,Virgo,Programador,28000.0,70000.0
2569,Hombre,31,Sagitario,Profesor,83000.0,105000.0
2570,Hombre,34,Leo,Programador,70000.0,161000.0
2571,Prefiero no decirlo,34,Sagitario,Programador,50000.0,118000.0
2572,Hombre,45,Escorpio,Profesor,72000.0,178000.0
2573,Mujer,33,Sagitario,Programador,24000.0,87000.0
2574,Hombre,43,Picis,Físico,65000.0,134000.0
2575,Mujer,41,Sagitario,Profesor,29000.0,59000.0
2576,Hombre,41,Acuario,Programador,61000.0,137000.0
2577,Mujer,46,Leo,Estudiante,31000.0,104000.0
2578,Hombre,44,Picis,Ingeniero,77000.0,194000.0
2579,Hombre,50,Géminis,Programador,69000.0,139000.0
2580,Hombre,36,Escorpio,Programador,64000.0,167000.0
2581,Hombre,48,Virgo,Profesor,70000.0,144000.0
2582,Hombre,38,Tauro,Ingeniero,72000.0,98000.0
2583,Hombre,38,Virgo,Físico,51000.0,129000.0
2584,Hombre,41,Capricornio,Programador,123000.0,101000.0
2585,Hombre,34,Escorpio,Profesor,94000.0,162000.0
2586,Mujer,41,Tauro,Profesor,20000.0,80000.0
2587,Mujer,38,Sagitario,Programador,36000.0,72000.0
2588,Hombre,42,Capricornio,Programador,65000.0,186000.0
2589,Hombre,44,Capricornio,Programador,100000.0,120000.0
2590,Mujer,47,Leo,Ingeniero,46000.0,38000.0
2591,Hombre,36,Tauro,Ingeniero,97000.0,148000.0
2592,Mujer,38,Libra,Estudiante,42000.0,75000.0
2593,Hombre,45,Virgo,Ingeniero,84000.0,143000.0
2594,Mujer,46,Capricornio,Profesor,39000.0,83000.0
2595,Hombre,45,Leo,Programador,72000.0,161000.0
2596,Mujer,38,Acuario,Economista,29000.0,54000.0
2597,Mujer,39,Géminis,Profesor,30000.0,72000.0
2598,Hombre,28,Virgo,Maestro,66000.0,119000.0
2599,Hombre,38,Acuario,Profesor,52000.0,182000.0
2600,Mujer,34,Picis,Economista,20000.0,46000.0
2601,Hombre,42,Picis,Economista,67000.0,143000.0
2602,Hombre,31,Sagitario,Programador,72000.0,118000.0
2603,Hombre,36,Virgo,Matemático,78000.0,128000.0
2604,Mujer,40,Acuario,Físico,26000.0,69000.0
2605,Hombre,40,Tauro,Programador,72000.0,105000.0
2606,Hombre,42,Capricornio,Programador,60000.0,89000.0
2607,Hombre,35,Capricornio,Economista,74000.0,152000.0
2608,Hombre,46,Cáncer,Ingeniero,73000.0,187000.0
2609,Hombre,45,Picis,Economista,60000.0,129000.0
2610,Prefiero no decirlo,42,Libra,Profesor,42000.0,96000.0
2611,Hombre,41,Géminis,Programador,73000.0,111000.0
2612,Hombre,36,Tauro,Maestro,76000.0,129000.0
2613,Mujer,30,Cáncer,Ingeniero,29000.0,129000.0
2614,Hombre,39,Acuario,Programador,62000.0,94000.0
2615,Hombre,52,Libra,Maestro,60000.0,156000.0
2616,Mujer,44,Virgo,Maestro,18000.0,104000.0
2617,Hombre,39,Sagitario,Ingeniero,68000.0,106000.0
2618,Hombre,40,Picis,Programador,80000.0,120000.0
2619,Hombre,47,Tauro,Maestro,108000.0,118000.0
2620,Mujer,45,Tauro,Programador,19000.0,89000.0
2621,Hombre,35,Picis,Programador,76000.0,156000.0
2622,Prefiero no decirlo,37,Tauro,Programador,22000.0,93000.0
2623,Hombre,44,Leo,Matemático,99000.0,155000.0
2624,Hombre,39,Escorpio,Estudiante,80000.0,119000.0
2625,Hombre,43,Capricornio,Maestro,94000.0,154000.0
2626,Hombre,44,Cáncer,Programador,68000.0,176000.0
2627,Hombre,32,Virgo,Contador,77000.0,109000.0
2628,Hombre,38,Géminis,Programador,116000.0,102000.0
2629,Hombre,41,Leo,Estudiante,46000.0,248000.0
2630,Hombre,43,Géminis,Programador,69000.0,88000.0
2631,Mujer,40,Cáncer,Contador,31000.0,65000.0
2632,Hombre,43,Leo,Programador,95000.0,114000.0
2633,Hombre,45,Virgo,Programador,113000.0,175000.0
2634,Hombre,38,Tauro,Contador,68000.0,109000.0
2635,Hombre,43,Libra,Ingeniero,61000.0,77000.0
2636,Hombre,37,Virgo,Contador,74000.0,130000.0
2637,Mujer,38,Acuario,Ingeniero,14000.0,84000.0
2638,Hombre,42,Cáncer,Estudiante,69000.0,219000.0
2639,Mujer,41,Aries,Contador,20000.0,94000.0
2640,Hombre,43,Libra,Programador,79000.0,120000.0
2641,Otro,42,Tauro,Profesor,16000.0,56000.0
2642,Hombre,39,Libra,Profesor,97000.0,103000.0
2643,Hombre,45,Capricornio,Ingeniero,49000.0,203000.0
2644,Hombre,35,Géminis,Programador,80000.0,115000.0
2645,Mujer,47,Capricornio,Profesor,32000.0,137000.0
2646,Hombre,45,Sagitario,Ingeniero,71000.0,125000.0
2647,Mujer,38,Libra,Profesor,34000.0,57000.0
2648,Hombre,31,Leo,Estudiante,66000.0,139000.0
2649,Mujer,45,Cáncer,Ingeniero,28000.0,67000.0
2650,Otro,45,Escorpio,Profesor,22000.0,56000.0
2651,Hombre,38,Sagitario,Contador,65000.0,86000.0
2652,Mujer,39,Leo,Estudiante,30000.0,119000.0
2653,Mujer,33,Escorpio,Programador,35000.0,65000.0
2654,Prefiero no decirlo,39,Capricornio,Profesor,42000.0,74000.0
2655,Mujer,39,Cáncer,Programador,22000.0,104000.0
2656,Mujer,38,Leo,Profesor,19000.0,86000.0
2657,Mujer,35,Géminis,Programador,22000.0,58000.0
2658,Hombre,35,Leo,Estudiante,57000.0,94000.0
2659,Hombre,47,Cáncer,Programador,70000.0,126000.0
2660,Hombre,31,Tauro,Estudiante,64000.0,134000.0
2661,Hombre,27,Libra,Programador,63000.0,143000.0
2662,Mujer,34,Aries,Profesor,28000.0,66000.0
2663,Hombre,41,Géminis,Programador,88000.0,176000.0
2664,Hombre,44,Géminis,Programador,91000.0,113000.0
2665,Mujer,36,Picis,Programador,34000.0,73000.0
2666,Hombre,49,Sagitario,Ingeniero,71000.0,114000.0
2667,Hombre,41,Escorpio,Programador,87000.0,157000.0
2668,Hombre,40,Sagitario,Contador,67000.0,111000.0
2669,Hombre,38,Libra,Programador,92000.0,88000.0
2670,Hombre,42,Leo,Profesor,72000.0,100000.0
2671,Hombre,43,Cáncer,Economista,73000.0,108000.0
2672,Hombre,37,Escorpio,Profesor,74000.0,115000.0
2673,Prefiero no decirlo,40,Escorpio,Programador,32000.0,62000.0
2674,Hombre,31,Aries,Programador,70000.0,152000.0
2675,Hombre,39,Escorpio,Programador,81000.0,128000.0
2676,Otro,49,Leo,Profesor,72000.0,55000.0
2677,Hombre,47,Libra,Programador,75000.0,174000.0
2678,Hombre,47,Tauro,Estudiante,73000.0,108000.0
2679,Hombre,37,Virgo,Profesor,78000.0,129000.0
2680,Hombre,33,Cáncer,Matemático,79000.0,99000.0
2681,Otro,36,Picis,Profesor,26000.0,69000.0
2682,Mujer,36,Escorpio,Economista,17000.0,52000.0
2683,Mujer,41,Cáncer,Profesor,28000.0,55000.0
2684,Hombre,35,Sagitario,Programador,75000.0,147000.0
2685,Hombre,31,Leo,Profesor,61000.0,100000.0
2686,Mujer,48,Sagitario,Programador,51000.0,71000.0
2687,Hombre,41,Aries,Ingeniero,65000.0,106000.0
2688,Hombre,47,Libra,Ingeniero,61000.0,222000.0
2689,Hombre,32,Picis,Profesor,78000.0,126000.0
2690,Hombre,44,Cáncer,Economista,80000.0,108000.0
2691,Hombre,33,Géminis,Profesor,101000.0,139000.0
2692,Hombre,38,Sagitario,Profesor,73000.0,129000.0
2693,Hombre,36,Picis,Profesor,59000.0,95000.0
2694,Mujer,36,Géminis,Programador,27000.0,70000.0
2695,Hombre,48,Sagitario,Programador,86000.0,188000.0
2696,Mujer,36,Picis,Programador,31000.0,59000.0
2697,Hombre,42,Libra,Profesor,54000.0,196000.0
2698,Hombre,44,Tauro,Economista,76000.0,130000.0
2699,Mujer,35,Capricornio,Ingeniero,28000.0,39000.0
2700,Mujer,32,Leo,Economista,18000.0,91000.0
2701,Hombre,43,Cáncer,Programador,84000.0,94000.0
2702,Hombre,37,Libra,Contador,73000.0,82000.0
2703,Hombre,37,Sagitario,Profesor,89000.0,165000.0
2704,Prefiero no decirlo,40,Escorpio,Ingeniero,28000.0,56000.0
2705,Hombre,37,Leo,Físico,86000.0,138000.0
2706,Mujer,34,Tauro,Ingeniero,25000.0,69000.0
2707,Hombre,43,Libra,Físico,76000.0,132000.0
2708,Hombre,40,Tauro,Físico,99000.0,106000.0
2709,Hombre,40,Capricornio,Programador,66000.0,193000.0
2710,Hombre,45,Tauro,Programador,74000.0,144000.0
2711,Hombre,43,Aries,Matemático,57000.0,135000.0
2712,Mujer,42,Tauro,Contador,25000.0,57000.0
2713,Mujer,46,Picis,Profesor,40000.0,44000.0
2714,Mujer,50,Tauro,Programador,19000.0,69000.0
2715,Mujer,27,Géminis,Economista,27000.0,174000.0
2716,Hombre,37,Cáncer,Maestro,100000.0,82000.0
2717,Hombre,45,Virgo,Ingeniero,104000.0,119000.0
2718,Mujer,36,Escorpio,Economista,35000.0,92000.0
2719,Hombre,40,Sagitario,Maestro,85000.0,180000.0
2720,Hombre,42,Cáncer,Ingeniero,79000.0,134000.0
2721,Hombre,37,Cáncer,Contador,57000.0,109000.0
2722,Hombre,40,Libra,Profesor,84000.0,125000.0
2723,Hombre,37,Virgo,Matemático,70000.0,115000.0
2724,Hombre,38,Aries,Programador,64000.0,142000.0
2725,Mujer,40,Aries,Profesor,29000.0,98000.0
2726,Hombre,41,Cáncer,Físico,58000.0,145000.0
2727,Hombre,34,Cáncer,Programador,54000.0,151000.0
2728,Mujer,37,Escorpio,Ingeniero,47000.0,110000.0
2729,Hombre,40,Acuario,Programador,78000.0,172000.0
2730,Hombre,37,Libra,Contador,69000.0,127000.0
2731,Mujer,40,Géminis,Ingeniero,30000.0,66000.0
2732,Hombre,35,Escorpio,Programador,96000.0,100000.0
2733,Mujer,35,Aries,Ingeniero,32000.0,63000.0
2734,Hombre,41,Cáncer,Ingeniero,78000.0,192000.0
2735,Hombre,37,Aries,Profesor,67000.0,204000.0
2736,Mujer,32,Capricornio,Economista,21000.0,81000.0
2737,Mujer,37,Picis,Programador,38000.0,68000.0
2738,Hombre,42,Capricornio,Programador,79000.0,101000.0
2739,Hombre,38,Virgo,Estudiante,76000.0,134000.0
2740,Mujer,31,Leo,Programador,36000.0,84000.0
2741,Mujer,41,Picis,Programador,32000.0,103000.0
2742,Hombre,28,Capricornio,Programador,67000.0,100000.0
2743,Hombre,41,Capricornio,Profesor,61000.0,128000.0
2744,Mujer,38,Virgo,Ingeniero,34000.0,104000.0
2745,Mujer,41,Aries,Profesor,23000.0,63000.0
2746,Hombre,44,Tauro,Físico,57000.0,118000.0
2747,Mujer,39,Picis,Economista,22000.0,109000.0
2748,Mujer,41,Libra,Profesor,17000.0,45000.0
2749,Prefiero no decirlo,38,Cáncer,Programador,27000.0,56000.0
2750,Mujer,36,Libra,Programador,32000.0,70000.0
2751,Mujer,44,Picis,Programador,24000.0,78000.0
2752,Hombre,35,Sagitario,Profesor,59000.0,158000.0
2753,Hombre,37,Virgo,Economista,99000.0,115000.0
2754,Hombre,46,Sagitario,Ingeniero,88000.0,104000.0
2755,Mujer,40,Géminis,Programador,25000.0,98000.0
2756,Mujer,46,Capricornio,Ingeniero,16000.0,55000.0
2757,Mujer,39,Acuario,Ingeniero,30000.0,59000.0
2758,Hombre,29,Tauro,Profesor,123000.0,75000.0
2759,Hombre,38,Escorpio,Matemático,74000.0,120000.0
2760,Mujer,45,Acuario,Programador,29000.0,71000.0
2761,Hombre,37,Virgo,Programador,70000.0,191000.0
2762,Hombre,45,Sagitario,Contador,75000.0,132000.0
2763,Mujer,37,Escorpio,Ingeniero,24000.0,34000.0
2764,Hombre,37,Acuario,Programador,89000.0,77000.0
2765,Mujer,49,Picis,Ingeniero,22000.0,48000.0
2766,Mujer,33,Sagitario,Profesor,23000.0,43000.0
2767,Hombre,52,Sagitario,Profesor,57000.0,118000.0
2768,Mujer,33,Libra,Físico,32000.0,67000.0
2769,Mujer,33,Escorpio,Economista,42000.0,44000.0
2770,Hombre,34,Cáncer,Profesor,89000.0,132000.0
2771,Mujer,41,Tauro,Profesor,37000.0,65000.0
2772,Mujer,51,Acuario,Matemático,33000.0,91000.0
2773,Hombre,48,Sagitario,Ingeniero,61000.0,121000.0
2774,Mujer,44,Virgo,Programador,16000.0,54000.0
2775,Mujer,42,Virgo,Programador,34000.0,117000.0
2776,Hombre,43,Picis,Físico,65000.0,186000.0
2777,Mujer,41,Escorpio,Profesor,29000.0,72000.0
2778,Mujer,40,Aries,Programador,33000.0,95000.0
2779,Hombre,38,Capricornio,Economista,64000.0,100000.0
2780,Mujer,39,Picis,Ingeniero,52000.0,78000.0
2781,Hombre,34,Leo,Estudiante,76000.0,126000.0
2782,Hombre,41,Acuario,Ingeniero,75000.0,121000.0
2783,Hombre,36,Aries,Ingeniero,68000.0,100000.0
2784,Hombre,37,Acuario,Programador,58000.0,185000.0
2785,Hombre,40,Libra,Programador,52000.0,127000.0
2786,Mujer,41,Escorpio,Programador,30000.0,68000.0
2787,Hombre,48,Virgo,Ingeniero,72000.0,92000.0
2788,Hombre,44,Picis,Programador,71000.0,87000.0
2789,Mujer,39,Acuario,Programador,36000.0,33000.0
2790,Hombre,42,Cáncer,Programador,59000.0,132000.0
2791,Hombre,41,Picis,Programador,54000.0,111000.0
2792,Hombre,39,Escorpio,Economista,78000.0,112000.0
2793,Mujer,32,Libra,Ingeniero,37000.0,51000.0
2794,Mujer,32,Sagitario,Ingeniero,24000.0,59000.0
2795,Hombre,34,Capricornio,Matemático,53000.0,215000.0
2796,Mujer,34,Escorpio,Profesor,24000.0,78000.0
2797,Hombre,35,Leo,Profesor,76000.0,121000.0
2798,Hombre,45,Libra,Ingeniero,44000.0,173000.0
2799,Hombre,50,Libra,Programador,71000.0,138000.0
2800,Hombre,39,Sagitario,Ingeniero,83000.0,161000.0
2801,Mujer,38,Acuario,Profesor,31000.0,52000.0
2802,Mujer,35,Cáncer,Profesor,30000.0,92000.0
2803,Mujer,38,Capricornio,Contador,18000.0,75000.0
2804,Prefiero no decirlo,48,Virgo,Programador,44000.0,100000.0
2805,Hombre,42,Acuario,Ingeniero,76000.0,119000.0
2806,Mujer,38,Sagitario,Estudiante,30000.0,41000.0
2807,Otro,37,Cáncer,Profesor,35000.0,83000.0
2808,Hombre,33,Cáncer,Físico,93000.0,107000.0
2809,Mujer,39,Sagitario,Programador,24000.0,76000.0
2810,Mujer,38,Libra,Ingeniero,21000.0,74000.0
2811,Hombre,43,Leo,Programador,65000.0,142000.0
2812,Prefiero no decirlo,40,Leo,Profesor,21000.0,73000.0
2813,Mujer,48,Leo,Físico,30000.0,46000.0
2814,Hombre,47,Géminis,Programador,94000.0,188000.0
2815,Mujer,43,Escorpio,Programador,30000.0,27000.0
2816,Mujer,40,Sagitario,Ingeniero,23000.0,64000.0
2817,Hombre,33,Capricornio,Programador,85000.0,85000.0
2818,Hombre,37,Capricornio,Economista,68000.0,210000.0
2819,Mujer,38,Cáncer,Ingeniero,29000.0,58000.0
2820,Hombre,37,Libra,Profesor,91000.0,85000.0
2821,Hombre,44,Virgo,Ingeniero,83000.0,93000.0
2822,Mujer,43,Cáncer,Economista,30000.0,70000.0
2823,Hombre,44,Géminis,Programador,74000.0,113000.0
2824,Hombre,48,Géminis,Ingeniero,75000.0,94000.0
2825,Mujer,47,Libra,Contador,24000.0,81000.0
2826,Hombre,27,Cáncer,Profesor,53000.0,135000.0
2827,Hombre,42,Picis,Economista,120000.0,101000.0
2828,Otro,40,Géminis,Ingeniero,33000.0,42000.0
2829,Hombre,38,Picis,Programador,81000.0,93000.0
2830,Hombre,48,Cáncer,Programador,51000.0,107000.0
2831,Mujer,41,Libra,Economista,26000.0,84000.0
2832,Hombre,38,Capricornio,Matemático,71000.0,110000.0
2833,Mujer,31,Virgo,Contador,22000.0,148000.0
2834,Mujer,43,Picis,Contador,19000.0,111000.0
2835,Hombre,42,Sagitario,Profesor,75000.0,159000.0
2836,Prefiero no decirlo,51,Virgo,Físico,28000.0,51000.0
2837,Mujer,42,Cáncer,Maestro,23000.0,46000.0
2838,Mujer,38,Aries,Ingeniero,28000.0,90000.0
2839,Mujer,31,Picis,Ingeniero,40000.0,128000.0
2840,Hombre,34,Sagitario,Maestro,72000.0,95000.0
2841,Hombre,39,Aries,Programador,69000.0,199000.0
2842,Hombre,39,Leo,Profesor,61000.0,123000.0
2843,Hombre,46,Aries,Maestro,88000.0,107000.0
2844,Mujer,41,Virgo,Ingeniero,22000.0,41000.0
2845,Hombre,34,Escorpio,Profesor,79000.0,75000.0
2846,Hombre,32,Sagitario,Ingeniero,91000.0,122000.0
2847,Mujer,40,Acuario,Matemático,28000.0,50000.0
2848,Hombre,38,Sagitario,Programador,92000.0,181000.0
2849,Hombre,36,Tauro,Contador,107000.0,122000.0
2850,Mujer,49,Virgo,Profesor,15000.0,52000.0
2851,Prefiero no decirlo,42,Leo,Ingeniero,22000.0,57000.0
2852,Mujer,43,Libra,Maestro,23000.0,84000.0
2853,Mujer,50,Virgo,Ingeniero,36000.0,67000.0
2854,Hombre,40,Leo,Ingeniero,84000.0,129000.0
2855,Hombre,36,Acuario,Profesor,70000.0,136000.0
2856,Hombre,45,Libra,Programador,85000.0,98000.0
2857,Hombre,37,Escorpio,Ingeniero,72000.0,114000.0
2858,Hombre,44,Libra,Profesor,71000.0,125000.0
2859,Hombre,30,Acuario,Ingeniero,80000.0,170000.0
2860,Hombre,43,Sagitario,Programador,73000.0,79000.0
2861,Hombre,40,Tauro,Físico,53000.0,120000.0
2862,Mujer,48,Picis,Programador,30000.0,39000.0
2863,Mujer,45,Acuario,Ingeniero,23000.0,47000.0
2864,Hombre,34,Capricornio,Maestro,72000.0,163000.0
2865,Hombre,38,Tauro,Programador,54000.0,163000.0
2866,Mujer,48,Aries,Economista,27000.0,39000.0
2867,Hombre,38,Virgo,Profesor,73000.0,132000.0
2868,Hombre,52,Capricornio,Programador,70000.0,96000.0
2869,Mujer,41,Virgo,Programador,14000.0,72000.0
2870,Mujer,48,Virgo,Estudiante,26000.0,47000.0
2871,Hombre,42,Géminis,Economista,76000.0,109000.0
2872,Mujer,36,Géminis,Físico,20000.0,118000.0
2873,Mujer,45,Leo,Programador,34000.0,79000.0
2874,Mujer,51,Aries,Físico,35000.0,156000.0
2875,Hombre,39,Escorpio,Ingeniero,85000.0,137000.0
2876,Mujer,42,Escorpio,Economista,23000.0,59000.0
2877,Mujer,46,Sagitario,Economista,21000.0,45000.0
2878,Hombre,54,Aries,Economista,66000.0,157000.0
2879,Hombre,47,Aries,Programador,63000.0,91000.0
2880,Hombre,34,Cáncer,Ingeniero,49000.0,116000.0
2881,Mujer,33,Acuario,Programador,37000.0,54000.0
2882,Hombre,37,Géminis,Programador,80000.0,166000.0
2883,Hombre,42,Tauro,Matemático,75000.0,171000.0
2884,Mujer,50,Aries,Programador,42000.0,50000.0
2885,Hombre,39,Sagitario,Físico,65000.0,139000.0
2886,Prefiero no decirlo,42,Capricornio,Programador,45000.0,101000.0
2887,Hombre,43,Capricornio,Ingeniero,61000.0,182000.0
2888,Hombre,36,Capricornio,Economista,75000.0,152000.0
2889,Mujer,33,Virgo,Contador,31000.0,61000.0
2890,Hombre,38,Virgo,Matemático,61000.0,137000.0
2891,Mujer,32,Géminis,Ingeniero,33000.0,77000.0
2892,Prefiero no decirlo,39,Aries,Programador,36000.0,65000.0
2893,Hombre,37,Cáncer,Programador,67000.0,129000.0
2894,Hombre,41,Picis,Contador,60000.0,112000.0
2895,Hombre,35,Leo,Maestro,103000.0,127000.0
2896,Hombre,41,Sagitario,Contador,84000.0,163000.0
2897,Hombre,41,Escorpio,Profesor,95000.0,124000.0
2898,Hombre,46,Capricornio,Ingeniero,89000.0,132000.0
2899,Mujer,40,Acuario,Profesor,16000.0,85000.0
2900,Mujer,35,Géminis,Estudiante,23000.0,58000.0
2901,Hombre,39,Sagitario,Programador,66000.0,94000.0
2902,Hombre,55,Cáncer,Profesor,78000.0,105000.0
2903,Hombre,47,Leo,Profesor,75000.0,164000.0
2904,Otro,34,Géminis,Programador,32000.0,88000.0
2905,Mujer,39,Escorpio,Estudiante,17000.0,86000.0
2906,Hombre,42,Leo,Programador,130000.0,114000.0
2907,Hombre,40,Escorpio,Matemático,88000.0,143000.0
2908,Hombre,41,Virgo,Programador,72000.0,164000.0
2909,Hombre,38,Cáncer,Programador,48000.0,189000.0
2910,Mujer,35,Capricornio,Profesor,18000.0,62000.0
2911,Mujer,40,Aries,Programador,26000.0,106000.0
2912,Hombre,39,Libra,Contador,53000.0,138000.0
2913,Mujer,45,Escorpio,Programador,30000.0,84000.0
2914,Mujer,34,Capricornio,Estudiante,16000.0,100000.0
2915,Mujer,36,Sagitario,Programador,27000.0,81000.0
2916,Hombre,57,Sagitario,Profesor,80000.0,117000.0
2917,Hombre,37,Sagitario,Matemático,78000.0,106000.0
2918,Mujer,36,Tauro,Estudiante,26000.0,95000.0
2919,Hombre,45,Capricornio,Contador,68000.0,174000.0
2920,Prefiero no decirlo,40,Virgo,Programador,29000.0,67000.0
2921,Hombre,37,Leo,Profesor,53000.0,96000.0
2922,Hombre,40,Géminis,Profesor,74000.0,172000.0
2923,Mujer,44,Picis,Profesor,30000.0,109000.0
2924,Hombre,36,Tauro,Profesor,55000.0,133000.0
2925,Mujer,35,Aries,Programador,32000.0,38000.0
2926,Hombre,44,Virgo,Ingeniero,64000.0,128000.0
2927,Mujer,38,Cáncer,Programador,58000.0,70000.0
2928,Mujer,42,Acuario,Maestro,36000.0,74000.0
2929,Hombre,35,Sagitario,Programador,79000.0,204000.0
2930,Hombre,43,Cáncer,Ingeniero,103000.0,167000.0
2931,Prefiero no decirlo,41,Tauro,Ingeniero,28000.0,72000.0
2932,Mujer,51,Aries,Programador,24000.0,52000.0
2933,Mujer,33,Escorpio,Programador,24000.0,55000.0
2934,Hombre,38,Capricornio,Economista,73000.0,169000.0
2935,Hombre,43,Leo,Profesor,71000.0,98000.0
2936,Hombre,35,Virgo,Programador,83000.0,109000.0
2937,Hombre,44,Sagitario,Ingeniero,86000.0,110000.0
2938,Hombre,39,Aries,Maestro,69000.0,154000.0
2939,Hombre,36,Cáncer,Profesor,62000.0,130000.0
2940,Mujer,42,Libra,Ingeniero,36000.0,70000.0
2941,Hombre,38,Escorpio,Profesor,69000.0,127000.0
2942,Hombre,39,Capricornio,Programador,55000.0,134000.0
2943,Mujer,38,Cáncer,Programador,32000.0,54000.0
2944,Hombre,40,Cáncer,Ingeniero,71000.0,118000.0
2945,Otro,39,Libra,Programador,29000.0,62000.0
2946,Mujer,48,Aries,Ingeniero,35000.0,92000.0
2947,Mujer,35,Tauro,Programador,32000.0,84000.0
2948,Mujer,40,Tauro,Programador,37000.0,42000.0
2949,Hombre,38,Virgo,Profesor,113000.0,100000.0
2950,Otro,32,Tauro,Profesor,33000.0,79000.0
2951,Mujer,37,Escorpio,Ingeniero,26000.0,102000.0
2952,Hombre,45,Tauro,Programador,120000.0,101000.0
2953,Mujer,39,Acuario,Programador,17000.0,95000.0
2954,Mujer,41,Sagitario,Profesor,23000.0,69000.0
2955,Hombre,43,Cáncer,Programador,54000.0,156000.0
2956,Hombre,46,Tauro,Maestro,69000.0,129000.0
2957,Mujer,36,Cáncer,Ingeniero,24000.0,80000.0
2958,Hombre,41,Géminis,Estudiante,82000.0,159000.0
2959,Mujer,41,Libra,Ingeniero,23000.0,71000.0
2960,Mujer,38,Acuario,Profesor,33000.0,45000.0
2961,Hombre,42,Géminis,Profesor,72000.0,97000.0
2962,Hombre,51,Picis,Estudiante,77000.0,89000.0
2963,Hombre,46,Leo,Ingeniero,48000.0,97000.0
2964,Mujer,45,Capricornio,Estudiante,24000.0,51000.0
2965,Mujer,43,Virgo,Profesor,26000.0,68000.0
2966,Mujer,45,Cáncer,Profesor,42000.0,65000.0
2967,Hombre,39,Aries,Economista,57000.0,142000.0
2968,Mujer,40,Leo,Físico,23000.0,51000.0
2969,Hombre,40,Sagitario,Programador,81000.0,173000.0
2970,Hombre,38,Sagitario,Programador,72000.0,140000.0
2971,Hombre,45,Géminis,Profesor,78000.0,154000.0
2972,Hombre,47,Escorpio,Programador,50000.0,101000.0
2973,Mujer,50,Géminis,Contador,27000.0,26000.0
2974,Mujer,30,Cáncer,Estudiante,15000.0,59000.0
2975,Mujer,33,Acuario,Economista,26000.0,80000.0
2976,Hombre,33,Libra,Programador,73000.0,126000.0
2977,Hombre,42,Aries,Estudiante,60000.0,124000.0
2978,Hombre,45,Libra,Profesor,73000.0,93000.0
2979,Prefiero no decirlo,44,Acuario,Programador,19000.0,56000.0
2980,Hombre,47,Aries,Físico,59000.0,132000.0
2981,Mujer,35,Aries,Profesor,37000.0,76000.0
2982,Hombre,45,Leo,Ingeniero,92000.0,148000.0
2983,Hombre,36,Leo,Programador,64000.0,115000.0
2984,Mujer,32,Tauro,Ingeniero,35000.0,86000.0
2985,Hombre,36,Libra,Ingeniero,109000.0,178000.0
2986,Hombre,36,Leo,Profesor,123000.0,143000.0
2987,Mujer,42,Cáncer,Ingeniero,17000.0,78000.0
2988,Hombre,38,Tauro,Ingeniero,92000.0,172000.0
2989,Hombre,39,Aries,Maestro,66000.0,152000.0
2990,Mujer,36,Acuario,Programador,43000.0,82000.0
2991,Hombre,36,Cáncer,Ingeniero,58000.0,140000.0
2992,Mujer,39,Cáncer,Programador,35000.0,57000.0
2993,Hombre,40,Picis,Programador,55000.0,173000.0
2994,Mujer,41,Virgo,Ingeniero,40000.0,71000.0
2995,Hombre,33,Leo,Maestro,72000.0,138000.0
2996,Hombre,42,Leo,Físico,64000.0,166000.0
2997,Mujer,40,Libra,Programador,28000.0,42000.0
2998,Hombre,33,Virgo,Profesor,82000.0,121000.0
2999,Hombre,43,Sagitario,Físico,99000.0,212000.0
3000,Hombre,28,Aries,Programador,84000.0,111000.0
3001,Hombre,36,Géminis,Programador,74000.0,104000.0
3002,Hombre,38,Cáncer,Programador,52000.0,174000.0
3003,Hombre,36,Picis,Estudiante,64000.0,145000.0
3004,Hombre,36,Cáncer,Programador,82000.0,123000.0
3005,Mujer,53,Libra,Programador,28000.0,82000.0
3006,Hombre,37,Tauro,Estudiante,66000.0,99000.0
3007,Mujer,37,Leo,Programador,39000.0,100000.0
3008,Mujer,42,Aries,Maestro,27000.0,154000.0
3009,Hombre,40,Aries,Maestro,91000.0,144000.0
3010,Mujer,43,Géminis,Profesor,26000.0,74000.0
3011,Hombre,44,Sagitario,Programador,73000.0,100000.0
3012,Mujer,39,Virgo,Profesor,33000.0,72000.0
3013,Hombre,44,Acuario,Ingeniero,70000.0,176000.0
3014,Mujer,37,Escorpio,Programador,26000.0,74000.0
3015,Mujer,36,Escorpio,Programador,21000.0,87000.0
3016,Hombre,40,Géminis,Estudiante,90000.0,143000.0
3017,Otro,37,Aries,Profesor,44000.0,65000.0
3018,Hombre,41,Cáncer,Economista,87000.0,191000.0
3019,Mujer,43,Picis,Estudiante,23000.0,54000.0
3020,Otro,31,Géminis,Matemático,23000.0,41000.0
3021,Hombre,41,Leo,Programador,102000.0,175000.0
3022,Hombre,35,Escorpio,Profesor,87000.0,122000.0
3023,Hombre,43,Aries,Estudiante,93000.0,148000.0
3024,Otro,37,Libra,Ingeniero,18000.0,56000.0
3025,Hombre,46,Géminis,Estudiante,94000.0,105000.0
3026,Mujer,41,Libra,Ingeniero,39000.0,56000.0
3027,Mujer,42,Picis,Programador,33000.0,108000.0
3028,Hombre,40,Acuario,Profesor,63000.0,237000.0
3029,Hombre,35,Géminis,Matemático,81000.0,106000.0
3030,Hombre,41,Picis,Ingeniero,106000.0,165000.0
3031,Hombre,33,Picis,Economista,76000.0,119000.0
3032,Mujer,31,Tauro,Programador,30000.0,47000.0
3033,Mujer,42,Leo,Programador,19000.0,80000.0
3034,Mujer,35,Escorpio,Ingeniero,36000.0,93000.0
3035,Hombre,41,Tauro,Físico,63000.0,167000.0
3036,Mujer,42,Capricornio,Profesor,33000.0,53000.0
3037,Mujer,42,Tauro,Profesor,29000.0,57000.0
3038,Mujer,35,Virgo,Ingeniero,19000.0,49000.0
3039,Hombre,41,Leo,Economista,60000.0,146000.0
3040,Hombre,34,Sagitario,Ingeniero,58000.0,114000.0
3041,Mujer,47,Cáncer,Ingeniero,29000.0,76000.0
3042,Hombre,28,Cáncer,Programador,67000.0,152000.0
3043,Mujer,46,Aries,Matemático,24000.0,95000.0
3044,Mujer,38,Cáncer,Programador,54000.0,46000.0
3045,Hombre,33,Sagitario,Programador,96000.0,215000.0
3046,Hombre,38,Acuario,Programador,65000.0,174000.0
3047,Hombre,40,Géminis,Programador,67000.0,87000.0
3048,Mujer,36,Géminis,Programador,22000.0,35000.0
3049,Hombre,43,Géminis,Matemático,77000.0,138000.0
3050,Mujer,41,Libra,Programador,37000.0,164000.0
3051,Hombre,37,Tauro,Programador,75000.0,141000.0
3052,Hombre,40,Capricornio,Profesor,97000.0,114000.0
3053,Hombre,36,Acuario,Estudiante,68000.0,179000.0
3054,Hombre,52,Tauro,Ingeniero,78000.0,140000.0
3055,Hombre,51,Tauro,Físico,68000.0,123000.0
3056,Hombre,48,Sagitario,Programador,64000.0,120000.0
3057,Hombre,43,Libra,Matemático,67000.0,99000.0
3058,Hombre,31,Sagitario,Estudiante,80000.0,139000.0
3059,Hombre,31,Leo,Profesor,61000.0,149000.0
3060,Mujer,45,Aries,Profesor,17000.0,113000.0
3061,Hombre,39,Cáncer,Programador,84000.0,131000.0
3062,Hombre,43,Capricornio,Profesor,55000.0,148000.0
3063,Mujer,43,Géminis,Profesor,36000.0,65000.0
3064,Hombre,37,Escorpio,Ingeniero,65000.0,127000.0
3065,Hombre,39,Picis,Programador,80000.0,118000.0
3066,Hombre,51,Libra,Programador,80000.0,102000.0
3067,Hombre,38,Capricornio,Ingeniero,47000.0,163000.0
3068,Hombre,46,Sagitario,Matemático,85000.0,84000.0
3069,Hombre,39,Capricornio,Ingeniero,59000.0,124000.0
3070,Mujer,40,Aries,Profesor,37000.0,63000.0
3071,Hombre,39,Tauro,Economista,60000.0,141000.0
3072,Hombre,45,Aries,Ingeniero,70000.0,119000.0
3073,Mujer,36,Cáncer,Ingeniero,16000.0,27000.0
3074,Hombre,41,Picis,Profesor,73000.0,127000.0
3075,Hombre,29,Libra,Profesor,63000.0,148000.0
3076,Mujer,37,Capricornio,Ingeniero,52000.0,54000.0
3077,Hombre,38,Picis,Maestro,62000.0,139000.0
3078,Hombre,38,Virgo,Ingeniero,52000.0,142000.0
3079,Hombre,35,Leo,Matemático,82000.0,115000.0
3080,Hombre,28,Escorpio,Ingeniero,57000.0,115000.0
3081,Mujer,42,Libra,Profesor,11000.0,87000.0
3082,Hombre,40,Picis,Programador,60000.0,102000.0
3083,Mujer,40,Géminis,Programador,26000.0,84000.0
3084,Mujer,44,Tauro,Programador,23000.0,129000.0
3085,Mujer,31,Acuario,Ingeniero,36000.0,75000.0
3086,Mujer,29,Virgo,Matemático,27000.0,53000.0
3087,Hombre,46,Sagitario,Economista,88000.0,113000.0
3088,Hombre,35,Picis,Programador,99000.0,175000.0
3089,Hombre,40,Virgo,Economista,78000.0,123000.0
3090,Hombre,36,Virgo,Programador,91000.0,175000.0
3091,Hombre,34,Aries,Físico,77000.0,144000.0
3092,Hombre,34,Aries,Ingeniero,92000.0,172000.0
3093,Prefiero no decirlo,35,Escorpio,Programador,23000.0,69000.0
3094,Hombre,47,Tauro,Programador,131000.0,114000.0
3095,Mujer,50,Sagitario,Programador,28000.0,53000.0
3096,Hombre,43,Virgo,Profesor,62000.0,163000.0
3097,Hombre,47,Libra,Ingeniero,56000.0,164000.0
3098,Hombre,40,Escorpio,Profesor,87000.0,264000.0
3099,Mujer,33,Picis,Ingeniero,22000.0,56000.0
3100,Mujer,48,Cáncer,Ingeniero,16000.0,111000.0
3101,Hombre,43,Leo,Contador,71000.0,146000.0
3102,Mujer,39,Cáncer,Profesor,25000.0,97000.0
3103,Prefiero no decirlo,37,Capricornio,Programador,32000.0,82000.0
3104,Hombre,41,Acuario,Economista,61000.0,156000.0
3105,Hombre,33,Picis,Programador,88000.0,134000.0
3106,Hombre,41,Escorpio,Programador,88000.0,150000.0
3107,Hombre,41,Picis,Programador,55000.0,178000.0
3108,Prefiero no decirlo,42,Géminis,Programador,27000.0,73000.0
3109,Mujer,35,Virgo,Programador,23000.0,112000.0
3110,Mujer,33,Virgo,Maestro,25000.0,69000.0
3111,Hombre,43,Sagitario,Profesor,75000.0,165000.0
3112,Mujer,42,Leo,Ingeniero,28000.0,66000.0
3113,Hombre,32,Leo,Programador,84000.0,107000.0
3114,Mujer,38,Aries,Profesor,31000.0,107000.0
3115,Mujer,37,Libra,Estudiante,31000.0,91000.0
3116,Mujer,37,Capricornio,Estudiante,16000.0,55000.0
3117,Hombre,41,Acuario,Profesor,55000.0,156000.0
3118,Hombre,44,Géminis,Estudiante,58000.0,181000.0
3119,Mujer,51,Tauro,Físico,45000.0,111000.0
3120,Hombre,46,Capricornio,Programador,56000.0,112000.0
3121,Hombre,42,Cáncer,Programador,55000.0,113000.0
3122,Mujer,40,Virgo,Ingeniero,24000.0,70000.0
3123,Hombre,34,Sagitario,Ingeniero,60000.0,103000.0
3124,Hombre,40,Cáncer,Programador,58000.0,154000.0
3125,Mujer,38,Capricornio,Programador,27000.0,79000.0
3126,Mujer,48,Leo,Maestro,39000.0,34000.0
3127,Hombre,44,Escorpio,Programador,89000.0,115000.0
3128,Mujer,39,Escorpio,Físico,39000.0,106000.0
3129,Mujer,43,Virgo,Programador,21000.0,85000.0
3130,Mujer,34,Géminis,Economista,38000.0,80000.0
3131,Hombre,32,Virgo,Programador,67000.0,141000.0
3132,Hombre,40,Cáncer,Matemático,64000.0,136000.0
3133,Hombre,44,Leo,Profesor,78000.0,124000.0
3134,Mujer,31,Capricornio,Matemático,43000.0,79000.0
3135,Hombre,46,Aries,Profesor,104000.0,132000.0
3136,Hombre,39,Tauro,Contador,82000.0,152000.0
3137,Hombre,44,Escorpio,Ingeniero,86000.0,174000.0
3138,Prefiero no decirlo,38,Escorpio,Estudiante,17000.0,86000.0
3139,Mujer,49,Cáncer,Matemático,22000.0,79000.0
3140,Mujer,40,Picis,Programador,25000.0,111000.0
3141,Hombre,35,Virgo,Ingeniero,75000.0,167000.0
3142,Mujer,42,Aries,Ingeniero,38000.0,60000.0
3143,Mujer,40,Géminis,Profesor,15000.0,72000.0
3144,Hombre,37,Géminis,Profesor,83000.0,136000.0
3145,Hombre,35,Escorpio,Programador,46000.0,108000.0
3146,Mujer,45,Aries,Programador,40000.0,98000.0
3147,Hombre,39,Picis,Ingeniero,55000.0,94000.0
3148,Hombre,45,Picis,Programador,62000.0,93000.0
3149,Hombre,40,Picis,Ingeniero,86000.0,230000.0
3150,Hombre,40,Aries,Matemático,65000.0,106000.0
3151,Hombre,39,Acuario,Ingeniero,49000.0,127000.0
3152,Mujer,43,Géminis,Maestro,29000.0,91000.0
3153,Hombre,43,Leo,Programador,88000.0,180000.0
3154,Mujer,39,Tauro,Economista,17000.0,72000.0
3155,Mujer,43,Acuario,Ingeniero,25000.0,80000.0
3156,Hombre,47,Picis,Ingeniero,65000.0,119000.0
3157,Hombre,33,Cáncer,Físico,75000.0,117000.0
3158,Hombre,41,Sagitario,Ingeniero,83000.0,121000.0
3159,Otro,36,Géminis,Profesor,36000.0,80000.0
3160,Hombre,35,Picis,Ingeniero,89000.0,126000.0
3161,Mujer,30,Sagitario,Programador,24000.0,147000.0
3162,Mujer,41,Géminis,Programador,14000.0,50000.0
3163,Mujer,38,Tauro,Ingeniero,31000.0,58000.0
3164,Mujer,39,Libra,Profesor,26000.0,106000.0
3165,Hombre,42,Virgo,Programador,99000.0,120000.0
3166,Hombre,42,Tauro,Programador,69000.0,112000.0
3167,Hombre,40,Sagitario,Programador,79000.0,151000.0
3168,Hombre,51,Leo,Maestro,74000.0,151000.0
3169,Hombre,38,Cáncer,Profesor,80000.0,123000.0
3170,Hombre,37,Virgo,Programador,71000.0,128000.0
3171,Mujer,41,Virgo,Estudiante,35000.0,59000.0
3172,Hombre,34,Aries,Matemático,71000.0,166000.0
3173,Mujer,35,Sagitario,Programador,26000.0,72000.0
3174,Hombre,39,Cáncer,Ingeniero,59000.0,206000.0
3175,Mujer,44,Leo,Físico,26000.0,61000.0
3176,Hombre,38,Acuario,Programador,58000.0,121000.0
3177,Hombre,37,Géminis,Programador,75000.0,104000.0
3178,Hombre,37,Capricornio,Ingeniero,50000.0,151000.0
3179,Mujer,42,Virgo,Maestro,43000.0,73000.0
3180,Mujer,40,Escorpio,Programador,24000.0,46000.0
3181,Mujer,39,Cáncer,Profesor,42000.0,101000.0
3182,Mujer,32,Cáncer,Estudiante,19000.0,73000.0
3183,Hombre,30,Sagitario,Programador,70000.0,138000.0
3184,Hombre,44,Tauro,Programador,93000.0,156000.0
3185,Hombre,38,Picis,Ingeniero,87000.0,112000.0
3186,Mujer,46,Acuario,Profesor,25000.0,88000.0
3187,Hombre,40,Sagitario,Ingeniero,49000.0,108000.0
3188,Mujer,38,Libra,Programador,31000.0,91000.0
3189,Mujer,43,Géminis,Ingeniero,24000.0,66000.0
3190,Hombre,36,Tauro,Físico,48000.0,123000.0
3191,Mujer,38,Cáncer,Programador,19000.0,60000.0
3192,Hombre,42,Sagitario,Programador,94000.0,126000.0
3193,Hombre,39,Escorpio,Programador,48000.0,120000.0
3194,Hombre,33,Libra,Profesor,71000.0,136000.0
3195,Hombre,34,Aries,Ingeniero,90000.0,121000.0
3196,Otro,44,Tauro,Ingeniero,20000.0,95000.0
3197,Hombre,39,Tauro,Matemático,84000.0,124000.0
3198,Hombre,26,Cáncer,Estudiante,95000.0,124000.0
3199,Hombre,45,Capricornio,Profesor,94000.0,120000.0
3200,Hombre,31,Leo,Economista,103000.0,75000.0
3201,Hombre,42,Capricornio,Profesor,64000.0,91000.0
3202,Hombre,46,Aries,Ingeniero,78000.0,117000.0
3203,Hombre,33,Tauro,Ingeniero,90000.0,111000.0
3204,Mujer,41,Sagitario,Ingeniero,14000.0,76000.0
3205,Mujer,36,Virgo,Programador,42000.0,57000.0
3206,Mujer,48,Aries,Programador,25000.0,26000.0
3207,Hombre,40,Capricornio,Programador,84000.0,82000.0
3208,Hombre,39,Tauro,Programador,100000.0,95000.0
3209,Mujer,30,Libra,Físico,27000.0,47000.0
3210,Hombre,35,Tauro,Ingeniero,78000.0,134000.0
3211,Hombre,35,Leo,Ingeniero,78000.0,177000.0
3212,Mujer,35,Géminis,Programador,26000.0,66000.0
3213,Hombre,43,Capricornio,Programador,66000.0,127000.0
3214,Hombre,40,Aries,Programador,102000.0,148000.0
3215,Hombre,46,Cáncer,Contador,74000.0,177000.0
3216,Hombre,38,Cáncer,Ingeniero,66000.0,195000.0
3217,Hombre,38,Leo,Matemático,79000.0,127000.0
3218,Hombre,33,Tauro,Programador,96000.0,152000.0
3219,Mujer,37,Acuario,Programador,41000.0,42000.0
3220,Mujer,40,Sagitario,Físico,25000.0,55000.0
3221,Hombre,43,Virgo,Programador,115000.0,120000.0
3222,Hombre,41,Picis,Profesor,64000.0,101000.0
3223,Mujer,42,Cáncer,Ingeniero,27000.0,92000.0
3224,Mujer,36,Acuario,Ingeniero,26000.0,94000.0
3225,Hombre,35,Escorpio,Economista,75000.0,85000.0
3226,Mujer,37,Tauro,Profesor,22000.0,119000.0
3227,Hombre,30,Picis,Programador,85000.0,145000.0
3228,Hombre,37,Acuario,Programador,77000.0,133000.0
3229,Mujer,37,Tauro,Profesor,23000.0,73000.0
3230,Mujer,46,Picis,Profesor,33000.0,83000.0
3231,Hombre,36,Capricornio,Estudiante,82000.0,110000.0
3232,Hombre,33,Acuario,Profesor,75000.0,108000.0
3233,Hombre,48,Cáncer,Profesor,80000.0,179000.0
3234,Mujer,35,Acuario,Ingeniero,47000.0,57000.0
3235,Mujer,43,Virgo,Programador,35000.0,75000.0
3236,Otro,42,Cáncer,Ingeniero,39000.0,74000.0
3237,Hombre,29,Capricornio,Profesor,83000.0,92000.0
3238,Hombre,47,Leo,Profesor,80000.0,101000.0
3239,Hombre,39,Géminis,Profesor,57000.0,124000.0
3240,Mujer,42,Sagitario,Ingeniero,22000.0,81000.0
3241,Mujer,38,Acuario,Programador,17000.0,109000.0
3242,Prefiero no decirlo,38,Aries,Programador,29000.0,108000.0
3243,Hombre,46,Escorpio,Profesor,66000.0,162000.0
3244,Hombre,41,Acuario,Programador,53000.0,165000.0
3245,Mujer,44,Leo,Programador,36000.0,58000.0
3246,Hombre,50,Sagitario,Programador,70000.0,233000.0
3247,Hombre,46,Aries,Contador,68000.0,161000.0
3248,Hombre,50,Tauro,Ingeniero,71000.0,127000.0
3249,Mujer,41,Capricornio,Contador,59000.0,66000.0
3250,Hombre,32,Virgo,Ingeniero,81000.0,142000.0
3251,Mujer,28,Capricornio,Programador,41000.0,56000.0
3252,Prefiero no decirlo,40,Libra,Ingeniero,34000.0,80000.0
3253,Hombre,32,Tauro,Estudiante,81000.0,118000.0
3254,Prefiero no decirlo,34,Libra,Profesor,30000.0,59000.0
3255,Hombre,33,Sagitario,Profesor,72000.0,144000.0
3256,Mujer,40,Picis,Programador,22000.0,108000.0
3257,Mujer,35,Tauro,Profesor,34000.0,92000.0
3258,Hombre,45,Aries,Físico,86000.0,148000.0
3259,Mujer,39,Picis,Ingeniero,40000.0,53000.0
3260,Hombre,35,Géminis,Programador,79000.0,209000.0
3261,Hombre,37,Picis,Ingeniero,96000.0,163000.0
3262,Prefiero no decirlo,42,Sagitario,Programador,48000.0,90000.0
3263,Prefiero no decirlo,40,Escorpio,Profesor,48000.0,85000.0
3264,Mujer,36,Tauro,Programador,18000.0,53000.0
3265,Otro,41,Sagitario,Programador,22000.0,68000.0
3266,Mujer,45,Capricornio,Profesor,17000.0,49000.0
3267,Mujer,40,Cáncer,Economista,30000.0,103000.0
3268,Hombre,32,Picis,Programador,75000.0,115000.0
3269,Otro,38,Géminis,Programador,15000.0,56000.0
3270,Mujer,35,Géminis,Estudiante,22000.0,68000.0
3271,Hombre,28,Géminis,Programador,88000.0,141000.0
3272,Hombre,40,Capricornio,Físico,64000.0,117000.0
3273,Hombre,37,Picis,Programador,66000.0,127000.0
3274,Hombre,32,Tauro,Programador,64000.0,138000.0
3275,Hombre,48,Capricornio,Profesor,90000.0,159000.0
3276,Hombre,33,Géminis,Economista,62000.0,97000.0
3277,Hombre,30,Virgo,Ingeniero,79000.0,108000.0
3278,Hombre,38,Cáncer,Programador,84000.0,153000.0
3279,Hombre,43,Sagitario,Contador,57000.0,141000.0
3280,Mujer,43,Leo,Programador,37000.0,68000.0
3281,Mujer,47,Aries,Economista,15000.0,78000.0
3282,Hombre,39,Picis,Programador,81000.0,171000.0
3283,Mujer,37,Libra,Estudiante,26000.0,107000.0
3284,Hombre,33,Cáncer,Contador,88000.0,164000.0
3285,Hombre,45,Acuario,Ingeniero,91000.0,136000.0
3286,Hombre,40,Cáncer,Programador,88000.0,141000.0
3287,Hombre,40,Virgo,Programador,69000.0,206000.0
3288,Hombre,43,Aries,Programador,65000.0,130000.0
3289,Hombre,32,Virgo,Programador,78000.0,131000.0
3290,Hombre,28,Escorpio,Profesor,62000.0,104000.0
3291,Mujer,41,Libra,Matemático,32000.0,103000.0
3292,Mujer,42,Leo,Programador,26000.0,104000.0
3293,Hombre,29,Leo,Programador,39000.0,94000.0
3294,Hombre,40,Capricornio,Profesor,76000.0,127000.0
3295,Hombre,35,Picis,Ingeniero,98000.0,151000.0
3296,Mujer,38,Libra,Ingeniero,37000.0,105000.0
3297,Hombre,41,Cáncer,Ingeniero,70000.0,142000.0
3298,Hombre,39,Escorpio,Ingeniero,61000.0,141000.0
3299,Hombre,37,Picis,Profesor,90000.0,192000.0
3300,Mujer,36,Tauro,Profesor,19000.0,59000.0
3301,Mujer,35,Tauro,Contador,15000.0,59000.0
3302,Hombre,43,Leo,Programador,101000.0,145000.0
3303,Hombre,38,Acuario,Profesor,60000.0,101000.0
3304,Hombre,50,Leo,Ingeniero,56000.0,118000.0
3305,Mujer,52,Tauro,Físico,28000.0,57000.0
3306,Hombre,39,Leo,Programador,67000.0,164000.0
3307,Hombre,41,Acuario,Programador,99000.0,128000.0
3308,Mujer,46,Cáncer,Ingeniero,32000.0,59000.0
3309,Hombre,38,Leo,Maestro,72000.0,88000.0
3310,Hombre,37,Escorpio,Contador,66000.0,112000.0
3311,Mujer,40,Acuario,Físico,23000.0,70000.0
3312,Otro,40,Capricornio,Programador,30000.0,59000.0
3313,Hombre,45,Picis,Economista,97000.0,172000.0
3314,Prefiero no decirlo,47,Virgo,Maestro,40000.0,99000.0
3315,Mujer,37,Picis,Ingeniero,25000.0,49000.0
3316,Hombre,39,Cáncer,Matemático,79000.0,134000.0
3317,Mujer,35,Sagitario,Profesor,35000.0,56000.0
3318,Mujer,31,Escorpio,Programador,41000.0,72000.0
3319,Mujer,42,Acuario,Programador,33000.0,67000.0
3320,Hombre,47,Géminis,Profesor,97000.0,117000.0
3321,Hombre,46,Leo,Contador,71000.0,95000.0
3322,Hombre,40,Virgo,Ingeniero,68000.0,170000.0
3323,Hombre,44,Tauro,Matemático,50000.0,191000.0
3324,Hombre,40,Tauro,Profesor,82000.0,129000.0
3325,Prefiero no decirlo,32,Capricornio,Contador,30000.0,53000.0
3326,Hombre,44,Géminis,Programador,80000.0,191000.0
3327,Mujer,37,Libra,Programador,51000.0,97000.0
3328,Hombre,32,Capricornio,Ingeniero,83000.0,104000.0
3329,Hombre,38,Géminis,Programador,66000.0,154000.0
3330,Hombre,44,Acuario,Ingeniero,46000.0,132000.0
3331,Hombre,38,Sagitario,Ingeniero,59000.0,122000.0
3332,Hombre,35,Aries,Ingeniero,60000.0,154000.0
3333,Hombre,38,Capricornio,Ingeniero,53000.0,143000.0
3334,Mujer,40,Virgo,Profesor,23000.0,58000.0
3335,Hombre,41,Cáncer,Programador,58000.0,124000.0
3336,Prefiero no decirlo,48,Aries,Programador,19000.0,51000.0
3337,Hombre,36,Escorpio,Programador,92000.0,148000.0
3338,Hombre,48,Virgo,Profesor,78000.0,151000.0
3339,Mujer,41,Géminis,Programador,25000.0,105000.0
3340,Prefiero no decirlo,34,Libra,Físico,33000.0,106000.0
3341,Hombre,39,Libra,Ingeniero,71000.0,129000.0
3342,Mujer,42,Sagitario,Profesor,26000.0,45000.0
3343,Mujer,53,Aries,Profesor,20000.0,78000.0
3344,Hombre,40,Aries,Programador,76000.0,254000.0
3345,Otro,50,Tauro,Profesor,25000.0,90000.0
3346,Prefiero no decirlo,38,Sagitario,Programador,26000.0,90000.0
3347,Mujer,32,Aries,Ingeniero,32000.0,106000.0
3348,Hombre,37,Tauro,Programador,78000.0,98000.0
3349,Hombre,37,Capricornio,Físico,70000.0,101000.0
3350,Mujer,44,Libra,Profesor,31000.0,78000.0
3351,Mujer,37,Tauro,Economista,44000.0,131000.0
3352,Hombre,38,Tauro,Programador,44000.0,143000.0
3353,Mujer,39,Aries,Profesor,34000.0,94000.0
3354,Mujer,40,Libra,Maestro,39000.0,81000.0
3355,Hombre,44,Aries,Profesor,75000.0,102000.0
3356,Hombre,47,Libra,Economista,66000.0,95000.0
3357,Mujer,45,Leo,Físico,29000.0,87000.0
3358,Mujer,31,Tauro,Profesor,33000.0,123000.0
3359,Mujer,33,Tauro,Programador,28000.0,64000.0
3360,Hombre,39,Sagitario,Programador,59000.0,117000.0
3361,Mujer,43,Cáncer,Físico,32000.0,134000.0
3362,Hombre,29,Escorpio,Profesor,63000.0,150000.0
3363,Prefiero no decirlo,40,Cáncer,Profesor,26000.0,80000.0
3364,Hombre,50,Aries,Ingeniero,42000.0,131000.0
3365,Mujer,40,Picis,Profesor,15000.0,90000.0
3366,Hombre,41,Capricornio,Profesor,79000.0,124000.0
3367,Otro,42,Acuario,Profesor,23000.0,85000.0
3368,Hombre,37,Cáncer,Programador,60000.0,126000.0
3369,Hombre,39,Leo,Economista,62000.0,123000.0
3370,Mujer,30,Virgo,Ingeniero,16000.0,54000.0
3371,Hombre,36,Aries,Economista,35000.0,127000.0
3372,Mujer,40,Aries,Programador,50000.0,81000.0
3373,Hombre,33,Capricornio,Profesor,65000.0,94000.0
3374,Hombre,48,Aries,Programador,114000.0,161000.0
3375,Mujer,36,Aries,Programador,15000.0,68000.0
3376,Hombre,37,Escorpio,Programador,101000.0,163000.0
3377,Hombre,38,Cáncer,Programador,87000.0,106000.0
3378,Hombre,36,Acuario,Programador,88000.0,95000.0
3379,Hombre,36,Sagitario,Programador,98000.0,119000.0
3380,Hombre,39,Virgo,Ingeniero,71000.0,147000.0
3381,Hombre,34,Acuario,Profesor,62000.0,69000.0
3382,Hombre,43,Virgo,Maestro,78000.0,101000.0
3383,Hombre,38,Cáncer,Profesor,62000.0,134000.0
3384,Hombre,39,Picis,Profesor,62000.0,91000.0
3385,Hombre,37,Tauro,Ingeniero,61000.0,92000.0
3386,Mujer,47,Picis,Contador,35000.0,50000.0
3387,Hombre,40,Virgo,Matemático,51000.0,132000.0
3388,Hombre,42,Picis,Matemático,85000.0,131000.0
3389,Hombre,44,Cáncer,Economista,61000.0,84000.0
3390,Hombre,33,Leo,Programador,67000.0,126000.0
3391,Mujer,35,Capricornio,Programador,21000.0,40000.0
3392,Mujer,41,Géminis,Estudiante,10000.0,63000.0
3393,Hombre,45,Sagitario,Ingeniero,62000.0,126000.0
3394,Mujer,45,Aries,Programador,21000.0,76000.0
3395,Hombre,34,Picis,Estudiante,59000.0,242000.0
3396,Mujer,38,Cáncer,Ingeniero,35000.0,65000.0
3397,Hombre,45,Sagitario,Contador,80000.0,117000.0
3398,Hombre,40,Tauro,Contador,93000.0,141000.0
3399,Hombre,40,Aries,Programador,90000.0,89000.0
3400,Hombre,39,Sagitario,Programador,67000.0,164000.0
3401,Prefiero no decirlo,44,Tauro,Programador,35000.0,88000.0
3402,Hombre,35,Géminis,Maestro,95000.0,114000.0
3403,Mujer,37,Libra,Ingeniero,22000.0,96000.0
3404,Mujer,43,Tauro,Ingeniero,24000.0,155000.0
3405,Hombre,29,Géminis,Programador,73000.0,163000.0
3406,Hombre,39,Géminis,Programador,74000.0,187000.0
3407,Hombre,40,Tauro,Contador,90000.0,197000.0
3408,Mujer,46,Escorpio,Economista,18000.0,99000.0
3409,Mujer,42,Sagitario,Programador,22000.0,84000.0
3410,Hombre,47,Géminis,Ingeniero,74000.0,170000.0
3411,Hombre,44,Géminis,Profesor,75000.0,171000.0
3412,Hombre,41,Cáncer,Programador,78000.0,163000.0
3413,Mujer,41,Virgo,Programador,29000.0,86000.0
3414,Mujer,40,Capricornio,Programador,22000.0,66000.0
3415,Mujer,36,Escorpio,Profesor,18000.0,68000.0
3416,Hombre,38,Géminis,Ingeniero,68000.0,126000.0
3417,Hombre,37,Sagitario,Programador,72000.0,142000.0
3418,Hombre,39,Virgo,Programador,87000.0,124000.0
3419,Mujer,37,Tauro,Ingeniero,41000.0,75000.0
3420,Hombre,38,Sagitario,Ingeniero,75000.0,168000.0
3421,Hombre,42,Escorpio,Profesor,118000.0,115000.0
3422,Hombre,35,Capricornio,Físico,95000.0,132000.0
3423,Hombre,31,Capricornio,Programador,92000.0,113000.0
3424,Mujer,42,Tauro,Ingeniero,16000.0,81000.0
3425,Mujer,39,Picis,Economista,18000.0,62000.0
3426,Hombre,37,Picis,Profesor,83000.0,130000.0
3427,Hombre,38,Tauro,Economista,82000.0,91000.0
3428,Otro,37,Acuario,Ingeniero,35000.0,133000.0
3429,Hombre,44,Escorpio,Profesor,90000.0,75000.0
3430,Mujer,35,Libra,Programador,18000.0,92000.0
3431,Hombre,22,Géminis,Estudiante,65000.0,149000.0
3432,Hombre,34,Cáncer,Profesor,69000.0,174000.0
3433,Hombre,38,Sagitario,Ingeniero,72000.0,136000.0
3434,Hombre,40,Picis,Ingeniero,42000.0,156000.0
3435,Hombre,50,Acuario,Contador,70000.0,144000.0
3436,Hombre,42,Leo,Físico,85000.0,132000.0
3437,Mujer,36,Virgo,Programador,39000.0,71000.0
3438,Mujer,36,Géminis,Programador,39000.0,38000.0
3439,Hombre,43,Cáncer,Profesor,77000.0,147000.0
3440,Mujer,31,Leo,Programador,16000.0,48000.0
3441,Hombre,40,Tauro,Estudiante,85000.0,128000.0
3442,Mujer,34,Tauro,Programador,23000.0,75000.0
3443,Mujer,35,Tauro,Programador,28000.0,119000.0
3444,Mujer,38,Capricornio,Programador,33000.0,102000.0
3445,Hombre,33,Acuario,Contador,72000.0,127000.0
3446,Hombre,36,Leo,Maestro,94000.0,130000.0
3447,Mujer,40,Aries,Programador,26000.0,73000.0
3448,Mujer,44,Escorpio,Profesor,33000.0,90000.0
3449,Mujer,41,Picis,Programador,28000.0,38000.0
3450,Hombre,34,Tauro,Físico,77000.0,123000.0
3451,Mujer,36,Cáncer,Programador,37000.0,69000.0
3452,Hombre,38,Leo,Ingeniero,95000.0,149000.0
3453,Mujer,35,Tauro,Físico,25000.0,44000.0
3454,Hombre,36,Escorpio,Programador,72000.0,164000.0
3455,Mujer,41,Aries,Programador,51000.0,46000.0
3456,Mujer,43,Picis,Ingeniero,43000.0,81000.0
3457,Mujer,45,Géminis,Economista,28000.0,68000.0
3458,Hombre,34,Virgo,Ingeniero,88000.0,151000.0
3459,Mujer,38,Géminis,Programador,33000.0,63000.0
3460,Hombre,38,Capricornio,Profesor,62000.0,116000.0
3461,Hombre,27,Escorpio,Economista,83000.0,126000.0
3462,Mujer,37,Escorpio,Programador,29000.0,59000.0
3463,Hombre,36,Cáncer,Estudiante,79000.0,77000.0
3464,Hombre,43,Libra,Matemático,63000.0,135000.0
3465,Hombre,48,Aries,Profesor,93000.0,119000.0
3466,Hombre,35,Aries,Ingeniero,73000.0,188000.0
3467,Hombre,45,Libra,Programador,63000.0,146000.0
3468,Hombre,47,Picis,Ingeniero,82000.0,141000.0
3469,Hombre,43,Aries,Ingeniero,56000.0,84000.0
3470,Hombre,41,Leo,Programador,101000.0,141000.0
3471,Mujer,37,Escorpio,Ingeniero,40000.0,71000.0
3472,Hombre,33,Cáncer,Programador,52000.0,133000.0
3473,Mujer,40,Tauro,Profesor,37000.0,60000.0
3474,Mujer,37,Capricornio,Programador,34000.0,91000.0
3475,Mujer,39,Escorpio,Ingeniero,19000.0,45000.0
3476,Hombre,41,Tauro,Programador,87000.0,105000.0
3477,Hombre,39,Capricornio,Ingeniero,100000.0,133000.0
3478,Hombre,37,Capricornio,Programador,66000.0,115000.0
3479,Mujer,31,Cáncer,Programador,35000.0,83000.0
3480,Prefiero no decirlo,35,Sagitario,Ingeniero,32000.0,75000.0
3481,Mujer,50,Escorpio,Ingeniero,22000.0,79000.0
3482,Hombre,42,Virgo,Físico,127000.0,156000.0
3483,Hombre,39,Picis,Estudiante,92000.0,208000.0
3484,Hombre,32,Capricornio,Programador,88000.0,177000.0
3485,Hombre,39,Picis,Economista,103000.0,121000.0
3486,Mujer,42,Virgo,Programador,38000.0,94000.0
3487,Mujer,46,Tauro,Economista,26000.0,81000.0
3488,Hombre,37,Géminis,Programador,65000.0,73000.0
3489,Mujer,42,Acuario,Programador,37000.0,79000.0
3490,Hombre,39,Géminis,Ingeniero,122000.0,82000.0
3491,Hombre,29,Acuario,Ingeniero,69000.0,177000.0
3492,Hombre,31,Libra,Maestro,75000.0,111000.0
3493,Mujer,40,Virgo,Ingeniero,65000.0,68000.0
3494,Mujer,40,Capricornio,Programador,22000.0,108000.0
3495,Hombre,48,Aries,Programador,67000.0,131000.0
3496,Hombre,39,Virgo,Programador,56000.0,123000.0
3497,Mujer,44,Virgo,Profesor,27000.0,71000.0
3498,Hombre,40,Escorpio,Contador,94000.0,212000.0
3499,Hombre,39,Acuario,Ingeniero,65000.0,139000.0
3500,Hombre,33,Libra,Programador,84000.0,107000.0
3501,Hombre,46,Géminis,Profesor,53000.0,148000.0
3502,Prefiero no decirlo,28,Virgo,Programador,22000.0,97000.0
3503,Mujer,44,Escorpio,Ingeniero,21000.0,48000.0
3504,Hombre,32,Capricornio,Profesor,75000.0,137000.0
3505,Hombre,38,Picis,Contador,62000.0,123000.0
3506,Mujer,37,Aries,Programador,17000.0,66000.0
3507,Mujer,39,Géminis,Programador,22000.0,83000.0
3508,Hombre,44,Acuario,Profesor,73000.0,90000.0
3509,Hombre,45,Aries,Estudiante,59000.0,108000.0
3510,Prefiero no decirlo,31,Géminis,Programador,26000.0,56000.0
3511,Hombre,41,Tauro,Programador,63000.0,114000.0
3512,Hombre,37,Picis,Contador,56000.0,135000.0
3513,Mujer,36,Aries,Profesor,31000.0,36000.0
3514,Mujer,32,Sagitario,Maestro,22000.0,78000.0
3515,Hombre,35,Capricornio,Programador,61000.0,104000.0
3516,Hombre,35,Leo,Ingeniero,92000.0,121000.0
3517,Hombre,38,Acuario,Ingeniero,59000.0,109000.0
3518,Hombre,40,Picis,Ingeniero,73000.0,147000.0
3519,Hombre,42,Aries,Ingeniero,58000.0,172000.0
3520,Hombre,37,Leo,Ingeniero,80000.0,181000.0
3521,Mujer,37,Virgo,Programador,25000.0,82000.0
3522,Hombre,39,Capricornio,Programador,80000.0,123000.0
3523,Hombre,40,Géminis,Profesor,77000.0,166000.0
3524,Mujer,36,Géminis,Economista,21000.0,62000.0
3525,Hombre,34,Tauro,Contador,90000.0,238000.0
3526,Mujer,46,Virgo,Profesor,25000.0,68000.0
3527,Hombre,35,Cáncer,Profesor,113000.0,186000.0
3528,Hombre,42,Aries,Ingeniero,58000.0,159000.0
3529,Mujer,35,Sagitario,Ingeniero,20000.0,72000.0
3530,Mujer,36,Capricornio,Matemático,37000.0,58000.0
3531,Mujer,45,Sagitario,Ingeniero,34000.0,38000.0
3532,Mujer,38,Cáncer,Ingeniero,19000.0,98000.0
3533,Hombre,40,Tauro,Matemático,64000.0,96000.0
3534,Mujer,44,Picis,Programador,18000.0,37000.0
3535,Hombre,48,Libra,Ingeniero,62000.0,110000.0
3536,Hombre,45,Escorpio,Programador,69000.0,121000.0
3537,Mujer,42,Acuario,Programador,31000.0,42000.0
3538,Mujer,43,Virgo,Programador,18000.0,54000.0
3539,Hombre,39,Acuario,Estudiante,115000.0,136000.0
3540,Hombre,31,Géminis,Programador,89000.0,186000.0
3541,Hombre,41,Géminis,Ingeniero,78000.0,128000.0
3542,Mujer,41,Cáncer,Estudiante,24000.0,68000.0
3543,Hombre,37,Cáncer,Programador,80000.0,215000.0
3544,Mujer,37,Leo,Programador,21000.0,73000.0
3545,Mujer,51,Aries,Maestro,18000.0,66000.0
3546,Hombre,35,Picis,Profesor,88000.0,131000.0
3547,Hombre,39,Picis,Profesor,58000.0,142000.0
3548,Mujer,43,Picis,Economista,28000.0,125000.0
3549,Mujer,33,Géminis,Ingeniero,14000.0,50000.0
3550,Mujer,38,Virgo,Ingeniero,25000.0,65000.0
3551,Mujer,42,Escorpio,Programador,15000.0,60000.0
3552,Hombre,35,Libra,Programador,74000.0,261000.0
3553,Mujer,34,Picis,Programador,19000.0,49000.0
3554,Mujer,45,Cáncer,Programador,33000.0,85000.0
3555,Hombre,42,Virgo,Profesor,84000.0,175000.0
3556,Hombre,30,Leo,Programador,60000.0,167000.0
3557,Hombre,37,Libra,Ingeniero,89000.0,127000.0
3558,Mujer,47,Géminis,Economista,30000.0,46000.0
3559,Hombre,32,Capricornio,Físico,85000.0,128000.0
3560,Hombre,45,Sagitario,Físico,55000.0,143000.0
3561,Mujer,40,Acuario,Programador,29000.0,85000.0
3562,Hombre,39,Escorpio,Profesor,75000.0,107000.0
3563,Hombre,31,Géminis,Físico,69000.0,95000.0
3564,Hombre,41,Sagitario,Profesor,42000.0,93000.0
3565,Mujer,38,Picis,Profesor,64000.0,71000.0
3566,Hombre,43,Libra,Ingeniero,57000.0,195000.0
3567,Hombre,40,Leo,Ingeniero,45000.0,138000.0
3568,Mujer,38,Capricornio,Economista,18000.0,88000.0
3569,Otro,46,Leo,Programador,31000.0,51000.0
3570,Hombre,38,Sagitario,Programador,76000.0,125000.0
3571,Mujer,42,Capricornio,Ingeniero,24000.0,68000.0
3572,Hombre,46,Acuario,Ingeniero,85000.0,138000.0
3573,Mujer,38,Libra,Maestro,20000.0,45000.0
3574,Mujer,32,Sagitario,Programador,23000.0,75000.0
3575,Hombre,45,Cáncer,Programador,109000.0,154000.0
3576,Hombre,37,Capricornio,Programador,62000.0,112000.0
3577,Hombre,43,Libra,Programador,97000.0,95000.0
3578,Mujer,37,Aries,Programador,38000.0,108000.0
3579,Hombre,36,Acuario,Profesor,65000.0,109000.0
3580,Hombre,37,Escorpio,Profesor,58000.0,160000.0
3581,Mujer,36,Tauro,Programador,16000.0,80000.0
3582,Mujer,34,Tauro,Profesor,18000.0,82000.0
3583,Mujer,41,Picis,Estudiante,37000.0,84000.0
3584,Mujer,37,Libra,Programador,22000.0,72000.0
3585,Hombre,48,Escorpio,Profesor,67000.0,135000.0
3586,Hombre,35,Aries,Programador,62000.0,170000.0
3587,Mujer,48,Tauro,Ingeniero,36000.0,54000.0
3588,Mujer,33,Tauro,Ingeniero,18000.0,79000.0
3589,Hombre,40,Libra,Programador,67000.0,92000.0
3590,Hombre,42,Picis,Profesor,52000.0,120000.0
3591,Mujer,44,Tauro,Físico,23000.0,83000.0
3592,Hombre,36,Virgo,Matemático,46000.0,103000.0
3593,Mujer,36,Géminis,Físico,34000.0,77000.0
3594,Mujer,37,Libra,Matemático,24000.0,64000.0
3595,Hombre,37,Leo,Ingeniero,97000.0,99000.0
3596,Mujer,33,Cáncer,Programador,12000.0,95000.0
3597,Otro,41,Picis,Ingeniero,33000.0,50000.0
3598,Prefiero no decirlo,34,Virgo,Programador,36000.0,69000.0
3599,Hombre,39,Leo,Profesor,60000.0,175000.0
3600,Mujer,36,Libra,Estudiante,29000.0,47000.0
3601,Otro,40,Géminis,Programador,50000.0,67000.0
3602,Hombre,37,Libra,Programador,99000.0,98000.0
3603,Hombre,45,Virgo,Programador,85000.0,120000.0
3604,Hombre,39,Picis,Profesor,105000.0,80000.0
3605,Hombre,35,Escorpio,Ingeniero,58000.0,149000.0
3606,Hombre,40,Libra,Profesor,78000.0,124000.0
3607,Hombre,44,Libra,Profesor,65000.0,157000.0
3608,Hombre,47,Aries,Contador,56000.0,134000.0
3609,Hombre,43,Capricornio,Profesor,87000.0,127000.0
3610,Hombre,39,Acuario,Programador,76000.0,141000.0
3611,Mujer,40,Capricornio,Programador,27000.0,98000.0
3612,Hombre,39,Sagitario,Ingeniero,70000.0,204000.0
3613,Mujer,41,Leo,Programador,48000.0,46000.0
3614,Mujer,45,Sagitario,Programador,26000.0,136000.0
3615,Mujer,33,Capricornio,Matemático,22000.0,58000.0
3616,Hombre,43,Géminis,Contador,52000.0,136000.0
3617,Mujer,30,Aries,Economista,31000.0,94000.0
3618,Otro,38,Sagitario,Profesor,39000.0,75000.0
3619,Hombre,37,Picis,Ingeniero,81000.0,157000.0
3620,Mujer,33,Cáncer,Profesor,24000.0,76000.0
3621,Hombre,40,Virgo,Economista,56000.0,100000.0
3622,Mujer,40,Capricornio,Programador,23000.0,81000.0
3623,Mujer,45,Géminis,Ingeniero,27000.0,105000.0
3624,Hombre,40,Picis,Economista,86000.0,151000.0
3625,Mujer,42,Escorpio,Economista,36000.0,96000.0
3626,Mujer,36,Picis,Economista,22000.0,24000.0
3627,Mujer,38,Tauro,Matemático,27000.0,88000.0
3628,Hombre,39,Sagitario,Maestro,120000.0,218000.0
3629,Hombre,38,Aries,Ingeniero,70000.0,151000.0
3630,Mujer,34,Aries,Programador,27000.0,107000.0
3631,Mujer,41,Escorpio,Profesor,29000.0,119000.0
3632,Hombre,34,Escorpio,Programador,121000.0,159000.0
3633,Mujer,32,Virgo,Ingeniero,36000.0,53000.0
3634,Hombre,45,Tauro,Profesor,74000.0,198000.0
3635,Mujer,31,Leo,Profesor,26000.0,116000.0
3636,Hombre,40,Tauro,Programador,122000.0,166000.0
3637,Hombre,57,Libra,Profesor,68000.0,72000.0
3638,Mujer,44,Acuario,Programador,38000.0,69000.0
3639,Hombre,36,Picis,Programador,65000.0,105000.0
3640,Hombre,36,Géminis,Programador,59000.0,116000.0
3641,Mujer,41,Tauro,Programador,24000.0,40000.0
3642,Hombre,40,Géminis,Profesor,77000.0,105000.0
3643,Hombre,41,Escorpio,Ingeniero,93000.0,190000.0
3644,Prefiero no decirlo,43,Tauro,Programador,30000.0,57000.0
3645,Hombre,40,Acuario,Programador,84000.0,111000.0
3646,Mujer,39,Libra,Contador,16000.0,94000.0
3647,Mujer,36,Aries,Contador,32000.0,74000.0
3648,Hombre,39,Picis,Programador,82000.0,193000.0
3649,Hombre,35,Aries,Matemático,63000.0,120000.0
3650,Hombre,40,Escorpio,Programador,62000.0,124000.0
3651,Hombre,38,Capricornio,Profesor,70000.0,120000.0
3652,Mujer,45,Géminis,Programador,50000.0,105000.0
3653,Mujer,36,Cáncer,Ingeniero,14000.0,45000.0
3654,Hombre,32,Géminis,Físico,78000.0,162000.0
3655,Hombre,41,Géminis,Matemático,56000.0,127000.0
3656,Hombre,41,Capricornio,Profesor,126000.0,141000.0
3657,Hombre,46,Tauro,Profesor,60000.0,198000.0
3658,Mujer,43,Aries,Programador,26000.0,44000.0
3659,Hombre,34,Capricornio,Ingeniero,63000.0,115000.0
3660,Hombre,41,Escorpio,Programador,88000.0,189000.0
3661,Hombre,40,Escorpio,Ingeniero,81000.0,95000.0
3662,Mujer,44,Acuario,Ingeniero,25000.0,71000.0
3663,Mujer,46,Picis,Profesor,31000.0,91000.0
3664,Hombre,45,Virgo,Ingeniero,96000.0,143000.0
3665,Hombre,36,Virgo,Contador,78000.0,224000.0
3666,Mujer,41,Cáncer,Ingeniero,43000.0,48000.0
3667,Mujer,34,Virgo,Ingeniero,32000.0,95000.0
3668,Hombre,31,Cáncer,Programador,70000.0,153000.0
3669,Hombre,43,Picis,Maestro,62000.0,140000.0
3670,Hombre,38,Virgo,Ingeniero,61000.0,169000.0
3671,Prefiero no decirlo,51,Leo,Profesor,32000.0,111000.0
3672,Hombre,34,Virgo,Profesor,77000.0,215000.0
3673,Hombre,52,Capricornio,Contador,88000.0,180000.0
3674,Mujer,43,Picis,Programador,34000.0,89000.0
3675,Hombre,49,Géminis,Estudiante,78000.0,128000.0
3676,Hombre,45,Cáncer,Programador,75000.0,103000.0
3677,Hombre,43,Leo,Programador,82000.0,185000.0
3678,Hombre,31,Virgo,Programador,74000.0,129000.0
3679,Hombre,41,Tauro,Profesor,92000.0,107000.0
3680,Mujer,36,Picis,Programador,21000.0,84000.0
3681,Mujer,29,Leo,Programador,20000.0,97000.0
3682,Hombre,38,Libra,Programador,89000.0,113000.0
3683,Mujer,36,Sagitario,Profesor,38000.0,46000.0
3684,Mujer,39,Cáncer,Ingeniero,36000.0,56000.0
3685,Hombre,36,Cáncer,Programador,68000.0,175000.0
3686,Mujer,41,Sagitario,Programador,28000.0,87000.0
3687,Hombre,32,Escorpio,Ingeniero,59000.0,131000.0
3688,Hombre,38,Escorpio,Matemático,66000.0,72000.0
3689,Hombre,41,Géminis,Matemático,125000.0,168000.0
3690,Mujer,35,Escorpio,Físico,52000.0,110000.0
3691,Mujer,38,Sagitario,Programador,31000.0,76000.0
3692,Otro,24,Leo,Economista,22000.0,75000.0
3693,Prefiero no decirlo,33,Géminis,Programador,46000.0,83000.0
3694,Hombre,41,Aries,Estudiante,84000.0,125000.0
3695,Hombre,39,Escorpio,Programador,76000.0,147000.0
3696,Mujer,39,Acuario,Profesor,29000.0,82000.0
3697,Hombre,39,Leo,Estudiante,104000.0,134000.0
3698,Hombre,34,Cáncer,Profesor,64000.0,124000.0
3699,Hombre,42,Sagitario,Economista,84000.0,149000.0
3700,Hombre,36,Capricornio,Economista,85000.0,148000.0
3701,Mujer,41,Libra,Profesor,35000.0,86000.0
3702,Mujer,49,Sagitario,Profesor,31000.0,46000.0
3703,Hombre,37,Picis,Economista,67000.0,100000.0
3704,Hombre,44,Virgo,Profesor,68000.0,78000.0
3705,Hombre,38,Aries,Contador,72000.0,141000.0
3706,Hombre,36,Cáncer,Programador,43000.0,138000.0
3707,Hombre,42,Escorpio,Programador,78000.0,172000.0
3708,Hombre,38,Libra,Ingeniero,70000.0,185000.0
3709,Hombre,42,Leo,Ingeniero,80000.0,226000.0
3710,Hombre,49,Libra,Ingeniero,77000.0,113000.0
3711,Hombre,39,Leo,Estudiante,55000.0,176000.0
3712,Hombre,38,Géminis,Estudiante,71000.0,176000.0
3713,Hombre,42,Géminis,Programador,98000.0,149000.0
3714,Hombre,41,Escorpio,Físico,61000.0,93000.0
3715,Mujer,41,Cáncer,Economista,27000.0,66000.0
3716,Mujer,33,Libra,Profesor,24000.0,39000.0
3717,Mujer,35,Capricornio,Contador,27000.0,80000.0
3718,Mujer,35,Capricornio,Programador,21000.0,95000.0
3719,Hombre,45,Acuario,Programador,77000.0,132000.0
3720,Mujer,43,Leo,Matemático,28000.0,49000.0
3721,Mujer,46,Libra,Programador,41000.0,74000.0
3722,Mujer,32,Libra,Programador,34000.0,97000.0
3723,Mujer,43,Tauro,Economista,27000.0,71000.0
3724,Hombre,41,Géminis,Contador,73000.0,149000.0
3725,Mujer,51,Capricornio,Físico,24000.0,107000.0
3726,Hombre,45,Escorpio,Programador,56000.0,115000.0
3727,Mujer,39,Acuario,Programador,20000.0,62000.0
3728,Mujer,39,Géminis,Estudiante,28000.0,27000.0
3729,Hombre,41,Sagitario,Profesor,62000.0,130000.0
3730,Mujer,33,Libra,Matemático,16000.0,154000.0
3731,Mujer,32,Virgo,Programador,26000.0,49000.0
3732,Mujer,38,Géminis,Ingeniero,20000.0,129000.0
3733,Hombre,43,Picis,Profesor,58000.0,150000.0
3734,Hombre,42,Géminis,Matemático,60000.0,121000.0
3735,Hombre,41,Picis,Profesor,65000.0,102000.0
3736,Mujer,39,Capricornio,Economista,20000.0,78000.0
3737,Hombre,44,Géminis,Estudiante,72000.0,158000.0
3738,Mujer,39,Acuario,Profesor,26000.0,48000.0
3739,Hombre,35,Escorpio,Programador,93000.0,147000.0
3740,Mujer,33,Libra,Ingeniero,24000.0,96000.0
3741,Hombre,37,Aries,Ingeniero,63000.0,128000.0
3742,Mujer,34,Aries,Estudiante,41000.0,43000.0
3743,Hombre,35,Acuario,Programador,75000.0,214000.0
3744,Mujer,32,Capricornio,Programador,20000.0,149000.0
3745,Hombre,45,Picis,Ingeniero,51000.0,95000.0
3746,Mujer,35,Sagitario,Estudiante,32000.0,110000.0
3747,Mujer,37,Sagitario,Profesor,35000.0,40000.0
3748,Hombre,42,Libra,Matemático,78000.0,139000.0
3749,Hombre,32,Leo,Matemático,69000.0,101000.0
3750,Hombre,34,Capricornio,Programador,54000.0,156000.0
3751,Mujer,49,Sagitario,Maestro,25000.0,72000.0
3752,Hombre,35,Capricornio,Ingeniero,76000.0,96000.0
3753,Hombre,42,Libra,Ingeniero,55000.0,130000.0
3754,Hombre,49,Virgo,Ingeniero,59000.0,140000.0
3755,Hombre,43,Géminis,Profesor,102000.0,166000.0
3756,Mujer,42,Capricornio,Profesor,23000.0,94000.0
3757,Mujer,51,Aries,Economista,38000.0,123000.0
3758,Prefiero no decirlo,35,Aries,Profesor,26000.0,74000.0
3759,Otro,31,Capricornio,Estudiante,30000.0,63000.0
3760,Mujer,36,Cáncer,Programador,25000.0,46000.0
3761,Hombre,36,Géminis,Matemático,65000.0,103000.0
3762,Mujer,39,Acuario,Economista,24000.0,63000.0
3763,Prefiero no decirlo,36,Escorpio,Estudiante,25000.0,76000.0
3764,Hombre,44,Virgo,Maestro,84000.0,139000.0
3765,Hombre,43,Virgo,Estudiante,70000.0,94000.0
3766,Hombre,33,Sagitario,Contador,60000.0,95000.0
3767,Mujer,44,Sagitario,Profesor,16000.0,111000.0
3768,Mujer,39,Leo,Programador,26000.0,59000.0
3769,Hombre,27,Acuario,Programador,87000.0,94000.0
3770,Hombre,43,Picis,Programador,73000.0,161000.0
3771,Hombre,31,Picis,Ingeniero,51000.0,190000.0
3772,Mujer,47,Virgo,Estudiante,19000.0,59000.0
3773,Hombre,39,Aries,Contador,70000.0,126000.0
3774,Hombre,38,Escorpio,Programador,81000.0,117000.0
3775,Mujer,44,Picis,Programador,20000.0,121000.0
3776,Hombre,40,Escorpio,Profesor,71000.0,132000.0
3777,Mujer,45,Aries,Estudiante,28000.0,105000.0
3778,Hombre,42,Leo,Programador,115000.0,134000.0
3779,Mujer,38,Leo,Ingeniero,30000.0,55000.0
3780,Hombre,48,Tauro,Maestro,53000.0,132000.0
3781,Mujer,28,Géminis,Profesor,14000.0,111000.0
3782,Hombre,36,Géminis,Programador,72000.0,119000.0
3783,Mujer,34,Tauro,Programador,34000.0,62000.0
3784,Hombre,38,Cáncer,Ingeniero,94000.0,87000.0
3785,Mujer,40,Virgo,Estudiante,24000.0,69000.0
3786,Otro,40,Libra,Programador,22000.0,135000.0
3787,Hombre,46,Escorpio,Programador,93000.0,121000.0
3788,Hombre,40,Aries,Programador,54000.0,99000.0
3789,Mujer,44,Acuario,Profesor,34000.0,109000.0
3790,Hombre,36,Géminis,Profesor,74000.0,107000.0
3791,Hombre,36,Picis,Profesor,97000.0,170000.0
3792,Mujer,41,Leo,Ingeniero,14000.0,103000.0
3793,Hombre,39,Acuario,Matemático,70000.0,110000.0
3794,Mujer,45,Picis,Ingeniero,35000.0,64000.0
3795,Hombre,37,Acuario,Programador,61000.0,123000.0
3796,Hombre,43,Leo,Economista,69000.0,140000.0
3797,Hombre,40,Acuario,Programador,102000.0,77000.0
3798,Hombre,46,Virgo,Programador,58000.0,186000.0
3799,Mujer,39,Cáncer,Contador,21000.0,101000.0
3800,Mujer,40,Libra,Programador,40000.0,90000.0
3801,Prefiero no decirlo,45,Sagitario,Economista,28000.0,74000.0
3802,Mujer,33,Acuario,Profesor,23000.0,110000.0
3803,Mujer,42,Leo,Ingeniero,20000.0,65000.0
3804,Hombre,38,Picis,Profesor,84000.0,236000.0
3805,Mujer,36,Virgo,Matemático,44000.0,61000.0
3806,Mujer,44,Géminis,Contador,18000.0,55000.0
3807,Mujer,38,Capricornio,Programador,21000.0,91000.0
3808,Mujer,42,Géminis,Programador,16000.0,73000.0
3809,Prefiero no decirlo,48,Sagitario,Ingeniero,23000.0,82000.0
3810,Hombre,45,Picis,Maestro,63000.0,193000.0
3811,Hombre,52,Virgo,Programador,76000.0,156000.0
3812,Hombre,35,Tauro,Ingeniero,58000.0,158000.0
3813,Hombre,31,Capricornio,Programador,74000.0,140000.0
3814,Mujer,41,Aries,Programador,16000.0,105000.0
3815,Mujer,45,Picis,Ingeniero,25000.0,76000.0
3816,Hombre,41,Capricornio,Estudiante,66000.0,150000.0
3817,Mujer,27,Virgo,Programador,23000.0,104000.0
3818,Hombre,41,Acuario,Ingeniero,93000.0,114000.0
3819,Hombre,39,Leo,Programador,74000.0,139000.0
3820,Mujer,44,Sagitario,Programador,18000.0,84000.0
3821,Hombre,32,Sagitario,Profesor,129000.0,148000.0
3822,Hombre,44,Virgo,Programador,78000.0,162000.0
3823,Hombre,32,Tauro,Ingeniero,97000.0,154000.0
3824,Mujer,33,Géminis,Profesor,24000.0,50000.0
3825,Hombre,27,Picis,Programador,79000.0,83000.0
3826,Mujer,48,Capricornio,Programador,30000.0,95000.0
3827,Hombre,28,Acuario,Programador,69000.0,213000.0
3828,Hombre,44,Aries,Estudiante,88000.0,158000.0
3829,Hombre,39,Aries,Ingeniero,75000.0,191000.0
3830,Hombre,38,Libra,Programador,94000.0,184000.0
3831,Hombre,46,Virgo,Profesor,44000.0,109000.0
3832,Hombre,42,Sagitario,Ingeniero,80000.0,100000.0
3833,Mujer,42,Géminis,Ingeniero,41000.0,58000.0
3834,Hombre,51,Acuario,Ingeniero,105000.0,146000.0
3835,Mujer,46,Leo,Profesor,16000.0,100000.0
3836,Hombre,53,Escorpio,Economista,76000.0,99000.0
3837,Hombre,34,Géminis,Físico,76000.0,105000.0
3838,Hombre,31,Picis,Programador,81000.0,244000.0
3839,Mujer,40,Géminis,Economista,26000.0,52000.0
3840,Hombre,41,Cáncer,Ingeniero,62000.0,115000.0
3841,Mujer,41,Escorpio,Profesor,17000.0,72000.0
3842,Hombre,43,Sagitario,Matemático,63000.0,192000.0
3843,Hombre,41,Acuario,Ingeniero,84000.0,137000.0
3844,Hombre,39,Leo,Programador,93000.0,108000.0
3845,Mujer,42,Acuario,Ingeniero,32000.0,59000.0
3846,Hombre,39,Acuario,Profesor,90000.0,93000.0
3847,Mujer,43,Cáncer,Ingeniero,30000.0,89000.0
3848,Mujer,46,Picis,Programador,36000.0,155000.0
3849,Hombre,28,Sagitario,Programador,81000.0,115000.0
3850,Mujer,38,Escorpio,Profesor,29000.0,88000.0
3851,Hombre,43,Tauro,Programador,76000.0,108000.0
3852,Hombre,34,Virgo,Ingeniero,66000.0,188000.0
3853,Mujer,48,Sagitario,Estudiante,23000.0,61000.0
3854,Hombre,44,Capricornio,Profesor,66000.0,128000.0
3855,Mujer,42,Acuario,Programador,25000.0,45000.0
3856,Mujer,34,Libra,Ingeniero,31000.0,87000.0
3857,Hombre,36,Libra,Programador,50000.0,164000.0
3858,Hombre,38,Capricornio,Ingeniero,80000.0,107000.0
3859,Hombre,44,Tauro,Programador,85000.0,82000.0
3860,Hombre,43,Acuario,Ingeniero,91000.0,142000.0
3861,Hombre,48,Escorpio,Programador,77000.0,188000.0
3862,Mujer,39,Acuario,Economista,12000.0,36000.0
3863,Mujer,34,Libra,Matemático,29000.0,79000.0
3864,Mujer,40,Cáncer,Economista,40000.0,93000.0
3865,Hombre,33,Libra,Matemático,45000.0,132000.0
3866,Hombre,45,Sagitario,Profesor,43000.0,118000.0
3867,Hombre,35,Acuario,Programador,87000.0,143000.0
3868,Hombre,43,Picis,Matemático,56000.0,82000.0
3869,Mujer,45,Sagitario,Matemático,20000.0,133000.0
3870,Hombre,35,Cáncer,Maestro,69000.0,106000.0
3871,Hombre,34,Géminis,Profesor,56000.0,145000.0
3872,Mujer,30,Escorpio,Ingeniero,28000.0,39000.0
3873,Mujer,40,Capricornio,Programador,42000.0,89000.0
3874,Hombre,41,Leo,Programador,64000.0,163000.0
3875,Hombre,40,Tauro,Ingeniero,89000.0,192000.0
3876,Mujer,40,Géminis,Estudiante,23000.0,55000.0
3877,Mujer,38,Tauro,Ingeniero,27000.0,96000.0
3878,Hombre,30,Capricornio,Programador,71000.0,113000.0
3879,Hombre,36,Libra,Programador,83000.0,177000.0
3880,Hombre,33,Géminis,Profesor,81000.0,181000.0
3881,Hombre,38,Capricornio,Profesor,63000.0,119000.0
3882,Hombre,37,Virgo,Profesor,94000.0,84000.0
3883,Hombre,35,Acuario,Maestro,65000.0,107000.0
3884,Hombre,34,Libra,Programador,46000.0,135000.0
3885,Hombre,35,Leo,Ingeniero,109000.0,176000.0
3886,Hombre,33,Géminis,Programador,108000.0,116000.0
3887,Hombre,42,Acuario,Programador,91000.0,123000.0
3888,Mujer,45,Virgo,Programador,31000.0,78000.0
3889,Mujer,37,Aries,Programador,30000.0,87000.0
3890,Mujer,42,Aries,Programador,43000.0,54000.0
3891,Hombre,44,Géminis,Ingeniero,96000.0,96000.0
3892,Hombre,48,Leo,Programador,89000.0,105000.0
3893,Hombre,34,Acuario,Programador,62000.0,180000.0
3894,Hombre,42,Capricornio,Ingeniero,79000.0,110000.0
3895,Mujer,37,Aries,Profesor,24000.0,56000.0
3896,Mujer,42,Aries,Ingeniero,23000.0,54000.0
3897,Mujer,39,Tauro,Físico,34000.0,104000.0
3898,Hombre,43,Capricornio,Profesor,68000.0,144000.0
3899,Mujer,33,Cáncer,Programador,22000.0,71000.0
3900,Hombre,37,Picis,Ingeniero,72000.0,111000.0
3901,Mujer,43,Libra,Ingeniero,36000.0,79000.0
3902,Mujer,39,Acuario,Programador,24000.0,53000.0
3903,Mujer,38,Acuario,Economista,31000.0,52000.0
3904,Mujer,32,Géminis,Programador,20000.0,43000.0
3905,Mujer,40,Capricornio,Programador,34000.0,74000.0
3906,Hombre,43,Géminis,Profesor,69000.0,113000.0
3907,Mujer,44,Virgo,Profesor,26000.0,99000.0
3908,Hombre,41,Aries,Profesor,55000.0,117000.0
3909,Mujer,40,Tauro,Programador,20000.0,74000.0
3910,Mujer,30,Leo,Programador,34000.0,54000.0
3911,Hombre,47,Géminis,Ingeniero,43000.0,106000.0
3912,Hombre,30,Picis,Ingeniero,114000.0,138000.0
3913,Mujer,37,Cáncer,Profesor,32000.0,76000.0
3914,Hombre,43,Escorpio,Ingeniero,93000.0,129000.0
3915,Mujer,43,Escorpio,Programador,24000.0,46000.0
3916,Hombre,33,Libra,Programador,69000.0,171000.0
3917,Mujer,41,Capricornio,Ingeniero,27000.0,51000.0
3918,Hombre,44,Escorpio,Programador,89000.0,132000.0
3919,Hombre,42,Virgo,Profesor,77000.0,89000.0
3920,Mujer,46,Géminis,Programador,42000.0,120000.0
3921,Hombre,40,Leo,Profesor,65000.0,196000.0
3922,Mujer,46,Leo,Programador,53000.0,88000.0
3923,Mujer,37,Libra,Programador,35000.0,95000.0
3924,Mujer,37,Cáncer,Programador,19000.0,73000.0
3925,Hombre,43,Virgo,Programador,71000.0,115000.0
3926,Hombre,41,Virgo,Programador,62000.0,75000.0
3927,Hombre,45,Libra,Contador,84000.0,161000.0
3928,Mujer,47,Leo,Profesor,19000.0,79000.0
3929,Mujer,28,Leo,Programador,26000.0,121000.0
3930,Mujer,42,Sagitario,Estudiante,19000.0,67000.0
3931,Hombre,31,Géminis,Economista,77000.0,123000.0
3932,Hombre,33,Cáncer,Programador,90000.0,95000.0
3933,Hombre,34,Cáncer,Contador,61000.0,148000.0
3934,Hombre,37,Virgo,Programador,90000.0,181000.0
3935,Hombre,38,Virgo,Contador,77000.0,109000.0
3936,Mujer,34,Leo,Programador,35000.0,60000.0
3937,Hombre,46,Cáncer,Físico,77000.0,144000.0
3938,Mujer,40,Escorpio,Programador,21000.0,55000.0
3939,Mujer,33,Escorpio,Programador,19000.0,51000.0
3940,Prefiero no decirlo,35,Capricornio,Programador,25000.0,80000.0
3941,Hombre,38,Capricornio,Ingeniero,68000.0,195000.0
3942,Mujer,47,Sagitario,Contador,24000.0,112000.0
3943,Hombre,35,Escorpio,Programador,84000.0,106000.0
3944,Hombre,34,Aries,Contador,83000.0,130000.0
3945,Hombre,51,Sagitario,Ingeniero,98000.0,109000.0
3946,Mujer,37,Acuario,Físico,39000.0,74000.0
3947,Mujer,37,Acuario,Programador,43000.0,58000.0
3948,Mujer,39,Virgo,Profesor,29000.0,86000.0
3949,Hombre,36,Aries,Economista,59000.0,108000.0
3950,Hombre,41,Libra,Profesor,76000.0,122000.0
3951,Hombre,39,Capricornio,Ingeniero,76000.0,154000.0
3952,Mujer,39,Picis,Ingeniero,17000.0,63000.0
3953,Hombre,40,Capricornio,Programador,72000.0,152000.0
3954,Hombre,41,Cáncer,Profesor,71000.0,162000.0
3955,Hombre,27,Picis,Programador,101000.0,161000.0
3956,Mujer,32,Acuario,Maestro,30000.0,104000.0
3957,Mujer,42,Acuario,Ingeniero,29000.0,68000.0
3958,Hombre,44,Escorpio,Programador,104000.0,85000.0
3959,Mujer,32,Tauro,Físico,26000.0,86000.0
3960,Hombre,46,Virgo,Programador,97000.0,137000.0
3961,Hombre,35,Acuario,Ingeniero,81000.0,121000.0
3962,Mujer,35,Leo,Profesor,30000.0,67000.0
3963,Hombre,36,Sagitario,Maestro,60000.0,146000.0
3964,Mujer,35,Géminis,Programador,47000.0,63000.0
3965,Hombre,40,Leo,Ingeniero,74000.0,150000.0
3966,Hombre,48,Escorpio,Estudiante,67000.0,113000.0
3967,Mujer,38,Aries,Programador,22000.0,112000.0
3968,Mujer,32,Aries,Matemático,31000.0,78000.0
3969,Prefiero no decirlo,43,Acuario,Profesor,40000.0,58000.0
3970,Mujer,39,Tauro,Profesor,28000.0,64000.0
3971,Otro,43,Capricornio,Ingeniero,46000.0,77000.0
3972,Hombre,35,Virgo,Ingeniero,61000.0,112000.0
3973,Hombre,42,Cáncer,Profesor,106000.0,89000.0
3974,Mujer,36,Aries,Físico,28000.0,78000.0
3975,Otro,37,Cáncer,Programador,33000.0,81000.0
3976,Hombre,36,Capricornio,Profesor,60000.0,158000.0
3977,Hombre,40,Picis,Contador,91000.0,144000.0
3978,Mujer,30,Escorpio,Programador,35000.0,58000.0
3979,Mujer,32,Capricornio,Profesor,41000.0,43000.0
3980,Hombre,37,Tauro,Ingeniero,77000.0,132000.0
3981,Hombre,37,Aries,Programador,60000.0,142000.0
3982,Hombre,41,Sagitario,Programador,66000.0,119000.0
3983,Mujer,29,Tauro,Ingeniero,24000.0,98000.0
3984,Mujer,47,Picis,Programador,27000.0,62000.0
3985,Hombre,44,Escorpio,Contador,67000.0,120000.0
3986,Mujer,38,Libra,Profesor,12000.0,40000.0
3987,Mujer,46,Leo,Programador,20000.0,103000.0
3988,Hombre,46,Leo,Ingeniero,63000.0,182000.0
3989,Mujer,29,Géminis,Ingeniero,39000.0,88000.0
3990,Hombre,41,Picis,Programador,90000.0,255000.0
3991,Mujer,46,Sagitario,Profesor,24000.0,115000.0
3992,Mujer,39,Escorpio,Matemático,25000.0,84000.0
3993,Hombre,39,Capricornio,Ingeniero,78000.0,190000.0
3994,Mujer,36,Tauro,Profesor,21000.0,51000.0
3995,Mujer,42,Picis,Programador,23000.0,71000.0
3996,Hombre,40,Géminis,Programador,90000.0,121000.0
3997,Hombre,38,Leo,Programador,63000.0,78000.0
3998,Hombre,46,Cáncer,Economista,58000.0,157000.0
3999,Mujer,37,Picis,Ingeniero,32000.0,62000.0
4000,Mujer,35,Picis,Programador,27000.0,112000.0
4001,Hombre,49,Cáncer,Profesor,61000.0,153000.0
4002,Mujer,39,Cáncer,Programador,35000.0,91000.0
4003,Mujer,38,Leo,Programador,27000.0,74000.0
4004,Mujer,42,Cáncer,Programador,37000.0,78000.0
4005,Hombre,41,Picis,Ingeniero,60000.0,119000.0
4006,Mujer,33,Capricornio,Economista,51000.0,67000.0
4007,Hombre,45,Virgo,Ingeniero,92000.0,113000.0
4008,Hombre,40,Tauro,Programador,54000.0,163000.0
4009,Prefiero no decirlo,39,Tauro,Físico,28000.0,100000.0
4010,Mujer,41,Cáncer,Economista,18000.0,64000.0
4011,Mujer,35,Libra,Ingeniero,20000.0,93000.0
4012,Hombre,38,Cáncer,Profesor,85000.0,139000.0
4013,Hombre,42,Sagitario,Ingeniero,96000.0,154000.0
4014,Hombre,42,Acuario,Programador,79000.0,114000.0
4015,Hombre,36,Capricornio,Programador,61000.0,128000.0
4016,Mujer,40,Cáncer,Programador,30000.0,109000.0
4017,Hombre,39,Virgo,Físico,62000.0,79000.0
4018,Hombre,44,Tauro,Estudiante,85000.0,110000.0
4019,Mujer,41,Picis,Ingeniero,36000.0,43000.0
4020,Hombre,41,Tauro,Físico,75000.0,167000.0
4021,Hombre,43,Tauro,Ingeniero,72000.0,114000.0
4022,Hombre,41,Géminis,Matemático,69000.0,126000.0
4023,Hombre,33,Picis,Contador,67000.0,110000.0
4024,Hombre,50,Géminis,Profesor,68000.0,105000.0
4025,Mujer,38,Libra,Contador,25000.0,69000.0
4026,Prefiero no decirlo,39,Leo,Programador,23000.0,125000.0
4027,Hombre,39,Capricornio,Programador,110000.0,120000.0
4028,Mujer,32,Libra,Programador,27000.0,192000.0
4029,Hombre,37,Sagitario,Contador,75000.0,157000.0
4030,Hombre,42,Escorpio,Programador,90000.0,94000.0
4031,Mujer,39,Leo,Contador,31000.0,36000.0
4032,Mujer,39,Sagitario,Matemático,27000.0,110000.0
4033,Mujer,41,Sagitario,Economista,34000.0,94000.0
4034,Mujer,35,Géminis,Profesor,33000.0,74000.0
4035,Hombre,37,Aries,Programador,77000.0,116000.0
4036,Hombre,48,Libra,Ingeniero,108000.0,80000.0
4037,Mujer,36,Géminis,Programador,17000.0,84000.0
4038,Mujer,38,Escorpio,Matemático,20000.0,84000.0
4039,Mujer,34,Acuario,Programador,20000.0,86000.0
4040,Hombre,46,Cáncer,Ingeniero,86000.0,149000.0
4041,Mujer,41,Escorpio,Profesor,27000.0,151000.0
4042,Mujer,43,Capricornio,Contador,18000.0,100000.0
4043,Mujer,38,Leo,Programador,21000.0,53000.0
4044,Mujer,39,Tauro,Ingeniero,41000.0,85000.0
4045,Hombre,39,Acuario,Profesor,73000.0,88000.0
4046,Mujer,36,Virgo,Programador,13000.0,108000.0
4047,Otro,31,Géminis,Programador,28000.0,96000.0
4048,Mujer,46,Picis,Matemático,21000.0,126000.0
4049,Mujer,44,Aries,Programador,34000.0,37000.0
4050,Hombre,46,Tauro,Estudiante,73000.0,92000.0
4051,Hombre,33,Escorpio,Profesor,77000.0,113000.0
4052,Mujer,40,Picis,Profesor,29000.0,66000.0
4053,Hombre,41,Picis,Programador,66000.0,193000.0
4054,Mujer,43,Acuario,Programador,26000.0,65000.0
4055,Hombre,46,Tauro,Profesor,77000.0,157000.0
4056,Hombre,39,Virgo,Programador,72000.0,153000.0
4057,Mujer,48,Tauro,Ingeniero,15000.0,71000.0
4058,Hombre,30,Escorpio,Profesor,87000.0,113000.0
4059,Otro,42,Escorpio,Programador,30000.0,69000.0
4060,Hombre,34,Virgo,Programador,68000.0,139000.0
4061,Hombre,43,Picis,Profesor,72000.0,159000.0
4062,Hombre,47,Libra,Maestro,70000.0,144000.0
4063,Mujer,36,Aries,Programador,20000.0,56000.0
4064,Hombre,47,Virgo,Contador,95000.0,150000.0
4065,Hombre,40,Libra,Ingeniero,84000.0,152000.0
4066,Hombre,49,Escorpio,Programador,89000.0,147000.0
4067,Hombre,43,Aries,Maestro,82000.0,118000.0
4068,Hombre,37,Sagitario,Ingeniero,67000.0,121000.0
4069,Hombre,40,Géminis,Programador,71000.0,126000.0
4070,Hombre,36,Aries,Ingeniero,89000.0,175000.0
4071,Mujer,43,Libra,Programador,23000.0,90000.0
4072,Hombre,36,Sagitario,Físico,79000.0,139000.0
4073,Hombre,38,Aries,Profesor,87000.0,120000.0
4074,Hombre,25,Leo,Programador,83000.0,108000.0
4075,Mujer,35,Géminis,Ingeniero,32000.0,86000.0
4076,Hombre,35,Escorpio,Ingeniero,60000.0,133000.0
4077,Mujer,46,Acuario,Programador,25000.0,71000.0
4078,Mujer,44,Capricornio,Físico,42000.0,58000.0
4079,Hombre,41,Escorpio,Profesor,66000.0,165000.0
4080,Hombre,41,Acuario,Economista,72000.0,233000.0
4081,Mujer,44,Libra,Profesor,28000.0,51000.0
4082,Hombre,40,Virgo,Estudiante,61000.0,130000.0
4083,Hombre,47,Capricornio,Profesor,64000.0,124000.0
4084,Mujer,42,Acuario,Ingeniero,34000.0,62000.0
4085,Mujer,37,Leo,Matemático,14000.0,79000.0
4086,Hombre,44,Libra,Estudiante,63000.0,223000.0
4087,Prefiero no decirlo,40,Acuario,Profesor,28000.0,92000.0
4088,Hombre,45,Géminis,Programador,74000.0,183000.0
4089,Mujer,46,Tauro,Programador,42000.0,41000.0
4090,Hombre,31,Cáncer,Profesor,72000.0,84000.0
4091,Hombre,40,Sagitario,Profesor,74000.0,170000.0
4092,Mujer,44,Acuario,Economista,32000.0,125000.0
4093,Hombre,32,Géminis,Ingeniero,78000.0,125000.0
4094,Mujer,38,Cáncer,Programador,21000.0,89000.0
4095,Hombre,36,Cáncer,Programador,86000.0,139000.0
4096,Mujer,44,Tauro,Profesor,26000.0,112000.0
4097,Hombre,35,Libra,Físico,61000.0,132000.0
4098,Hombre,39,Capricornio,Programador,51000.0,137000.0
4099,Mujer,34,Tauro,Programador,42000.0,77000.0
4100,Mujer,46,Sagitario,Matemático,27000.0,82000.0
4101,Hombre,41,Libra,Programador,83000.0,161000.0
4102,Hombre,39,Picis,Programador,71000.0,103000.0
4103,Mujer,32,Tauro,Programador,24000.0,104000.0
4104,Hombre,40,Cáncer,Maestro,71000.0,175000.0
4105,Mujer,43,Aries,Profesor,18000.0,95000.0
4106,Hombre,40,Acuario,Físico,76000.0,119000.0
4107,Hombre,40,Cáncer,Programador,98000.0,98000.0
4108,Mujer,41,Aries,Profesor,35000.0,68000.0
4109,Hombre,30,Leo,Programador,83000.0,157000.0
4110,Hombre,34,Capricornio,Ingeniero,58000.0,189000.0
4111,Mujer,35,Cáncer,Ingeniero,30000.0,99000.0
4112,Mujer,43,Tauro,Matemático,31000.0,97000.0
4113,Hombre,41,Libra,Programador,74000.0,188000.0
4114,Hombre,36,Picis,Físico,79000.0,129000.0
4115,Hombre,33,Leo,Ingeniero,64000.0,146000.0
4116,Hombre,43,Aries,Profesor,74000.0,208000.0
4117,Hombre,39,Acuario,Ingeniero,115000.0,193000.0
4118,Hombre,26,Aries,Ingeniero,75000.0,100000.0
4119,Hombre,33,Géminis,Estudiante,56000.0,127000.0
4120,Hombre,49,Virgo,Matemático,77000.0,122000.0
4121,Hombre,40,Aries,Profesor,66000.0,154000.0
4122,Mujer,32,Escorpio,Ingeniero,27000.0,56000.0
4123,Mujer,47,Cáncer,Físico,20000.0,153000.0
4124,Prefiero no decirlo,40,Acuario,Economista,46000.0,47000.0
4125,Mujer,45,Capricornio,Programador,25000.0,75000.0
4126,Hombre,35,Tauro,Estudiante,76000.0,91000.0
4127,Hombre,49,Escorpio,Programador,84000.0,113000.0
4128,Mujer,39,Leo,Ingeniero,38000.0,95000.0
4129,Hombre,38,Capricornio,Estudiante,73000.0,100000.0
4130,Mujer,36,Virgo,Economista,35000.0,99000.0
4131,Mujer,38,Tauro,Profesor,46000.0,65000.0
4132,Hombre,36,Sagitario,Programador,67000.0,164000.0
4133,Hombre,49,Acuario,Programador,71000.0,107000.0
4134,Mujer,37,Capricornio,Ingeniero,28000.0,79000.0
4135,Hombre,44,Picis,Programador,77000.0,142000.0
4136,Mujer,43,Tauro,Programador,22000.0,54000.0
4137,Hombre,38,Virgo,Ingeniero,69000.0,103000.0
4138,Hombre,35,Picis,Programador,108000.0,147000.0
4139,Mujer,39,Géminis,Programador,15000.0,43000.0
4140,Hombre,45,Picis,Ingeniero,68000.0,173000.0
4141,Hombre,43,Virgo,Ingeniero,86000.0,131000.0
4142,Mujer,46,Capricornio,Programador,17000.0,98000.0
4143,Hombre,45,Géminis,Programador,79000.0,89000.0
4144,Hombre,35,Escorpio,Programador,96000.0,97000.0
4145,Hombre,39,Capricornio,Programador,46000.0,165000.0
4146,Hombre,47,Libra,Profesor,74000.0,129000.0
4147,Hombre,30,Cáncer,Contador,62000.0,127000.0
4148,Hombre,39,Leo,Profesor,62000.0,114000.0
4149,Hombre,41,Escorpio,Contador,111000.0,115000.0
4150,Hombre,44,Virgo,Programador,77000.0,169000.0
4151,Hombre,42,Tauro,Profesor,106000.0,107000.0
4152,Mujer,34,Escorpio,Estudiante,47000.0,85000.0
4153,Mujer,38,Acuario,Ingeniero,32000.0,61000.0
4154,Hombre,44,Escorpio,Ingeniero,50000.0,151000.0
4155,Hombre,47,Aries,Ingeniero,88000.0,163000.0
4156,Hombre,43,Escorpio,Ingeniero,85000.0,115000.0
4157,Mujer,37,Acuario,Programador,17000.0,165000.0
4158,Mujer,36,Capricornio,Programador,23000.0,55000.0
4159,Hombre,36,Capricornio,Profesor,67000.0,128000.0
4160,Mujer,33,Picis,Ingeniero,24000.0,56000.0
4161,Hombre,37,Cáncer,Programador,65000.0,268000.0
4162,Mujer,41,Capricornio,Ingeniero,37000.0,78000.0
4163,Hombre,47,Géminis,Profesor,68000.0,182000.0
4164,Mujer,39,Cáncer,Programador,17000.0,75000.0
4165,Mujer,41,Picis,Programador,43000.0,66000.0
4166,Hombre,42,Tauro,Economista,61000.0,108000.0
4167,Hombre,41,Aries,Contador,61000.0,207000.0
4168,Mujer,47,Cáncer,Profesor,52000.0,202000.0
4169,Hombre,45,Sagitario,Contador,71000.0,132000.0
4170,Hombre,37,Tauro,Matemático,68000.0,184000.0
4171,Mujer,27,Sagitario,Profesor,31000.0,65000.0
4172,Hombre,33,Virgo,Programador,78000.0,134000.0
4173,Mujer,41,Acuario,Programador,46000.0,64000.0
4174,Hombre,40,Tauro,Programador,71000.0,108000.0
4175,Hombre,43,Tauro,Maestro,70000.0,132000.0
4176,Otro,36,Libra,Contador,36000.0,98000.0
4177,Mujer,45,Virgo,Ingeniero,31000.0,111000.0
4178,Mujer,44,Picis,Programador,24000.0,50000.0
4179,Hombre,44,Capricornio,Programador,68000.0,120000.0
4180,Hombre,35,Picis,Profesor,62000.0,99000.0
4181,Hombre,34,Leo,Programador,99000.0,136000.0
4182,Hombre,39,Capricornio,Profesor,59000.0,159000.0
4183,Hombre,35,Sagitario,Estudiante,74000.0,127000.0
4184,Hombre,38,Leo,Ingeniero,61000.0,181000.0
4185,Mujer,33,Leo,Profesor,27000.0,156000.0
4186,Hombre,48,Géminis,Profesor,72000.0,138000.0
4187,Mujer,35,Virgo,Profesor,25000.0,82000.0
4188,Hombre,37,Capricornio,Economista,73000.0,73000.0
4189,Hombre,33,Capricornio,Ingeniero,58000.0,155000.0
4190,Hombre,42,Sagitario,Programador,62000.0,224000.0
4191,Hombre,45,Capricornio,Programador,114000.0,153000.0
4192,Mujer,52,Sagitario,Profesor,33000.0,80000.0
4193,Hombre,34,Virgo,Programador,79000.0,215000.0
4194,Hombre,52,Virgo,Ingeniero,80000.0,108000.0
4195,Hombre,46,Leo,Maestro,69000.0,133000.0
4196,Mujer,39,Virgo,Profesor,32000.0,57000.0
4197,Hombre,37,Leo,Programador,77000.0,142000.0
4198,Hombre,40,Acuario,Ingeniero,91000.0,144000.0
4199,Mujer,42,Escorpio,Estudiante,64000.0,46000.0
4200,Hombre,49,Escorpio,Economista,76000.0,156000.0
4201,Mujer,37,Géminis,Programador,21000.0,74000.0
4202,Mujer,43,Capricornio,Ingeniero,39000.0,79000.0
4203,Hombre,40,Capricornio,Profesor,74000.0,197000.0
4204,Mujer,43,Sagitario,Profesor,20000.0,46000.0
4205,Hombre,40,Cáncer,Programador,87000.0,201000.0
4206,Prefiero no decirlo,45,Sagitario,Ingeniero,32000.0,69000.0
4207,Hombre,39,Géminis,Ingeniero,85000.0,115000.0
4208,Hombre,44,Escorpio,Estudiante,81000.0,98000.0
4209,Mujer,36,Sagitario,Programador,36000.0,43000.0
4210,Hombre,36,Virgo,Programador,86000.0,140000.0
4211,Otro,45,Sagitario,Ingeniero,16000.0,66000.0
4212,Hombre,34,Libra,Programador,81000.0,169000.0
4213,Mujer,43,Libra,Programador,43000.0,39000.0
4214,Mujer,39,Libra,Programador,23000.0,56000.0
4215,Hombre,33,Aries,Programador,63000.0,117000.0
4216,Mujer,54,Sagitario,Profesor,29000.0,31000.0
4217,Hombre,32,Capricornio,Programador,81000.0,92000.0
4218,Hombre,39,Géminis,Profesor,86000.0,184000.0
4219,Hombre,37,Leo,Economista,87000.0,139000.0
4220,Hombre,35,Leo,Físico,133000.0,92000.0
4221,Hombre,44,Leo,Profesor,81000.0,113000.0
4222,Hombre,39,Libra,Estudiante,78000.0,120000.0
4223,Otro,36,Libra,Programador,33000.0,50000.0
4224,Mujer,45,Capricornio,Matemático,72000.0,60000.0
4225,Hombre,41,Leo,Ingeniero,77000.0,166000.0
4226,Hombre,34,Picis,Matemático,49000.0,161000.0
4227,Hombre,38,Capricornio,Economista,79000.0,87000.0
4228,Hombre,28,Aries,Profesor,77000.0,143000.0
4229,Mujer,41,Virgo,Maestro,20000.0,52000.0
4230,Hombre,40,Picis,Economista,70000.0,130000.0
4231,Mujer,46,Leo,Programador,15000.0,48000.0
4232,Mujer,42,Leo,Programador,26000.0,66000.0
4233,Hombre,36,Leo,Economista,73000.0,147000.0
4234,Hombre,35,Géminis,Ingeniero,79000.0,165000.0
4235,Mujer,43,Acuario,Economista,21000.0,73000.0
4236,Hombre,30,Sagitario,Profesor,70000.0,117000.0
4237,Hombre,41,Cáncer,Programador,59000.0,115000.0
4238,Mujer,41,Leo,Profesor,28000.0,63000.0
4239,Hombre,52,Escorpio,Economista,80000.0,126000.0
4240,Prefiero no decirlo,32,Libra,Programador,26000.0,88000.0
4241,Mujer,38,Géminis,Programador,30000.0,76000.0
4242,Hombre,48,Escorpio,Programador,83000.0,99000.0
4243,Hombre,41,Sagitario,Programador,69000.0,187000.0
4244,Hombre,43,Escorpio,Programador,65000.0,132000.0
4245,Mujer,42,Picis,Economista,42000.0,52000.0
4246,Hombre,38,Capricornio,Ingeniero,75000.0,113000.0
4247,Hombre,36,Aries,Ingeniero,75000.0,124000.0
4248,Mujer,39,Géminis,Ingeniero,23000.0,125000.0
4249,Hombre,45,Virgo,Programador,64000.0,106000.0
4250,Mujer,38,Géminis,Programador,21000.0,119000.0
4251,Hombre,37,Capricornio,Programador,89000.0,135000.0
4252,Hombre,36,Leo,Programador,98000.0,93000.0
4253,Hombre,31,Virgo,Programador,60000.0,134000.0
4254,Hombre,35,Tauro,Ingeniero,68000.0,105000.0
4255,Mujer,41,Picis,Ingeniero,32000.0,54000.0
4256,Hombre,35,Virgo,Ingeniero,76000.0,128000.0
4257,Hombre,40,Picis,Contador,49000.0,137000.0
4258,Hombre,37,Virgo,Matemático,51000.0,127000.0
4259,Hombre,34,Aries,Ingeniero,54000.0,118000.0
4260,Hombre,40,Cáncer,Programador,128000.0,114000.0
4261,Hombre,54,Aries,Físico,66000.0,134000.0
4262,Hombre,28,Escorpio,Economista,52000.0,176000.0
4263,Hombre,33,Sagitario,Ingeniero,56000.0,141000.0
4264,Hombre,37,Tauro,Ingeniero,60000.0,109000.0
4265,Hombre,39,Cáncer,Programador,68000.0,170000.0
4266,Mujer,39,Leo,Maestro,23000.0,53000.0
4267,Prefiero no decirlo,52,Sagitario,Ingeniero,37000.0,131000.0
4268,Mujer,48,Capricornio,Ingeniero,32000.0,71000.0
4269,Hombre,39,Leo,Programador,73000.0,162000.0
4270,Hombre,41,Cáncer,Matemático,80000.0,88000.0
4271,Mujer,50,Escorpio,Profesor,15000.0,85000.0
4272,Hombre,37,Leo,Ingeniero,77000.0,146000.0
4273,Mujer,40,Cáncer,Matemático,31000.0,63000.0
4274,Hombre,38,Géminis,Programador,84000.0,111000.0
4275,Hombre,33,Leo,Programador,56000.0,156000.0
4276,Mujer,31,Leo,Programador,28000.0,54000.0
4277,Mujer,36,Leo,Programador,23000.0,49000.0
4278,Hombre,44,Aries,Matemático,89000.0,92000.0
4279,Hombre,41,Sagitario,Programador,76000.0,151000.0
4280,Hombre,49,Escorpio,Estudiante,77000.0,148000.0
4281,Mujer,44,Tauro,Ingeniero,20000.0,67000.0
4282,Hombre,43,Tauro,Matemático,76000.0,140000.0
4283,Hombre,39,Cáncer,Programador,53000.0,161000.0
4284,Mujer,38,Virgo,Ingeniero,26000.0,79000.0
4285,Mujer,40,Tauro,Estudiante,48000.0,78000.0
4286,Mujer,41,Cáncer,Contador,11000.0,79000.0
4287,Hombre,38,Sagitario,Ingeniero,50000.0,137000.0
4288,Hombre,41,Cáncer,Economista,82000.0,155000.0
4289,Mujer,38,Cáncer,Profesor,42000.0,96000.0
4290,Hombre,40,Géminis,Físico,84000.0,231000.0
4291,Hombre,36,Acuario,Matemático,75000.0,131000.0
4292,Hombre,42,Libra,Programador,79000.0,118000.0
4293,Hombre,46,Sagitario,Profesor,93000.0,71000.0
4294,Hombre,36,Acuario,Programador,84000.0,146000.0
4295,Hombre,44,Sagitario,Programador,73000.0,146000.0
4296,Hombre,38,Libra,Programador,65000.0,101000.0
4297,Hombre,41,Tauro,Ingeniero,73000.0,166000.0
4298,Prefiero no decirlo,42,Tauro,Economista,31000.0,100000.0
4299,Mujer,42,Cáncer,Programador,23000.0,64000.0
4300,Hombre,42,Libra,Programador,67000.0,144000.0
4301,Mujer,35,Libra,Físico,16000.0,72000.0
4302,Mujer,42,Virgo,Físico,52000.0,99000.0
4303,Hombre,35,Picis,Contador,78000.0,101000.0
4304,Prefiero no decirlo,33,Virgo,Matemático,52000.0,81000.0
4305,Hombre,36,Libra,Programador,57000.0,108000.0
4306,Mujer,38,Acuario,Matemático,29000.0,144000.0
4307,Mujer,43,Acuario,Programador,19000.0,108000.0
4308,Mujer,26,Leo,Ingeniero,42000.0,95000.0
4309,Hombre,41,Aries,Profesor,65000.0,149000.0
4310,Mujer,40,Aries,Ingeniero,14000.0,87000.0
4311,Hombre,46,Géminis,Programador,81000.0,102000.0
4312,Hombre,37,Leo,Ingeniero,59000.0,131000.0
4313,Prefiero no decirlo,45,Escorpio,Profesor,46000.0,83000.0
4314,Hombre,45,Acuario,Profesor,56000.0,164000.0
4315,Hombre,38,Sagitario,Maestro,62000.0,177000.0
4316,Hombre,41,Géminis,Programador,89000.0,99000.0
4317,Mujer,35,Sagitario,Matemático,14000.0,136000.0
4318,Mujer,40,Libra,Físico,20000.0,59000.0
4319,Mujer,35,Cáncer,Ingeniero,38000.0,68000.0
4320,Hombre,49,Libra,Contador,56000.0,116000.0
4321,Mujer,29,Libra,Estudiante,30000.0,78000.0
4322,Hombre,41,Aries,Profesor,70000.0,122000.0
4323,Mujer,46,Tauro,Programador,32000.0,64000.0
4324,Hombre,31,Acuario,Programador,73000.0,128000.0
4325,Hombre,44,Tauro,Ingeniero,71000.0,166000.0
4326,Hombre,34,Virgo,Economista,84000.0,89000.0
4327,Mujer,34,Sagitario,Contador,26000.0,64000.0
4328,Hombre,43,Escorpio,Programador,80000.0,173000.0
4329,Hombre,43,Picis,Programador,79000.0,173000.0
4330,Mujer,43,Cáncer,Matemático,23000.0,58000.0
4331,Hombre,46,Capricornio,Programador,51000.0,140000.0
4332,Mujer,47,Géminis,Contador,28000.0,80000.0
4333,Hombre,34,Cáncer,Físico,107000.0,113000.0
4334,Hombre,41,Picis,Estudiante,63000.0,156000.0
4335,Mujer,42,Leo,Profesor,32000.0,56000.0
4336,Hombre,52,Virgo,Programador,84000.0,133000.0
4337,Hombre,41,Leo,Profesor,72000.0,134000.0
4338,Hombre,28,Géminis,Programador,46000.0,187000.0
4339,Hombre,32,Capricornio,Profesor,65000.0,146000.0
4340,Mujer,38,Libra,Ingeniero,35000.0,73000.0
4341,Hombre,36,Acuario,Profesor,57000.0,101000.0
4342,Hombre,50,Acuario,Estudiante,59000.0,213000.0
4343,Hombre,34,Escorpio,Programador,75000.0,184000.0
4344,Hombre,33,Tauro,Ingeniero,33000.0,168000.0
4345,Hombre,36,Tauro,Profesor,105000.0,128000.0
4346,Prefiero no decirlo,37,Cáncer,Economista,17000.0,70000.0
4347,Hombre,27,Cáncer,Programador,60000.0,89000.0
4348,Hombre,45,Aries,Programador,75000.0,152000.0
4349,Hombre,36,Escorpio,Economista,54000.0,100000.0
4350,Mujer,40,Aries,Programador,30000.0,99000.0
4351,Hombre,37,Libra,Programador,84000.0,135000.0
4352,Hombre,44,Cáncer,Economista,63000.0,185000.0
4353,Hombre,41,Libra,Estudiante,54000.0,170000.0
4354,Mujer,37,Cáncer,Programador,20000.0,105000.0
4355,Hombre,35,Tauro,Programador,58000.0,181000.0
4356,Mujer,39,Cáncer,Programador,25000.0,103000.0
4357,Hombre,30,Tauro,Programador,72000.0,150000.0
4358,Hombre,40,Géminis,Programador,67000.0,173000.0
4359,Hombre,39,Capricornio,Programador,75000.0,165000.0
4360,Mujer,41,Géminis,Profesor,33000.0,59000.0
4361,Mujer,40,Acuario,Programador,40000.0,106000.0
4362,Hombre,33,Sagitario,Contador,64000.0,152000.0
4363,Hombre,48,Capricornio,Estudiante,76000.0,240000.0
4364,Hombre,44,Leo,Profesor,68000.0,107000.0
4365,Hombre,38,Acuario,Programador,64000.0,156000.0
4366,Mujer,38,Tauro,Profesor,30000.0,59000.0
4367,Hombre,42,Acuario,Programador,62000.0,88000.0
4368,Hombre,26,Cáncer,Ingeniero,69000.0,108000.0
4369,Mujer,38,Virgo,Programador,24000.0,87000.0
4370,Hombre,38,Acuario,Programador,75000.0,147000.0
4371,Hombre,42,Capricornio,Profesor,77000.0,185000.0
4372,Mujer,39,Sagitario,Ingeniero,21000.0,99000.0
4373,Hombre,34,Leo,Matemático,62000.0,142000.0
4374,Mujer,30,Picis,Programador,20000.0,78000.0
4375,Hombre,37,Libra,Estudiante,79000.0,99000.0
4376,Hombre,42,Virgo,Ingeniero,55000.0,146000.0
4377,Hombre,42,Capricornio,Programador,71000.0,114000.0
4378,Hombre,41,Aries,Maestro,87000.0,93000.0
4379,Hombre,40,Tauro,Estudiante,60000.0,109000.0
4380,Hombre,42,Acuario,Físico,67000.0,108000.0
4381,Hombre,36,Virgo,Ingeniero,81000.0,142000.0
4382,Mujer,46,Aries,Profesor,23000.0,80000.0
4383,Mujer,26,Acuario,Físico,23000.0,80000.0
4384,Mujer,32,Cáncer,Programador,26000.0,130000.0
4385,Mujer,33,Aries,Profesor,29000.0,72000.0
4386,Mujer,47,Aries,Físico,29000.0,79000.0
4387,Hombre,48,Tauro,Profesor,59000.0,122000.0
4388,Hombre,45,Aries,Programador,54000.0,127000.0
4389,Hombre,44,Cáncer,Programador,70000.0,139000.0
4390,Hombre,40,Tauro,Profesor,55000.0,181000.0
4391,Hombre,37,Leo,Programador,95000.0,118000.0
4392,Hombre,45,Libra,Programador,76000.0,171000.0
4393,Hombre,43,Leo,Estudiante,57000.0,227000.0
4394,Mujer,38,Géminis,Matemático,43000.0,52000.0
4395,Hombre,43,Escorpio,Programador,95000.0,195000.0
4396,Hombre,35,Tauro,Profesor,87000.0,153000.0
4397,Hombre,38,Picis,Programador,67000.0,138000.0
4398,Mujer,44,Sagitario,Profesor,20000.0,59000.0
4399,Hombre,39,Aries,Programador,76000.0,95000.0
4400,Mujer,34,Géminis,Ingeniero,38000.0,84000.0
4401,Mujer,36,Acuario,Ingeniero,27000.0,51000.0
4402,Hombre,41,Escorpio,Profesor,67000.0,98000.0
4403,Hombre,34,Acuario,Ingeniero,73000.0,210000.0
4404,Mujer,26,Virgo,Programador,32000.0,41000.0
4405,Mujer,45,Capricornio,Maestro,36000.0,76000.0
4406,Hombre,37,Acuario,Programador,70000.0,167000.0
4407,Hombre,36,Virgo,Programador,68000.0,158000.0
4408,Mujer,36,Aries,Maestro,17000.0,168000.0
4409,Mujer,31,Libra,Profesor,40000.0,76000.0
4410,Hombre,38,Géminis,Programador,56000.0,111000.0
4411,Hombre,38,Géminis,Ingeniero,67000.0,107000.0
4412,Mujer,40,Aries,Contador,37000.0,129000.0
4413,Mujer,31,Escorpio,Ingeniero,46000.0,77000.0
4414,Hombre,36,Escorpio,Estudiante,67000.0,76000.0
4415,Mujer,44,Acuario,Estudiante,27000.0,87000.0
4416,Mujer,37,Libra,Profesor,40000.0,76000.0
4417,Hombre,32,Acuario,Ingeniero,68000.0,172000.0
4418,Mujer,33,Aries,Programador,37000.0,60000.0
4419,Mujer,35,Picis,Programador,28000.0,62000.0
4420,Mujer,45,Tauro,Programador,24000.0,75000.0
4421,Mujer,37,Cáncer,Estudiante,21000.0,71000.0
4422,Hombre,38,Escorpio,Matemático,73000.0,194000.0
4423,Mujer,33,Leo,Programador,17000.0,76000.0
4424,Mujer,34,Cáncer,Programador,17000.0,155000.0
4425,Hombre,48,Tauro,Programador,88000.0,100000.0
4426,Mujer,42,Tauro,Ingeniero,29000.0,110000.0
4427,Hombre,39,Géminis,Programador,72000.0,132000.0
4428,Hombre,46,Libra,Ingeniero,83000.0,198000.0
4429,Hombre,39,Libra,Programador,69000.0,139000.0
4430,Mujer,40,Escorpio,Profesor,20000.0,82000.0
4431,Hombre,38,Capricornio,Contador,78000.0,130000.0
4432,Mujer,37,Acuario,Programador,61000.0,65000.0
4433,Hombre,38,Sagitario,Economista,68000.0,132000.0
4434,Mujer,45,Virgo,Ingeniero,32000.0,97000.0
4435,Hombre,42,Géminis,Programador,82000.0,93000.0
4436,Mujer,39,Escorpio,Programador,28000.0,44000.0
4437,Hombre,43,Leo,Ingeniero,54000.0,136000.0
4438,Mujer,39,Virgo,Profesor,26000.0,41000.0
4439,Hombre,41,Capricornio,Programador,95000.0,120000.0
4440,Hombre,38,Cáncer,Programador,90000.0,241000.0
4441,Mujer,38,Cáncer,Ingeniero,37000.0,40000.0
4442,Mujer,47,Aries,Profesor,33000.0,129000.0
4443,Mujer,37,Sagitario,Estudiante,22000.0,125000.0
4444,Hombre,33,Acuario,Físico,68000.0,81000.0
4445,Hombre,36,Leo,Programador,70000.0,165000.0
4446,Mujer,37,Aries,Programador,32000.0,37000.0
4447,Otro,46,Leo,Profesor,30000.0,96000.0
4448,Hombre,39,Acuario,Programador,53000.0,194000.0
4449,Hombre,36,Acuario,Programador,63000.0,101000.0
4450,Hombre,30,Leo,Ingeniero,40000.0,102000.0
4451,Mujer,46,Aries,Ingeniero,16000.0,68000.0
4452,Hombre,29,Escorpio,Ingeniero,66000.0,116000.0
4453,Mujer,45,Libra,Programador,25000.0,51000.0
4454,Hombre,45,Escorpio,Profesor,86000.0,107000.0
4455,Otro,35,Escorpio,Programador,31000.0,55000.0
4456,Hombre,38,Acuario,Estudiante,87000.0,105000.0
4457,Hombre,38,Leo,Ingeniero,69000.0,118000.0
4458,Hombre,39,Escorpio,Programador,59000.0,222000.0
4459,Hombre,35,Cáncer,Ingeniero,72000.0,106000.0
4460,Mujer,35,Cáncer,Contador,20000.0,44000.0
4461,Mujer,38,Aries,Programador,18000.0,57000.0
4462,Hombre,30,Tauro,Economista,56000.0,143000.0
4463,Mujer,36,Libra,Físico,32000.0,76000.0
4464,Hombre,42,Tauro,Programador,82000.0,152000.0
4465,Hombre,40,Leo,Profesor,79000.0,103000.0
4466,Hombre,43,Leo,Profesor,91000.0,205000.0
4467,Hombre,34,Tauro,Físico,63000.0,146000.0
4468,Mujer,38,Capricornio,Maestro,30000.0,59000.0
4469,Hombre,45,Escorpio,Profesor,84000.0,111000.0
4470,Hombre,41,Sagitario,Programador,58000.0,95000.0
4471,Mujer,29,Virgo,Programador,21000.0,45000.0
4472,Hombre,42,Virgo,Programador,55000.0,78000.0
4473,Hombre,37,Picis,Ingeniero,72000.0,138000.0
4474,Hombre,36,Libra,Ingeniero,56000.0,125000.0
4475,Hombre,33,Libra,Contador,60000.0,182000.0
4476,Mujer,35,Libra,Matemático,40000.0,128000.0
4477,Hombre,40,Picis,Contador,77000.0,153000.0
4478,Hombre,39,Cáncer,Profesor,77000.0,114000.0
4479,Hombre,44,Tauro,Programador,77000.0,160000.0
4480,Hombre,28,Escorpio,Programador,50000.0,115000.0
4481,Mujer,29,Géminis,Programador,26000.0,85000.0
4482,Hombre,43,Aries,Ingeniero,60000.0,145000.0
4483,Mujer,31,Tauro,Programador,23000.0,54000.0
4484,Hombre,38,Cáncer,Programador,75000.0,85000.0
4485,Hombre,47,Acuario,Programador,82000.0,202000.0
4486,Hombre,36,Géminis,Programador,82000.0,143000.0
4487,Hombre,49,Acuario,Profesor,54000.0,124000.0
4488,Hombre,43,Virgo,Contador,79000.0,126000.0
4489,Hombre,38,Picis,Ingeniero,74000.0,133000.0
4490,Mujer,35,Libra,Contador,50000.0,47000.0
4491,Hombre,41,Capricornio,Contador,68000.0,161000.0
4492,Hombre,37,Virgo,Estudiante,62000.0,109000.0
4493,Mujer,37,Virgo,Profesor,24000.0,125000.0
4494,Hombre,42,Leo,Matemático,70000.0,113000.0
4495,Hombre,41,Cáncer,Programador,73000.0,161000.0
4496,Hombre,47,Géminis,Programador,78000.0,103000.0
4497,Hombre,38,Escorpio,Ingeniero,62000.0,117000.0
4498,Mujer,38,Acuario,Programador,20000.0,75000.0
4499,Hombre,46,Géminis,Ingeniero,78000.0,175000.0
4500,Hombre,42,Escorpio,Contador,64000.0,152000.0
4501,Hombre,34,Escorpio,Programador,99000.0,130000.0
4502,Hombre,34,Virgo,Profesor,68000.0,104000.0
4503,Hombre,34,Picis,Profesor,66000.0,137000.0
4504,Hombre,31,Picis,Profesor,96000.0,138000.0
4505,Hombre,34,Libra,Matemático,61000.0,104000.0
4506,Hombre,37,Cáncer,Estudiante,76000.0,114000.0
4507,Hombre,31,Virgo,Ingeniero,51000.0,154000.0
4508,Mujer,50,Tauro,Programador,19000.0,91000.0
4509,Mujer,37,Aries,Programador,43000.0,59000.0
4510,Hombre,34,Picis,Físico,85000.0,108000.0
4511,Hombre,41,Virgo,Físico,103000.0,152000.0
4512,Mujer,43,Virgo,Programador,26000.0,87000.0
4513,Hombre,38,Leo,Estudiante,81000.0,145000.0
4514,Mujer,33,Sagitario,Maestro,38000.0,53000.0
4515,Hombre,47,Cáncer,Economista,97000.0,105000.0
4516,Mujer,47,Tauro,Matemático,21000.0,74000.0
4517,Hombre,39,Aries,Programador,62000.0,124000.0
4518,Hombre,34,Tauro,Economista,66000.0,141000.0
4519,Mujer,41,Cáncer,Ingeniero,26000.0,91000.0
4520,Hombre,30,Capricornio,Ingeniero,87000.0,122000.0
4521,Hombre,46,Tauro,Programador,104000.0,162000.0
4522,Hombre,45,Virgo,Físico,73000.0,173000.0
4523,Mujer,42,Picis,Programador,24000.0,69000.0
4524,Hombre,34,Cáncer,Estudiante,89000.0,143000.0
4525,Hombre,45,Tauro,Contador,73000.0,123000.0
4526,Hombre,39,Aries,Programador,57000.0,142000.0
4527,Hombre,38,Géminis,Profesor,109000.0,209000.0
4528,Mujer,42,Picis,Programador,36000.0,60000.0
4529,Hombre,36,Libra,Estudiante,71000.0,147000.0
4530,Mujer,40,Géminis,Programador,23000.0,133000.0
4531,Hombre,39,Libra,Programador,74000.0,148000.0
4532,Hombre,36,Sagitario,Ingeniero,68000.0,166000.0
4533,Mujer,28,Aries,Programador,20000.0,74000.0
4534,Mujer,35,Géminis,Contador,23000.0,62000.0
4535,Mujer,45,Cáncer,Programador,24000.0,68000.0
4536,Hombre,36,Géminis,Físico,62000.0,115000.0
4537,Mujer,56,Géminis,Profesor,44000.0,103000.0
4538,Mujer,48,Cáncer,Profesor,25000.0,96000.0
4539,Hombre,39,Escorpio,Profesor,91000.0,136000.0
4540,Hombre,41,Tauro,Profesor,82000.0,146000.0
4541,Hombre,54,Cáncer,Economista,75000.0,136000.0
4542,Hombre,38,Cáncer,Ingeniero,103000.0,108000.0
4543,Hombre,38,Escorpio,Matemático,73000.0,99000.0
4544,Hombre,39,Cáncer,Profesor,64000.0,147000.0
4545,Hombre,40,Acuario,Estudiante,88000.0,133000.0
4546,Hombre,37,Cáncer,Ingeniero,70000.0,109000.0
4547,Mujer,37,Acuario,Contador,18000.0,78000.0
4548,Hombre,47,Cáncer,Ingeniero,97000.0,134000.0
4549,Hombre,40,Libra,Profesor,83000.0,163000.0
4550,Mujer,36,Libra,Estudiante,33000.0,77000.0
4551,Hombre,42,Tauro,Programador,54000.0,134000.0
4552,Mujer,41,Aries,Ingeniero,34000.0,111000.0
4553,Mujer,36,Aries,Economista,24000.0,106000.0
4554,Mujer,37,Géminis,Contador,28000.0,73000.0
4555,Hombre,40,Capricornio,Programador,83000.0,126000.0
4556,Hombre,40,Tauro,Estudiante,65000.0,139000.0
4557,Mujer,47,Cáncer,Profesor,41000.0,86000.0
4558,Hombre,35,Aries,Programador,81000.0,144000.0
4559,Hombre,37,Géminis,Contador,73000.0,190000.0
4560,Mujer,41,Libra,Profesor,16000.0,57000.0
4561,Mujer,42,Picis,Ingeniero,31000.0,60000.0
4562,Mujer,30,Cáncer,Programador,19000.0,86000.0
4563,Hombre,41,Libra,Ingeniero,76000.0,89000.0
4564,Hombre,35,Leo,Maestro,64000.0,142000.0
4565,Mujer,44,Cáncer,Programador,40000.0,80000.0
4566,Hombre,35,Sagitario,Programador,90000.0,77000.0
4567,Hombre,38,Escorpio,Físico,84000.0,94000.0
4568,Hombre,40,Aries,Ingeniero,69000.0,147000.0
4569,Otro,41,Cáncer,Programador,45000.0,52000.0
4570,Mujer,39,Acuario,Programador,30000.0,67000.0
4571,Mujer,38,Géminis,Matemático,28000.0,82000.0
4572,Mujer,35,Cáncer,Maestro,23000.0,92000.0
4573,Hombre,36,Tauro,Programador,119000.0,122000.0
4574,Hombre,33,Picis,Programador,69000.0,174000.0
4575,Hombre,47,Libra,Programador,54000.0,198000.0
4576,Mujer,40,Tauro,Contador,30000.0,36000.0
4577,Hombre,32,Escorpio,Programador,85000.0,132000.0
4578,Hombre,43,Sagitario,Matemático,77000.0,165000.0
4579,Hombre,32,Capricornio,Profesor,91000.0,109000.0
4580,Hombre,35,Géminis,Ingeniero,58000.0,100000.0
4581,Mujer,39,Aries,Profesor,26000.0,61000.0
4582,Mujer,34,Aries,Profesor,35000.0,91000.0
4583,Hombre,38,Capricornio,Profesor,87000.0,167000.0
4584,Hombre,42,Cáncer,Ingeniero,82000.0,233000.0
4585,Hombre,30,Géminis,Profesor,72000.0,100000.0
4586,Hombre,47,Virgo,Programador,77000.0,107000.0
4587,Hombre,43,Leo,Ingeniero,61000.0,96000.0
4588,Hombre,36,Libra,Economista,82000.0,134000.0
4589,Hombre,50,Virgo,Matemático,94000.0,118000.0
4590,Hombre,34,Picis,Ingeniero,72000.0,246000.0
4591,Hombre,45,Sagitario,Programador,69000.0,83000.0
4592,Hombre,38,Libra,Ingeniero,72000.0,116000.0
4593,Hombre,49,Virgo,Programador,63000.0,168000.0
4594,Hombre,41,Leo,Profesor,100000.0,168000.0
4595,Hombre,39,Capricornio,Profesor,66000.0,120000.0
4596,Mujer,39,Escorpio,Ingeniero,18000.0,104000.0
4597,Mujer,39,Géminis,Programador,47000.0,74000.0
4598,Hombre,39,Aries,Profesor,68000.0,159000.0
4599,Hombre,38,Aries,Ingeniero,69000.0,114000.0
4600,Mujer,37,Sagitario,Contador,30000.0,49000.0
4601,Hombre,36,Géminis,Ingeniero,71000.0,118000.0
4602,Hombre,39,Leo,Matemático,96000.0,173000.0
4603,Mujer,41,Leo,Programador,17000.0,61000.0
4604,Mujer,43,Leo,Programador,33000.0,63000.0
4605,Mujer,41,Libra,Programador,36000.0,73000.0
4606,Hombre,39,Virgo,Ingeniero,78000.0,134000.0
4607,Otro,37,Aries,Profesor,30000.0,87000.0
4608,Mujer,40,Escorpio,Programador,39000.0,114000.0
4609,Hombre,40,Capricornio,Economista,68000.0,104000.0
4610,Hombre,38,Virgo,Ingeniero,50000.0,133000.0
4611,Hombre,45,Libra,Maestro,57000.0,122000.0
4612,Mujer,43,Acuario,Profesor,26000.0,96000.0
4613,Mujer,36,Escorpio,Profesor,33000.0,113000.0
4614,Hombre,36,Leo,Ingeniero,95000.0,123000.0
4615,Hombre,37,Tauro,Profesor,100000.0,102000.0
4616,Mujer,40,Virgo,Ingeniero,13000.0,143000.0
4617,Hombre,35,Acuario,Estudiante,79000.0,135000.0
4618,Hombre,38,Virgo,Matemático,87000.0,160000.0
4619,Hombre,42,Acuario,Programador,57000.0,100000.0
4620,Hombre,38,Aries,Programador,47000.0,186000.0
4621,Hombre,40,Libra,Contador,77000.0,179000.0
4622,Hombre,37,Capricornio,Programador,76000.0,161000.0
4623,Mujer,35,Capricornio,Programador,26000.0,50000.0
4624,Hombre,41,Géminis,Profesor,85000.0,97000.0
4625,Hombre,31,Leo,Programador,55000.0,81000.0
4626,Hombre,52,Picis,Programador,70000.0,118000.0
4627,Mujer,34,Escorpio,Profesor,17000.0,102000.0
4628,Mujer,36,Libra,Profesor,32000.0,46000.0
4629,Hombre,38,Virgo,Profesor,59000.0,216000.0
4630,Hombre,36,Tauro,Programador,58000.0,113000.0
4631,Hombre,36,Acuario,Contador,94000.0,108000.0
4632,Hombre,41,Leo,Ingeniero,87000.0,168000.0
4633,Hombre,39,Virgo,Ingeniero,98000.0,168000.0
4634,Mujer,37,Libra,Programador,30000.0,94000.0
4635,Mujer,32,Sagitario,Matemático,18000.0,48000.0
4636,Hombre,35,Géminis,Ingeniero,51000.0,102000.0
4637,Hombre,40,Cáncer,Ingeniero,66000.0,125000.0
4638,Hombre,40,Aries,Programador,108000.0,199000.0
4639,Hombre,32,Géminis,Programador,87000.0,104000.0
4640,Mujer,38,Libra,Programador,41000.0,95000.0
4641,Otro,27,Acuario,Físico,24000.0,86000.0
4642,Hombre,41,Acuario,Matemático,80000.0,89000.0
4643,Mujer,37,Capricornio,Programador,21000.0,55000.0
4644,Mujer,45,Cáncer,Profesor,25000.0,60000.0
4645,Hombre,42,Cáncer,Matemático,92000.0,139000.0
4646,Mujer,45,Virgo,Programador,19000.0,276000.0
4647,Mujer,37,Cáncer,Maestro,26000.0,44000.0
4648,Hombre,39,Acuario,Programador,80000.0,131000.0
4649,Hombre,35,Libra,Profesor,69000.0,204000.0
4650,Mujer,44,Leo,Contador,25000.0,79000.0
4651,Mujer,40,Escorpio,Programador,17000.0,65000.0
4652,Hombre,39,Cáncer,Programador,79000.0,116000.0
4653,Mujer,46,Sagitario,Matemático,14000.0,55000.0
4654,Mujer,30,Libra,Programador,29000.0,84000.0
4655,Hombre,45,Picis,Ingeniero,68000.0,155000.0
4656,Mujer,35,Aries,Programador,22000.0,68000.0
4657,Mujer,40,Escorpio,Programador,19000.0,75000.0
4658,Mujer,30,Leo,Programador,44000.0,145000.0
4659,Mujer,40,Aries,Programador,21000.0,74000.0
4660,Mujer,36,Cáncer,Estudiante,16000.0,52000.0
4661,Mujer,34,Virgo,Profesor,18000.0,95000.0
4662,Prefiero no decirlo,47,Capricornio,Programador,22000.0,81000.0
4663,Hombre,33,Capricornio,Ingeniero,66000.0,97000.0
4664,Hombre,37,Libra,Profesor,69000.0,119000.0
4665,Hombre,42,Acuario,Ingeniero,75000.0,133000.0
4666,Mujer,42,Escorpio,Programador,44000.0,54000.0
4667,Mujer,33,Sagitario,Ingeniero,33000.0,68000.0
4668,Hombre,38,Capricornio,Profesor,83000.0,145000.0
4669,Hombre,48,Capricornio,Ingeniero,64000.0,139000.0
4670,Hombre,37,Escorpio,Profesor,55000.0,108000.0
4671,Hombre,49,Virgo,Contador,56000.0,84000.0
4672,Mujer,41,Acuario,Ingeniero,38000.0,68000.0
4673,Hombre,42,Aries,Ingeniero,92000.0,155000.0
4674,Mujer,28,Tauro,Ingeniero,34000.0,75000.0
4675,Hombre,37,Géminis,Programador,73000.0,139000.0
4676,Mujer,46,Libra,Físico,33000.0,58000.0
4677,Hombre,37,Picis,Profesor,64000.0,141000.0
4678,Hombre,35,Tauro,Programador,68000.0,198000.0
4679,Mujer,37,Acuario,Profesor,30000.0,75000.0
4680,Hombre,42,Géminis,Programador,72000.0,158000.0
4681,Hombre,35,Escorpio,Profesor,67000.0,115000.0
4682,Hombre,37,Virgo,Matemático,70000.0,158000.0
4683,Hombre,35,Escorpio,Economista,69000.0,157000.0
4684,Mujer,34,Escorpio,Economista,15000.0,105000.0
4685,Mujer,48,Virgo,Ingeniero,23000.0,123000.0
4686,Mujer,33,Escorpio,Matemático,18000.0,81000.0
4687,Hombre,43,Virgo,Programador,76000.0,115000.0
4688,Mujer,40,Escorpio,Estudiante,22000.0,90000.0
4689,Hombre,45,Aries,Programador,76000.0,204000.0
4690,Mujer,43,Sagitario,Estudiante,50000.0,56000.0
4691,Mujer,39,Leo,Profesor,41000.0,97000.0
4692,Hombre,44,Sagitario,Contador,57000.0,166000.0
4693,Mujer,37,Capricornio,Físico,35000.0,35000.0
4694,Hombre,39,Cáncer,Matemático,67000.0,98000.0
4695,Hombre,36,Picis,Programador,76000.0,106000.0
4696,Mujer,37,Virgo,Contador,32000.0,62000.0
4697,Hombre,42,Géminis,Ingeniero,76000.0,95000.0
4698,Hombre,33,Sagitario,Profesor,82000.0,79000.0
4699,Mujer,47,Virgo,Programador,20000.0,89000.0
4700,Hombre,42,Aries,Estudiante,79000.0,151000.0
4701,Mujer,47,Libra,Profesor,37000.0,77000.0
4702,Hombre,40,Leo,Programador,81000.0,139000.0
4703,Mujer,37,Aries,Economista,23000.0,80000.0
4704,Hombre,45,Capricornio,Profesor,118000.0,200000.0
4705,Mujer,46,Virgo,Economista,25000.0,42000.0
4706,Hombre,35,Acuario,Programador,86000.0,83000.0
4707,Mujer,41,Cáncer,Profesor,26000.0,65000.0
4708,Hombre,41,Leo,Profesor,83000.0,193000.0
4709,Mujer,39,Libra,Programador,21000.0,49000.0
4710,Hombre,34,Leo,Ingeniero,66000.0,138000.0
4711,Hombre,33,Leo,Ingeniero,79000.0,160000.0
4712,Hombre,52,Cáncer,Físico,107000.0,97000.0
4713,Hombre,45,Leo,Ingeniero,77000.0,176000.0
4714,Hombre,47,Leo,Físico,60000.0,119000.0
4715,Hombre,31,Escorpio,Profesor,101000.0,97000.0
4716,Mujer,28,Picis,Ingeniero,27000.0,44000.0
4717,Mujer,46,Escorpio,Ingeniero,28000.0,90000.0
4718,Mujer,34,Aries,Programador,30000.0,50000.0
4719,Hombre,44,Géminis,Ingeniero,80000.0,109000.0
4720,Prefiero no decirlo,43,Sagitario,Profesor,39000.0,72000.0
4721,Hombre,43,Leo,Programador,73000.0,112000.0
4722,Prefiero no decirlo,39,Virgo,Programador,27000.0,116000.0
4723,Hombre,45,Picis,Profesor,54000.0,203000.0
4724,Hombre,41,Tauro,Físico,87000.0,170000.0
4725,Mujer,37,Picis,Programador,21000.0,177000.0
4726,Hombre,37,Acuario,Programador,50000.0,169000.0
4727,Hombre,33,Cáncer,Profesor,59000.0,118000.0
4728,Hombre,39,Leo,Ingeniero,97000.0,194000.0
4729,Mujer,42,Cáncer,Programador,39000.0,125000.0
4730,Mujer,45,Sagitario,Ingeniero,21000.0,39000.0
4731,Hombre,38,Cáncer,Programador,78000.0,181000.0
4732,Hombre,37,Leo,Estudiante,87000.0,106000.0
4733,Hombre,35,Tauro,Programador,96000.0,207000.0
4734,Hombre,38,Géminis,Ingeniero,92000.0,70000.0
4735,Mujer,36,Leo,Profesor,27000.0,107000.0
4736,Hombre,39,Sagitario,Programador,90000.0,151000.0
4737,Hombre,38,Capricornio,Programador,85000.0,117000.0
4738,Hombre,49,Sagitario,Ingeniero,99000.0,94000.0
4739,Mujer,38,Tauro,Estudiante,28000.0,63000.0
4740,Mujer,47,Libra,Programador,35000.0,100000.0
4741,Mujer,36,Libra,Ingeniero,12000.0,65000.0
4742,Mujer,39,Virgo,Programador,39000.0,101000.0
4743,Mujer,38,Acuario,Profesor,31000.0,63000.0
4744,Mujer,39,Cáncer,Profesor,27000.0,69000.0
4745,Hombre,33,Tauro,Profesor,84000.0,184000.0
4746,Hombre,37,Cáncer,Contador,50000.0,106000.0
4747,Hombre,41,Picis,Ingeniero,74000.0,101000.0
4748,Mujer,41,Cáncer,Programador,20000.0,86000.0
4749,Hombre,41,Aries,Profesor,108000.0,176000.0
4750,Hombre,37,Picis,Contador,65000.0,151000.0
4751,Hombre,34,Acuario,Matemático,61000.0,156000.0
4752,Hombre,42,Leo,Estudiante,61000.0,142000.0
4753,Mujer,28,Escorpio,Estudiante,31000.0,58000.0
4754,Hombre,46,Aries,Programador,83000.0,108000.0
4755,Hombre,40,Tauro,Contador,78000.0,128000.0
4756,Mujer,44,Capricornio,Profesor,29000.0,137000.0
4757,Hombre,39,Picis,Programador,95000.0,146000.0
4758,Mujer,35,Aries,Contador,27000.0,90000.0
4759,Hombre,46,Aries,Programador,84000.0,156000.0
4760,Mujer,43,Géminis,Estudiante,25000.0,93000.0
4761,Hombre,40,Libra,Programador,85000.0,146000.0
4762,Hombre,37,Capricornio,Ingeniero,90000.0,120000.0
4763,Hombre,47,Cáncer,Ingeniero,77000.0,155000.0
4764,Hombre,47,Escorpio,Estudiante,71000.0,124000.0
4765,Mujer,36,Capricornio,Programador,16000.0,47000.0
4766,Hombre,36,Aries,Programador,63000.0,172000.0
4767,Mujer,37,Capricornio,Programador,37000.0,67000.0
4768,Mujer,33,Acuario,Programador,40000.0,83000.0
4769,Mujer,38,Libra,Profesor,18000.0,98000.0
4770,Mujer,40,Capricornio,Economista,42000.0,54000.0
4771,Mujer,30,Picis,Ingeniero,31000.0,53000.0
4772,Hombre,36,Leo,Ingeniero,66000.0,96000.0
4773,Hombre,44,Aries,Programador,51000.0,123000.0
4774,Hombre,40,Capricornio,Economista,74000.0,128000.0
4775,Hombre,28,Escorpio,Profesor,73000.0,128000.0
4776,Mujer,41,Cáncer,Ingeniero,18000.0,64000.0
4777,Mujer,44,Tauro,Físico,16000.0,160000.0
4778,Mujer,45,Acuario,Contador,20000.0,75000.0
4779,Mujer,44,Libra,Programador,25000.0,54000.0
4780,Mujer,37,Acuario,Programador,27000.0,72000.0
4781,Mujer,37,Libra,Ingeniero,22000.0,84000.0
4782,Mujer,38,Escorpio,Contador,26000.0,48000.0
4783,Mujer,44,Acuario,Profesor,27000.0,41000.0
4784,Mujer,34,Acuario,Ingeniero,29000.0,63000.0
4785,Hombre,36,Libra,Estudiante,87000.0,133000.0
4786,Mujer,42,Acuario,Estudiante,22000.0,63000.0
4787,Prefiero no decirlo,38,Tauro,Programador,32000.0,117000.0
4788,Hombre,32,Tauro,Estudiante,57000.0,145000.0
4789,Hombre,41,Tauro,Programador,92000.0,153000.0
4790,Hombre,45,Acuario,Economista,73000.0,158000.0
4791,Hombre,36,Picis,Estudiante,76000.0,126000.0
4792,Mujer,39,Libra,Programador,30000.0,61000.0
4793,Mujer,38,Capricornio,Ingeniero,53000.0,51000.0
4794,Hombre,40,Sagitario,Ingeniero,71000.0,139000.0
4795,Hombre,44,Libra,Contador,65000.0,140000.0
4796,Hombre,41,Leo,Programador,62000.0,176000.0
4797,Mujer,37,Capricornio,Estudiante,32000.0,43000.0
4798,Mujer,36,Leo,Programador,24000.0,72000.0
4799,Hombre,42,Acuario,Profesor,80000.0,110000.0
4800,Hombre,33,Escorpio,Físico,80000.0,124000.0
4801,Otro,34,Cáncer,Programador,39000.0,90000.0
4802,Hombre,41,Leo,Programador,59000.0,104000.0
4803,Hombre,42,Libra,Ingeniero,59000.0,107000.0
4804,Otro,36,Picis,Programador,42000.0,68000.0
4805,Mujer,39,Aries,Profesor,24000.0,81000.0
4806,Mujer,47,Escorpio,Programador,43000.0,41000.0
4807,Mujer,33,Libra,Maestro,26000.0,145000.0
4808,Hombre,40,Géminis,Físico,82000.0,215000.0
4809,Hombre,34,Cáncer,Físico,56000.0,127000.0
4810,Mujer,46,Sagitario,Ingeniero,22000.0,125000.0
4811,Hombre,34,Virgo,Ingeniero,78000.0,88000.0
4812,Mujer,38,Escorpio,Ingeniero,31000.0,44000.0
4813,Hombre,39,Cáncer,Programador,50000.0,120000.0
4814,Hombre,36,Tauro,Profesor,106000.0,117000.0
4815,Mujer,38,Capricornio,Contador,32000.0,53000.0
4816,Mujer,39,Tauro,Contador,49000.0,57000.0
4817,Mujer,42,Picis,Profesor,38000.0,103000.0
4818,Hombre,31,Cáncer,Ingeniero,60000.0,130000.0
4819,Mujer,38,Sagitario,Programador,33000.0,57000.0
4820,Hombre,37,Sagitario,Economista,55000.0,115000.0
4821,Mujer,38,Géminis,Programador,30000.0,68000.0
4822,Mujer,47,Tauro,Profesor,27000.0,67000.0
4823,Hombre,37,Escorpio,Programador,74000.0,113000.0
4824,Mujer,44,Cáncer,Programador,37000.0,57000.0
4825,Mujer,42,Acuario,Profesor,36000.0,99000.0
4826,Hombre,37,Acuario,Ingeniero,75000.0,134000.0
4827,Hombre,42,Libra,Programador,103000.0,162000.0
4828,Mujer,40,Virgo,Ingeniero,21000.0,98000.0
4829,Hombre,41,Cáncer,Programador,89000.0,153000.0
4830,Hombre,37,Géminis,Programador,84000.0,237000.0
4831,Mujer,45,Cáncer,Programador,18000.0,83000.0
4832,Hombre,37,Virgo,Programador,86000.0,103000.0
4833,Mujer,38,Géminis,Contador,22000.0,41000.0
4834,Otro,46,Géminis,Programador,30000.0,70000.0
4835,Hombre,39,Libra,Profesor,67000.0,164000.0
4836,Mujer,39,Sagitario,Ingeniero,24000.0,82000.0
4837,Mujer,42,Escorpio,Ingeniero,38000.0,59000.0
4838,Hombre,48,Libra,Economista,43000.0,114000.0
4839,Mujer,37,Sagitario,Físico,28000.0,124000.0
4840,Hombre,40,Picis,Matemático,59000.0,101000.0
4841,Hombre,41,Picis,Físico,53000.0,123000.0
4842,Hombre,38,Virgo,Matemático,92000.0,137000.0
4843,Hombre,37,Capricornio,Profesor,59000.0,142000.0
4844,Mujer,45,Libra,Físico,27000.0,93000.0
4845,Hombre,38,Sagitario,Ingeniero,43000.0,135000.0
4846,Hombre,47,Sagitario,Ingeniero,63000.0,190000.0
4847,Hombre,33,Cáncer,Profesor,65000.0,128000.0
4848,Hombre,41,Virgo,Programador,89000.0,104000.0
4849,Hombre,43,Aries,Profesor,65000.0,140000.0
4850,Mujer,42,Escorpio,Matemático,30000.0,73000.0
4851,Hombre,35,Aries,Profesor,91000.0,117000.0
4852,Mujer,33,Aries,Matemático,32000.0,69000.0
4853,Hombre,35,Capricornio,Maestro,75000.0,108000.0
4854,Hombre,45,Virgo,Profesor,76000.0,92000.0
4855,Hombre,46,Sagitario,Economista,78000.0,163000.0
4856,Prefiero no decirlo,37,Escorpio,Profesor,31000.0,111000.0
4857,Hombre,50,Géminis,Contador,68000.0,109000.0
4858,Mujer,38,Escorpio,Programador,26000.0,111000.0
4859,Hombre,44,Cáncer,Ingeniero,104000.0,141000.0
4860,Hombre,39,Escorpio,Economista,70000.0,75000.0
4861,Hombre,38,Acuario,Programador,81000.0,97000.0
4862,Hombre,44,Leo,Profesor,61000.0,239000.0
4863,Mujer,46,Leo,Maestro,20000.0,72000.0
4864,Mujer,45,Picis,Profesor,37000.0,56000.0
4865,Mujer,40,Géminis,Contador,28000.0,54000.0
4866,Hombre,41,Géminis,Contador,53000.0,118000.0
4867,Hombre,41,Sagitario,Contador,69000.0,157000.0
4868,Hombre,50,Libra,Programador,118000.0,96000.0
4869,Hombre,35,Tauro,Ingeniero,68000.0,154000.0
4870,Hombre,39,Cáncer,Profesor,64000.0,134000.0
4871,Hombre,35,Sagitario,Matemático,52000.0,197000.0
4872,Hombre,39,Tauro,Ingeniero,72000.0,127000.0
4873,Hombre,37,Virgo,Programador,76000.0,199000.0
4874,Mujer,43,Cáncer,Maestro,28000.0,72000.0
4875,Hombre,34,Capricornio,Programador,63000.0,93000.0
4876,Hombre,49,Sagitario,Matemático,78000.0,89000.0
4877,Hombre,43,Virgo,Contador,66000.0,137000.0
4878,Hombre,32,Virgo,Ingeniero,86000.0,126000.0
4879,Hombre,36,Libra,Programador,75000.0,102000.0
4880,Mujer,36,Cáncer,Programador,26000.0,68000.0
4881,Prefiero no decirlo,32,Leo,Maestro,23000.0,50000.0
4882,Hombre,46,Libra,Programador,53000.0,157000.0
4883,Hombre,36,Virgo,Profesor,66000.0,154000.0
4884,Hombre,37,Acuario,Físico,100000.0,155000.0
4885,Hombre,34,Cáncer,Programador,79000.0,137000.0
4886,Prefiero no decirlo,40,Picis,Ingeniero,34000.0,105000.0
4887,Hombre,38,Aries,Ingeniero,60000.0,123000.0
4888,Hombre,40,Leo,Ingeniero,80000.0,145000.0
4889,Hombre,42,Escorpio,Programador,87000.0,164000.0
4890,Hombre,37,Capricornio,Contador,78000.0,111000.0
4891,Mujer,38,Virgo,Programador,59000.0,70000.0
4892,Hombre,35,Libra,Contador,72000.0,129000.0
4893,Mujer,27,Capricornio,Economista,22000.0,51000.0
4894,Hombre,39,Leo,Profesor,62000.0,176000.0
4895,Hombre,32,Capricornio,Programador,81000.0,150000.0
4896,Hombre,44,Sagitario,Ingeniero,54000.0,154000.0
4897,Hombre,40,Aries,Profesor,74000.0,218000.0
4898,Prefiero no decirlo,41,Sagitario,Matemático,29000.0,129000.0
4899,Mujer,38,Acuario,Profesor,22000.0,65000.0
4900,Hombre,33,Libra,Profesor,60000.0,130000.0
4901,Hombre,45,Libra,Profesor,85000.0,111000.0
4902,Mujer,41,Tauro,Contador,24000.0,77000.0
4903,Mujer,34,Leo,Ingeniero,14000.0,61000.0
4904,Hombre,45,Leo,Profesor,62000.0,110000.0
4905,Hombre,36,Acuario,Físico,100000.0,197000.0
4906,Hombre,44,Géminis,Ingeniero,66000.0,113000.0
4907,Mujer,43,Sagitario,Ingeniero,26000.0,54000.0
4908,Hombre,39,Tauro,Contador,106000.0,143000.0
4909,Hombre,45,Picis,Profesor,50000.0,154000.0
4910,Hombre,43,Virgo,Programador,65000.0,160000.0
4911,Hombre,30,Cáncer,Estudiante,61000.0,140000.0
4912,Mujer,44,Sagitario,Programador,19000.0,104000.0
4913,Hombre,51,Picis,Profesor,98000.0,135000.0
4914,Hombre,44,Cáncer,Programador,44000.0,121000.0
4915,Mujer,40,Aries,Ingeniero,26000.0,127000.0
4916,Mujer,40,Escorpio,Programador,22000.0,64000.0
4917,Otro,36,Cáncer,Ingeniero,27000.0,78000.0
4918,Mujer,37,Picis,Matemático,28000.0,119000.0
4919,Hombre,39,Capricornio,Ingeniero,92000.0,165000.0
4920,Mujer,37,Leo,Profesor,24000.0,61000.0
4921,Hombre,40,Virgo,Programador,76000.0,160000.0
4922,Mujer,50,Capricornio,Profesor,32000.0,73000.0
4923,Hombre,35,Acuario,Profesor,67000.0,114000.0
4924,Mujer,45,Géminis,Contador,17000.0,58000.0
4925,Hombre,39,Escorpio,Contador,77000.0,114000.0
4926,Hombre,39,Virgo,Programador,79000.0,175000.0
4927,Hombre,39,Picis,Ingeniero,60000.0,108000.0
4928,Otro,48,Acuario,Ingeniero,28000.0,78000.0
4929,Hombre,38,Acuario,Profesor,63000.0,115000.0
4930,Hombre,45,Picis,Matemático,79000.0,185000.0
4931,Mujer,46,Escorpio,Programador,35000.0,96000.0
4932,Hombre,34,Leo,Programador,79000.0,120000.0
4933,Hombre,41,Aries,Programador,83000.0,140000.0
4934,Mujer,41,Tauro,Contador,22000.0,68000.0
4935,Mujer,41,Sagitario,Economista,22000.0,114000.0
4936,Mujer,36,Tauro,Profesor,25000.0,123000.0
4937,Hombre,41,Virgo,Programador,74000.0,118000.0
4938,Mujer,39,Capricornio,Físico,27000.0,76000.0
4939,Mujer,34,Aries,Programador,27000.0,120000.0
4940,Hombre,36,Acuario,Físico,42000.0,110000.0
4941,Hombre,36,Leo,Ingeniero,83000.0,206000.0
4942,Hombre,42,Escorpio,Ingeniero,45000.0,174000.0
4943,Hombre,48,Tauro,Programador,75000.0,142000.0
4944,Mujer,39,Sagitario,Ingeniero,43000.0,64000.0
4945,Hombre,33,Aries,Profesor,75000.0,200000.0
4946,Hombre,36,Tauro,Programador,69000.0,123000.0
4947,Hombre,39,Picis,Maestro,69000.0,210000.0
4948,Prefiero no decirlo,36,Tauro,Contador,28000.0,61000.0
4949,Hombre,41,Cáncer,Profesor,68000.0,167000.0
4950,Mujer,38,Virgo,Profesor,28000.0,52000.0
4951,Hombre,34,Sagitario,Contador,69000.0,91000.0
4952,Mujer,46,Picis,Programador,19000.0,75000.0
4953,Hombre,43,Libra,Profesor,81000.0,109000.0
4954,Mujer,39,Sagitario,Programador,28000.0,86000.0
4955,Mujer,40,Aries,Economista,34000.0,62000.0
4956,Mujer,40,Capricornio,Programador,22000.0,89000.0
4957,Mujer,41,Acuario,Economista,41000.0,169000.0
4958,Hombre,34,Leo,Programador,64000.0,97000.0
4959,Hombre,46,Libra,Ingeniero,59000.0,98000.0
4960,Hombre,45,Capricornio,Físico,47000.0,105000.0
4961,Mujer,32,Capricornio,Programador,28000.0,56000.0
4962,Hombre,31,Tauro,Programador,105000.0,112000.0
4963,Hombre,45,Picis,Ingeniero,78000.0,113000.0
4964,Mujer,38,Picis,Ingeniero,22000.0,77000.0
4965,Mujer,39,Libra,Programador,40000.0,72000.0
4966,Mujer,40,Sagitario,Matemático,35000.0,106000.0
4967,Hombre,43,Géminis,Programador,74000.0,167000.0
4968,Mujer,54,Sagitario,Programador,31000.0,58000.0
4969,Mujer,40,Cáncer,Matemático,31000.0,107000.0
4970,Hombre,37,Géminis,Programador,82000.0,158000.0
4971,Hombre,37,Aries,Programador,58000.0,190000.0
4972,Hombre,39,Picis,Programador,55000.0,111000.0
4973,Hombre,36,Aries,Maestro,75000.0,167000.0
4974,Mujer,40,Escorpio,Programador,22000.0,84000.0
4975,Hombre,39,Leo,Profesor,97000.0,108000.0
4976,Hombre,37,Virgo,Programador,60000.0,149000.0
4977,Hombre,36,Escorpio,Economista,74000.0,108000.0
4978,Hombre,40,Capricornio,Ingeniero,56000.0,175000.0
4979,Hombre,37,Picis,Programador,78000.0,112000.0
4980,Hombre,30,Tauro,Ingeniero,70000.0,175000.0
4981,Hombre,37,Aries,Profesor,74000.0,126000.0
4982,Mujer,39,Escorpio,Físico,30000.0,82000.0
4983,Hombre,33,Picis,Programador,57000.0,126000.0
4984,Hombre,44,Cáncer,Programador,65000.0,88000.0
4985,Hombre,44,Leo,Ingeniero,78000.0,110000.0
4986,Hombre,43,Sagitario,Ingeniero,82000.0,106000.0
4987,Hombre,40,Virgo,Ingeniero,62000.0,197000.0
4988,Mujer,44,Géminis,Programador,29000.0,74000.0
4989,Mujer,38,Picis,Maestro,22000.0,69000.0
4990,Mujer,34,Acuario,Programador,38000.0,108000.0
4991,Mujer,44,Aries,Economista,25000.0,79000.0
4992,Mujer,45,Picis,Físico,22000.0,74000.0
4993,Mujer,33,Leo,Programador,22000.0,66000.0
4994,Hombre,38,Tauro,Ingeniero,58000.0,134000.0
4995,Mujer,40,Libra,Programador,24000.0,82000.0
4996,Mujer,48,Cáncer,Economista,39000.0,118000.0
4997,Mujer,45,Aries,Estudiante,29000.0,61000.0
4998,Hombre,43,Acuario,Programador,76000.0,122000.0
4999,Otro,36,Capricornio,Profesor,26000.0,131000.0
5000,Hombre,39,Picis,Programador,70000.0,80000.0
5001,Mujer,39,Cáncer,Economista,48000.0,89000.0
5002,Mujer,37,Géminis,Ingeniero,27000.0,30000.0
5003,Hombre,36,Libra,Estudiante,95000.0,117000.0
5004,Mujer,49,Tauro,Economista,32000.0,79000.0
5005,Hombre,38,Leo,Contador,52000.0,75000.0
5006,Mujer,43,Sagitario,Programador,31000.0,102000.0
5007,Mujer,41,Capricornio,Economista,17000.0,62000.0
5008,Mujer,40,Libra,Profesor,33000.0,103000.0
5009,Mujer,35,Libra,Profesor,23000.0,132000.0
5010,Hombre,46,Capricornio,Profesor,69000.0,183000.0
5011,Hombre,39,Picis,Ingeniero,61000.0,184000.0
5012,Hombre,43,Cáncer,Programador,66000.0,90000.0
5013,Mujer,45,Géminis,Ingeniero,43000.0,65000.0
5014,Mujer,37,Escorpio,Profesor,35000.0,82000.0
5015,Hombre,44,Virgo,Ingeniero,68000.0,91000.0
5016,Hombre,41,Escorpio,Matemático,58000.0,155000.0
5017,Hombre,43,Libra,Ingeniero,61000.0,156000.0
5018,Hombre,44,Tauro,Programador,60000.0,95000.0
5019,Hombre,56,Leo,Ingeniero,88000.0,111000.0
5020,Hombre,37,Capricornio,Ingeniero,51000.0,81000.0
5021,Hombre,28,Capricornio,Programador,92000.0,105000.0
5022,Mujer,46,Virgo,Programador,32000.0,70000.0
5023,Mujer,39,Virgo,Programador,33000.0,128000.0
5024,Mujer,42,Acuario,Programador,20000.0,81000.0
5025,Hombre,33,Sagitario,Ingeniero,71000.0,159000.0
5026,Mujer,53,Libra,Matemático,24000.0,66000.0
5027,Mujer,46,Tauro,Contador,46000.0,60000.0
5028,Hombre,50,Acuario,Programador,73000.0,145000.0
5029,Hombre,33,Leo,Programador,82000.0,184000.0
5030,Hombre,33,Virgo,Programador,67000.0,135000.0
5031,Hombre,48,Escorpio,Programador,75000.0,108000.0
5032,Hombre,29,Cáncer,Programador,71000.0,103000.0
5033,Hombre,41,Libra,Programador,57000.0,104000.0
5034,Hombre,43,Géminis,Programador,81000.0,145000.0
5035,Mujer,35,Tauro,Profesor,23000.0,66000.0
5036,Hombre,39,Libra,Contador,61000.0,108000.0
5037,Hombre,48,Capricornio,Contador,66000.0,137000.0
5038,Mujer,36,Picis,Profesor,21000.0,82000.0
5039,Hombre,44,Cáncer,Programador,85000.0,194000.0
5040,Mujer,50,Cáncer,Programador,25000.0,68000.0
5041,Hombre,44,Aries,Físico,58000.0,109000.0
5042,Mujer,42,Leo,Estudiante,23000.0,122000.0
5043,Mujer,44,Aries,Profesor,23000.0,38000.0
5044,Mujer,38,Cáncer,Programador,27000.0,96000.0
5045,Hombre,44,Leo,Programador,78000.0,166000.0
5046,Hombre,38,Capricornio,Profesor,81000.0,123000.0
5047,Mujer,42,Cáncer,Ingeniero,20000.0,52000.0
5048,Mujer,48,Virgo,Ingeniero,25000.0,88000.0
5049,Hombre,41,Sagitario,Profesor,81000.0,148000.0
5050,Mujer,33,Escorpio,Profesor,25000.0,109000.0
5051,Hombre,49,Cáncer,Ingeniero,61000.0,171000.0
5052,Hombre,39,Aries,Programador,50000.0,149000.0
5053,Hombre,39,Picis,Programador,91000.0,120000.0
5054,Hombre,36,Sagitario,Ingeniero,65000.0,96000.0
5055,Hombre,32,Tauro,Estudiante,50000.0,66000.0
5056,Hombre,41,Tauro,Programador,65000.0,129000.0
5057,Hombre,36,Cáncer,Estudiante,61000.0,166000.0
5058,Hombre,36,Libra,Ingeniero,61000.0,161000.0
5059,Hombre,26,Tauro,Físico,72000.0,77000.0
5060,Hombre,39,Virgo,Profesor,66000.0,118000.0
5061,Mujer,35,Cáncer,Programador,22000.0,113000.0
5062,Hombre,45,Escorpio,Profesor,63000.0,114000.0
5063,Hombre,38,Tauro,Ingeniero,56000.0,138000.0
5064,Hombre,46,Sagitario,Ingeniero,58000.0,129000.0
5065,Hombre,33,Leo,Programador,57000.0,108000.0
5066,Mujer,36,Aries,Programador,22000.0,57000.0
5067,Mujer,39,Escorpio,Ingeniero,42000.0,49000.0
5068,Mujer,39,Picis,Economista,30000.0,132000.0
5069,Hombre,29,Sagitario,Estudiante,90000.0,102000.0
5070,Hombre,46,Picis,Profesor,47000.0,150000.0
5071,Mujer,37,Escorpio,Estudiante,28000.0,69000.0
5072,Mujer,30,Aries,Profesor,28000.0,51000.0
5073,Hombre,37,Sagitario,Programador,93000.0,138000.0
5074,Hombre,46,Virgo,Contador,82000.0,139000.0
5075,Hombre,29,Picis,Programador,84000.0,174000.0
5076,Hombre,45,Virgo,Ingeniero,72000.0,86000.0
5077,Mujer,41,Capricornio,Economista,20000.0,78000.0
5078,Hombre,39,Cáncer,Programador,68000.0,113000.0
5079,Mujer,38,Acuario,Profesor,36000.0,70000.0
5080,Mujer,42,Picis,Matemático,20000.0,61000.0
5081,Prefiero no decirlo,42,Libra,Programador,30000.0,88000.0
5082,Hombre,44,Escorpio,Programador,75000.0,119000.0
5083,Hombre,35,Tauro,Ingeniero,67000.0,122000.0
5084,Hombre,38,Libra,Programador,63000.0,146000.0
5085,Prefiero no decirlo,42,Géminis,Programador,23000.0,86000.0
5086,Mujer,45,Picis,Ingeniero,17000.0,90000.0
5087,Hombre,47,Acuario,Programador,79000.0,200000.0
5088,Mujer,40,Picis,Ingeniero,39000.0,81000.0
5089,Hombre,55,Cáncer,Ingeniero,68000.0,145000.0
5090,Hombre,36,Cáncer,Profesor,108000.0,123000.0
5091,Prefiero no decirlo,43,Virgo,Profesor,38000.0,75000.0
5092,Mujer,41,Libra,Profesor,27000.0,57000.0
5093,Mujer,37,Cáncer,Programador,31000.0,66000.0
5094,Hombre,46,Escorpio,Ingeniero,72000.0,132000.0
5095,Hombre,44,Libra,Programador,73000.0,142000.0
5096,Hombre,50,Capricornio,Profesor,63000.0,153000.0
5097,Hombre,29,Géminis,Profesor,97000.0,144000.0
5098,Hombre,39,Géminis,Programador,65000.0,164000.0
5099,Hombre,38,Leo,Ingeniero,62000.0,70000.0
5100,Hombre,41,Picis,Contador,92000.0,89000.0
5101,Hombre,48,Géminis,Programador,65000.0,124000.0
5102,Hombre,41,Acuario,Programador,95000.0,123000.0
5103,Hombre,39,Capricornio,Estudiante,71000.0,154000.0
5104,Mujer,36,Leo,Matemático,37000.0,95000.0
5105,Mujer,32,Géminis,Ingeniero,29000.0,96000.0
5106,Mujer,32,Leo,Programador,26000.0,95000.0
5107,Hombre,46,Escorpio,Profesor,108000.0,174000.0
5108,Hombre,45,Virgo,Ingeniero,59000.0,115000.0
5109,Hombre,40,Escorpio,Maestro,80000.0,125000.0
5110,Hombre,27,Libra,Programador,62000.0,120000.0
5111,Mujer,42,Cáncer,Programador,17000.0,79000.0
5112,Hombre,31,Virgo,Ingeniero,131000.0,133000.0
5113,Hombre,43,Escorpio,Profesor,73000.0,131000.0
5114,Hombre,45,Aries,Estudiante,65000.0,151000.0
5115,Hombre,40,Libra,Profesor,72000.0,131000.0
5116,Hombre,45,Acuario,Profesor,96000.0,189000.0
5117,Mujer,35,Aries,Ingeniero,15000.0,105000.0
5118,Mujer,32,Aries,Ingeniero,19000.0,110000.0
5119,Mujer,35,Libra,Economista,21000.0,47000.0
5120,Mujer,36,Libra,Matemático,30000.0,50000.0
5121,Hombre,39,Capricornio,Programador,71000.0,122000.0
5122,Mujer,49,Picis,Programador,30000.0,196000.0
5123,Hombre,38,Cáncer,Economista,73000.0,143000.0
5124,Mujer,29,Aries,Programador,19000.0,99000.0
5125,Mujer,37,Cáncer,Programador,13000.0,75000.0
5126,Hombre,38,Libra,Profesor,79000.0,130000.0
5127,Mujer,40,Sagitario,Profesor,21000.0,57000.0
5128,Hombre,43,Acuario,Ingeniero,72000.0,143000.0
5129,Hombre,39,Picis,Contador,82000.0,112000.0
5130,Mujer,40,Sagitario,Profesor,26000.0,103000.0
5131,Hombre,36,Aries,Programador,72000.0,139000.0
5132,Hombre,33,Leo,Ingeniero,61000.0,119000.0
5133,Hombre,40,Cáncer,Profesor,51000.0,111000.0
5134,Hombre,39,Virgo,Programador,82000.0,161000.0
5135,Mujer,35,Aries,Programador,28000.0,58000.0
5136,Mujer,33,Sagitario,Ingeniero,52000.0,44000.0
5137,Hombre,53,Géminis,Ingeniero,77000.0,150000.0
5138,Hombre,44,Aries,Programador,54000.0,89000.0
5139,Hombre,40,Libra,Estudiante,62000.0,213000.0
5140,Mujer,37,Libra,Físico,29000.0,95000.0
5141,Hombre,48,Capricornio,Ingeniero,80000.0,96000.0
5142,Mujer,34,Capricornio,Ingeniero,29000.0,68000.0
5143,Mujer,40,Sagitario,Matemático,37000.0,93000.0
5144,Prefiero no decirlo,39,Capricornio,Estudiante,29000.0,58000.0
5145,Hombre,38,Géminis,Programador,97000.0,135000.0
5146,Mujer,35,Leo,Profesor,14000.0,47000.0
5147,Hombre,40,Libra,Economista,76000.0,123000.0
5148,Mujer,39,Sagitario,Programador,26000.0,69000.0
5149,Mujer,26,Libra,Ingeniero,30000.0,94000.0
5150,Hombre,36,Géminis,Economista,77000.0,186000.0
5151,Mujer,33,Sagitario,Estudiante,25000.0,53000.0
5152,Hombre,46,Picis,Programador,71000.0,139000.0
5153,Mujer,41,Leo,Ingeniero,40000.0,129000.0
5154,Mujer,45,Leo,Físico,32000.0,99000.0
5155,Prefiero no decirlo,38,Escorpio,Programador,37000.0,73000.0
5156,Mujer,45,Leo,Estudiante,59000.0,33000.0
5157,Mujer,43,Cáncer,Programador,22000.0,59000.0
5158,Mujer,32,Géminis,Programador,31000.0,91000.0
5159,Mujer,42,Sagitario,Ingeniero,36000.0,70000.0
5160,Mujer,42,Leo,Programador,28000.0,34000.0
5161,Hombre,36,Leo,Ingeniero,64000.0,148000.0
5162,Hombre,42,Sagitario,Programador,60000.0,195000.0
5163,Mujer,35,Virgo,Matemático,35000.0,86000.0
5164,Hombre,41,Virgo,Profesor,73000.0,80000.0
5165,Mujer,40,Leo,Programador,11000.0,40000.0
5166,Prefiero no decirlo,50,Libra,Programador,25000.0,104000.0
5167,Mujer,49,Acuario,Programador,44000.0,82000.0
5168,Hombre,36,Capricornio,Programador,102000.0,110000.0
5169,Hombre,44,Libra,Contador,72000.0,121000.0
5170,Hombre,49,Virgo,Estudiante,57000.0,119000.0
5171,Mujer,31,Cáncer,Ingeniero,27000.0,52000.0
5172,Hombre,39,Libra,Economista,70000.0,146000.0
5173,Mujer,36,Leo,Programador,39000.0,78000.0
5174,Hombre,37,Aries,Programador,84000.0,106000.0
5175,Mujer,38,Acuario,Profesor,30000.0,87000.0
5176,Hombre,44,Escorpio,Maestro,105000.0,116000.0
5177,Mujer,45,Escorpio,Físico,25000.0,53000.0
5178,Hombre,47,Géminis,Matemático,57000.0,129000.0
5179,Hombre,37,Aries,Ingeniero,79000.0,106000.0
5180,Mujer,43,Sagitario,Contador,20000.0,124000.0
5181,Mujer,38,Virgo,Maestro,28000.0,83000.0
5182,Hombre,41,Picis,Programador,82000.0,244000.0
5183,Hombre,26,Virgo,Ingeniero,57000.0,193000.0
5184,Hombre,41,Escorpio,Programador,67000.0,121000.0
5185,Hombre,37,Libra,Profesor,50000.0,170000.0
5186,Mujer,46,Leo,Profesor,15000.0,59000.0
5187,Mujer,45,Leo,Programador,31000.0,113000.0
5188,Otro,44,Géminis,Ingeniero,25000.0,65000.0
5189,Mujer,41,Cáncer,Matemático,24000.0,86000.0
5190,Hombre,41,Virgo,Programador,78000.0,158000.0
5191,Hombre,37,Escorpio,Programador,97000.0,93000.0
5192,Mujer,46,Aries,Ingeniero,31000.0,59000.0
5193,Hombre,46,Géminis,Físico,57000.0,138000.0
5194,Hombre,38,Capricornio,Ingeniero,67000.0,141000.0
5195,Mujer,43,Virgo,Ingeniero,28000.0,56000.0
5196,Hombre,36,Leo,Profesor,59000.0,182000.0
5197,Hombre,45,Virgo,Programador,72000.0,88000.0
5198,Hombre,45,Leo,Economista,94000.0,108000.0
5199,Mujer,38,Cáncer,Programador,31000.0,68000.0
5200,Hombre,52,Leo,Contador,56000.0,129000.0
5201,Mujer,39,Picis,Profesor,22000.0,31000.0
5202,Mujer,34,Sagitario,Profesor,28000.0,33000.0
5203,Mujer,47,Escorpio,Programador,26000.0,102000.0
5204,Hombre,41,Virgo,Programador,50000.0,106000.0
5205,Hombre,45,Escorpio,Ingeniero,96000.0,140000.0
5206,Mujer,45,Libra,Programador,29000.0,80000.0
5207,Hombre,44,Tauro,Ingeniero,80000.0,155000.0
5208,Mujer,32,Leo,Contador,27000.0,66000.0
5209,Hombre,38,Escorpio,Economista,62000.0,126000.0
5210,Mujer,35,Capricornio,Ingeniero,21000.0,90000.0
5211,Mujer,48,Tauro,Profesor,28000.0,47000.0
5212,Hombre,36,Leo,Profesor,62000.0,123000.0
5213,Hombre,49,Libra,Programador,52000.0,132000.0
5214,Hombre,43,Leo,Profesor,80000.0,178000.0
5215,Hombre,32,Virgo,Programador,70000.0,109000.0
5216,Hombre,41,Aries,Economista,63000.0,95000.0
5217,Mujer,37,Escorpio,Programador,41000.0,84000.0
5218,Mujer,38,Escorpio,Economista,23000.0,69000.0
5219,Hombre,42,Capricornio,Ingeniero,58000.0,132000.0
5220,Hombre,37,Géminis,Contador,65000.0,138000.0
5221,Hombre,32,Acuario,Contador,67000.0,104000.0
5222,Hombre,43,Leo,Programador,69000.0,159000.0
5223,Mujer,38,Sagitario,Programador,30000.0,111000.0
5224,Hombre,34,Virgo,Ingeniero,82000.0,145000.0
5225,Hombre,47,Tauro,Profesor,66000.0,167000.0
5226,Hombre,39,Escorpio,Contador,93000.0,105000.0
5227,Hombre,37,Acuario,Programador,74000.0,138000.0
5228,Hombre,41,Géminis,Programador,63000.0,135000.0
5229,Hombre,36,Picis,Maestro,70000.0,120000.0
5230,Hombre,43,Virgo,Programador,53000.0,127000.0
5231,Hombre,38,Sagitario,Físico,66000.0,103000.0
5232,Hombre,34,Picis,Programador,74000.0,108000.0
5233,Mujer,33,Escorpio,Ingeniero,19000.0,74000.0
5234,Prefiero no decirlo,38,Leo,Profesor,23000.0,94000.0
5235,Hombre,37,Cáncer,Profesor,78000.0,152000.0
5236,Hombre,43,Aries,Programador,45000.0,190000.0
5237,Mujer,40,Escorpio,Ingeniero,32000.0,56000.0
5238,Hombre,43,Capricornio,Matemático,96000.0,102000.0
5239,Hombre,38,Capricornio,Ingeniero,76000.0,108000.0
5240,Hombre,46,Leo,Profesor,91000.0,134000.0
5241,Hombre,40,Virgo,Estudiante,69000.0,147000.0
5242,Hombre,42,Virgo,Profesor,98000.0,129000.0
5243,Hombre,35,Cáncer,Programador,54000.0,149000.0
5244,Hombre,42,Leo,Contador,52000.0,150000.0
5245,Mujer,32,Cáncer,Programador,13000.0,67000.0
5246,Hombre,38,Libra,Programador,61000.0,101000.0
5247,Hombre,35,Libra,Programador,71000.0,161000.0
5248,Hombre,47,Acuario,Economista,82000.0,129000.0
5249,Hombre,38,Sagitario,Profesor,91000.0,152000.0
5250,Mujer,41,Leo,Programador,38000.0,90000.0
5251,Hombre,43,Capricornio,Economista,78000.0,123000.0
5252,Mujer,37,Escorpio,Ingeniero,24000.0,130000.0
5253,Mujer,30,Virgo,Ingeniero,21000.0,80000.0
5254,Hombre,45,Sagitario,Programador,74000.0,149000.0
5255,Hombre,31,Aries,Profesor,72000.0,87000.0
5256,Hombre,46,Cáncer,Programador,63000.0,106000.0
5257,Mujer,42,Géminis,Economista,29000.0,105000.0
5258,Hombre,37,Escorpio,Físico,72000.0,98000.0
5259,Hombre,37,Capricornio,Economista,47000.0,108000.0
5260,Hombre,35,Sagitario,Profesor,82000.0,123000.0
5261,Otro,40,Capricornio,Programador,37000.0,120000.0
5262,Hombre,37,Géminis,Ingeniero,57000.0,127000.0
5263,Mujer,43,Cáncer,Matemático,24000.0,131000.0
5264,Mujer,41,Sagitario,Ingeniero,34000.0,98000.0
5265,Hombre,36,Leo,Físico,109000.0,134000.0
5266,Prefiero no decirlo,36,Sagitario,Ingeniero,33000.0,104000.0
5267,Mujer,35,Aries,Programador,26000.0,82000.0
5268,Hombre,42,Leo,Ingeniero,42000.0,170000.0
5269,Hombre,53,Capricornio,Matemático,85000.0,96000.0
5270,Otro,40,Aries,Profesor,33000.0,88000.0
5271,Mujer,42,Virgo,Profesor,12000.0,89000.0
5272,Otro,38,Virgo,Programador,32000.0,129000.0
5273,Hombre,31,Leo,Físico,80000.0,102000.0
5274,Hombre,34,Sagitario,Programador,57000.0,105000.0
5275,Hombre,34,Cáncer,Profesor,88000.0,169000.0
5276,Mujer,44,Cáncer,Contador,18000.0,41000.0
5277,Prefiero no decirlo,44,Aries,Programador,29000.0,85000.0
5278,Prefiero no decirlo,42,Capricornio,Profesor,32000.0,81000.0
5279,Hombre,35,Acuario,Ingeniero,68000.0,153000.0
5280,Hombre,36,Picis,Estudiante,87000.0,102000.0
5281,Mujer,44,Capricornio,Ingeniero,19000.0,66000.0
5282,Hombre,45,Acuario,Programador,65000.0,137000.0
5283,Hombre,41,Libra,Físico,138000.0,79000.0
5284,Mujer,43,Capricornio,Programador,19000.0,75000.0
5285,Mujer,47,Aries,Programador,24000.0,54000.0
5286,Hombre,44,Libra,Profesor,48000.0,112000.0
5287,Hombre,48,Sagitario,Profesor,77000.0,138000.0
5288,Mujer,38,Leo,Ingeniero,27000.0,74000.0
5289,Hombre,37,Tauro,Programador,85000.0,109000.0
5290,Mujer,45,Capricornio,Ingeniero,28000.0,98000.0
5291,Hombre,39,Leo,Ingeniero,84000.0,149000.0
5292,Hombre,38,Leo,Ingeniero,61000.0,149000.0
5293,Hombre,51,Leo,Maestro,65000.0,169000.0
5294,Hombre,40,Acuario,Matemático,84000.0,122000.0
5295,Hombre,34,Picis,Ingeniero,60000.0,115000.0
5296,Hombre,38,Virgo,Ingeniero,49000.0,135000.0
5297,Hombre,35,Capricornio,Ingeniero,50000.0,96000.0
5298,Mujer,33,Escorpio,Profesor,37000.0,62000.0
5299,Hombre,38,Sagitario,Físico,52000.0,132000.0
5300,Hombre,38,Virgo,Programador,63000.0,131000.0
5301,Mujer,43,Capricornio,Físico,24000.0,68000.0
5302,Mujer,47,Libra,Ingeniero,54000.0,94000.0
5303,Hombre,36,Leo,Programador,60000.0,120000.0
5304,Hombre,31,Sagitario,Ingeniero,64000.0,141000.0
5305,Hombre,42,Tauro,Profesor,69000.0,109000.0
5306,Hombre,31,Tauro,Ingeniero,83000.0,215000.0
5307,Hombre,38,Capricornio,Programador,78000.0,128000.0
5308,Mujer,36,Libra,Físico,27000.0,110000.0
5309,Mujer,39,Géminis,Ingeniero,29000.0,77000.0
5310,Hombre,37,Libra,Maestro,62000.0,168000.0
5311,Mujer,40,Capricornio,Profesor,22000.0,90000.0
5312,Otro,42,Cáncer,Estudiante,39000.0,87000.0
5313,Mujer,33,Libra,Ingeniero,25000.0,60000.0
5314,Hombre,26,Virgo,Economista,93000.0,108000.0
5315,Mujer,41,Capricornio,Economista,28000.0,130000.0
5316,Hombre,42,Virgo,Profesor,51000.0,90000.0
5317,Hombre,38,Capricornio,Ingeniero,92000.0,89000.0
5318,Hombre,36,Leo,Programador,72000.0,136000.0
5319,Hombre,38,Cáncer,Programador,66000.0,159000.0
5320,Hombre,44,Cáncer,Ingeniero,70000.0,115000.0
5321,Mujer,50,Picis,Estudiante,28000.0,105000.0
5322,Otro,40,Leo,Programador,27000.0,76000.0
5323,Hombre,41,Libra,Ingeniero,55000.0,106000.0
5324,Mujer,45,Cáncer,Estudiante,33000.0,85000.0
5325,Hombre,37,Picis,Matemático,49000.0,168000.0
5326,Hombre,36,Cáncer,Programador,95000.0,226000.0
5327,Hombre,46,Picis,Programador,56000.0,154000.0
5328,Hombre,40,Géminis,Estudiante,77000.0,107000.0
5329,Mujer,32,Libra,Programador,35000.0,152000.0
5330,Hombre,39,Cáncer,Programador,56000.0,151000.0
5331,Hombre,33,Libra,Matemático,52000.0,136000.0
5332,Hombre,38,Picis,Ingeniero,78000.0,162000.0
5333,Hombre,41,Géminis,Ingeniero,77000.0,184000.0
5334,Hombre,41,Picis,Ingeniero,96000.0,136000.0
5335,Hombre,41,Picis,Maestro,74000.0,113000.0
5336,Hombre,37,Acuario,Ingeniero,95000.0,114000.0
5337,Mujer,41,Libra,Ingeniero,24000.0,62000.0
5338,Hombre,38,Sagitario,Ingeniero,69000.0,110000.0
5339,Mujer,36,Sagitario,Programador,19000.0,88000.0
5340,Hombre,34,Acuario,Programador,89000.0,167000.0
5341,Hombre,38,Capricornio,Matemático,81000.0,208000.0
5342,Hombre,31,Leo,Profesor,79000.0,163000.0
5343,Mujer,45,Cáncer,Profesor,13000.0,183000.0
5344,Hombre,34,Tauro,Profesor,75000.0,108000.0
5345,Hombre,45,Capricornio,Programador,65000.0,114000.0
5346,Mujer,34,Géminis,Programador,43000.0,68000.0
5347,Hombre,40,Sagitario,Profesor,72000.0,129000.0
5348,Mujer,38,Escorpio,Físico,23000.0,137000.0
5349,Mujer,42,Géminis,Programador,25000.0,33000.0
5350,Hombre,39,Leo,Profesor,107000.0,189000.0
5351,Hombre,40,Picis,Programador,70000.0,156000.0
5352,Mujer,36,Tauro,Profesor,14000.0,80000.0
5353,Hombre,40,Acuario,Programador,66000.0,153000.0
5354,Hombre,37,Cáncer,Programador,72000.0,139000.0
5355,Mujer,35,Tauro,Programador,26000.0,50000.0
5356,Mujer,38,Cáncer,Programador,19000.0,126000.0
5357,Hombre,33,Virgo,Estudiante,66000.0,131000.0
5358,Hombre,38,Tauro,Ingeniero,55000.0,136000.0
5359,Hombre,41,Sagitario,Economista,55000.0,133000.0
5360,Hombre,34,Libra,Ingeniero,77000.0,111000.0
5361,Mujer,49,Leo,Profesor,34000.0,56000.0
5362,Mujer,44,Leo,Ingeniero,20000.0,152000.0
5363,Hombre,46,Acuario,Economista,80000.0,127000.0
5364,Mujer,39,Acuario,Profesor,27000.0,31000.0
5365,Hombre,39,Virgo,Profesor,50000.0,76000.0
5366,Mujer,36,Tauro,Profesor,21000.0,113000.0
5367,Hombre,34,Libra,Programador,59000.0,108000.0
5368,Hombre,44,Escorpio,Profesor,62000.0,132000.0
5369,Mujer,33,Cáncer,Profesor,21000.0,41000.0
5370,Hombre,35,Aries,Economista,79000.0,140000.0
5371,Hombre,33,Sagitario,Profesor,64000.0,101000.0
5372,Hombre,29,Virgo,Profesor,89000.0,86000.0
5373,Hombre,37,Géminis,Profesor,90000.0,201000.0
5374,Hombre,35,Géminis,Programador,92000.0,163000.0
5375,Hombre,45,Escorpio,Programador,68000.0,111000.0
5376,Hombre,45,Picis,Programador,76000.0,194000.0
5377,Hombre,42,Aries,Físico,58000.0,127000.0
5378,Mujer,41,Leo,Programador,36000.0,73000.0
5379,Mujer,43,Sagitario,Programador,47000.0,84000.0
5380,Hombre,38,Virgo,Ingeniero,105000.0,97000.0
5381,Mujer,37,Géminis,Ingeniero,27000.0,56000.0
5382,Hombre,39,Libra,Maestro,69000.0,107000.0
5383,Mujer,50,Sagitario,Programador,30000.0,92000.0
5384,Hombre,34,Leo,Ingeniero,69000.0,161000.0
5385,Mujer,41,Libra,Programador,25000.0,63000.0
5386,Hombre,41,Géminis,Profesor,53000.0,192000.0
5387,Mujer,34,Cáncer,Economista,18000.0,93000.0
5388,Mujer,41,Escorpio,Programador,30000.0,63000.0
5389,Hombre,34,Tauro,Programador,75000.0,136000.0
5390,Prefiero no decirlo,43,Cáncer,Programador,33000.0,90000.0
5391,Hombre,37,Escorpio,Profesor,63000.0,123000.0
5392,Hombre,46,Géminis,Programador,106000.0,65000.0
5393,Mujer,39,Tauro,Programador,36000.0,63000.0
5394,Hombre,38,Acuario,Programador,76000.0,168000.0
5395,Hombre,36,Escorpio,Programador,78000.0,170000.0
5396,Hombre,41,Aries,Físico,71000.0,130000.0
5397,Mujer,41,Acuario,Estudiante,39000.0,69000.0
5398,Mujer,37,Aries,Programador,30000.0,87000.0
5399,Hombre,37,Picis,Programador,61000.0,161000.0
5400,Hombre,46,Leo,Estudiante,75000.0,126000.0
5401,Prefiero no decirlo,33,Capricornio,Contador,28000.0,80000.0
5402,Hombre,43,Escorpio,Programador,36000.0,155000.0
5403,Mujer,39,Libra,Maestro,29000.0,46000.0
5404,Mujer,42,Libra,Ingeniero,43000.0,58000.0
5405,Mujer,45,Cáncer,Profesor,31000.0,142000.0
5406,Hombre,39,Libra,Programador,80000.0,185000.0
5407,Hombre,36,Libra,Contador,70000.0,150000.0
5408,Hombre,36,Libra,Programador,62000.0,100000.0
5409,Mujer,44,Cáncer,Estudiante,22000.0,72000.0
5410,Hombre,43,Virgo,Programador,63000.0,125000.0
5411,Hombre,45,Virgo,Profesor,78000.0,135000.0
5412,Hombre,44,Sagitario,Matemático,89000.0,110000.0
5413,Hombre,41,Géminis,Ingeniero,50000.0,118000.0
5414,Mujer,38,Escorpio,Estudiante,23000.0,39000.0
5415,Hombre,49,Aries,Profesor,73000.0,114000.0
5416,Mujer,39,Capricornio,Maestro,16000.0,82000.0
5417,Mujer,52,Aries,Ingeniero,35000.0,49000.0
5418,Mujer,39,Picis,Programador,31000.0,93000.0
5419,Hombre,44,Virgo,Economista,66000.0,160000.0
5420,Hombre,38,Acuario,Ingeniero,77000.0,86000.0
5421,Hombre,34,Tauro,Contador,80000.0,170000.0
5422,Hombre,43,Cáncer,Programador,56000.0,169000.0
5423,Mujer,39,Virgo,Ingeniero,26000.0,94000.0
5424,Hombre,42,Sagitario,Ingeniero,75000.0,115000.0
5425,Otro,36,Tauro,Economista,29000.0,91000.0
5426,Hombre,42,Libra,Programador,82000.0,113000.0
5427,Mujer,36,Géminis,Profesor,27000.0,78000.0
5428,Mujer,42,Virgo,Programador,19000.0,104000.0
5429,Hombre,48,Sagitario,Profesor,70000.0,99000.0
5430,Hombre,44,Virgo,Contador,80000.0,137000.0
5431,Mujer,36,Géminis,Ingeniero,21000.0,145000.0
5432,Hombre,38,Sagitario,Profesor,87000.0,164000.0
5433,Hombre,46,Virgo,Contador,64000.0,126000.0
5434,Hombre,37,Cáncer,Matemático,48000.0,130000.0
5435,Mujer,40,Aries,Profesor,21000.0,65000.0
5436,Hombre,38,Acuario,Programador,69000.0,120000.0
5437,Mujer,37,Sagitario,Programador,38000.0,56000.0
5438,Mujer,45,Picis,Programador,40000.0,70000.0
5439,Hombre,40,Sagitario,Profesor,79000.0,195000.0
5440,Hombre,40,Picis,Estudiante,71000.0,130000.0
5441,Hombre,41,Escorpio,Programador,63000.0,132000.0
5442,Hombre,44,Picis,Estudiante,80000.0,120000.0
5443,Hombre,37,Capricornio,Ingeniero,81000.0,129000.0
5444,Hombre,25,Libra,Físico,53000.0,164000.0
5445,Hombre,36,Picis,Físico,81000.0,108000.0
5446,Hombre,36,Sagitario,Economista,82000.0,94000.0
5447,Hombre,41,Sagitario,Contador,88000.0,128000.0
5448,Mujer,46,Escorpio,Programador,90000.0,65000.0
5449,Hombre,31,Sagitario,Programador,40000.0,114000.0
5450,Hombre,39,Leo,Programador,84000.0,116000.0
5451,Hombre,38,Cáncer,Economista,60000.0,89000.0
5452,Hombre,52,Tauro,Programador,85000.0,152000.0
5453,Hombre,29,Capricornio,Físico,81000.0,134000.0
5454,Mujer,37,Escorpio,Ingeniero,16000.0,65000.0
5455,Mujer,39,Sagitario,Profesor,32000.0,61000.0
5456,Hombre,36,Capricornio,Programador,55000.0,135000.0
5457,Mujer,40,Aries,Matemático,20000.0,68000.0
5458,Hombre,45,Picis,Programador,80000.0,199000.0
5459,Hombre,32,Picis,Estudiante,69000.0,143000.0
5460,Hombre,37,Capricornio,Ingeniero,67000.0,155000.0
5461,Mujer,38,Capricornio,Programador,29000.0,84000.0
5462,Hombre,34,Sagitario,Profesor,84000.0,142000.0
5463,Hombre,40,Escorpio,Programador,72000.0,150000.0
5464,Mujer,38,Capricornio,Programador,48000.0,85000.0
5465,Hombre,42,Picis,Profesor,79000.0,155000.0
5466,Hombre,49,Géminis,Programador,79000.0,91000.0
5467,Mujer,33,Leo,Ingeniero,25000.0,58000.0
5468,Mujer,39,Acuario,Matemático,28000.0,115000.0
5469,Mujer,39,Picis,Ingeniero,24000.0,64000.0
5470,Hombre,39,Capricornio,Programador,78000.0,151000.0
5471,Mujer,40,Escorpio,Programador,31000.0,67000.0
5472,Mujer,35,Aries,Matemático,40000.0,51000.0
5473,Hombre,41,Sagitario,Programador,77000.0,168000.0
5474,Hombre,39,Cáncer,Programador,65000.0,129000.0
5475,Hombre,44,Cáncer,Programador,87000.0,171000.0
5476,Hombre,34,Acuario,Programador,81000.0,158000.0
5477,Mujer,40,Leo,Programador,15000.0,38000.0
5478,Mujer,40,Escorpio,Físico,23000.0,55000.0
5479,Hombre,45,Virgo,Programador,68000.0,120000.0
5480,Hombre,37,Tauro,Contador,93000.0,197000.0
5481,Hombre,48,Picis,Profesor,82000.0,125000.0
5482,Hombre,35,Leo,Físico,58000.0,149000.0
5483,Hombre,40,Leo,Ingeniero,70000.0,105000.0
5484,Hombre,29,Géminis,Programador,65000.0,115000.0
5485,Hombre,44,Sagitario,Programador,82000.0,124000.0
5486,Hombre,41,Acuario,Programador,51000.0,190000.0
5487,Hombre,43,Leo,Ingeniero,106000.0,127000.0
5488,Hombre,36,Capricornio,Ingeniero,70000.0,97000.0
5489,Mujer,37,Géminis,Estudiante,36000.0,134000.0
5490,Hombre,45,Tauro,Maestro,98000.0,123000.0
5491,Hombre,43,Virgo,Ingeniero,58000.0,141000.0
5492,Hombre,45,Libra,Estudiante,72000.0,125000.0
5493,Hombre,34,Tauro,Profesor,78000.0,150000.0
5494,Hombre,39,Virgo,Estudiante,71000.0,149000.0
5495,Hombre,41,Géminis,Contador,77000.0,137000.0
5496,Mujer,36,Capricornio,Matemático,29000.0,140000.0
5497,Hombre,34,Acuario,Programador,66000.0,114000.0
5498,Hombre,45,Escorpio,Profesor,84000.0,113000.0
5499,Mujer,36,Virgo,Profesor,23000.0,23000.0
5500,Mujer,42,Tauro,Ingeniero,27000.0,81000.0
5501,Hombre,42,Aries,Programador,83000.0,200000.0
5502,Hombre,38,Tauro,Ingeniero,89000.0,218000.0
5503,Mujer,43,Capricornio,Programador,12000.0,38000.0
5504,Hombre,35,Escorpio,Economista,62000.0,170000.0
5505,Hombre,39,Cáncer,Profesor,79000.0,149000.0
5506,Mujer,42,Picis,Ingeniero,31000.0,48000.0
5507,Hombre,41,Aries,Matemático,81000.0,121000.0
5508,Mujer,31,Escorpio,Estudiante,35000.0,86000.0
5509,Mujer,35,Escorpio,Ingeniero,32000.0,66000.0
5510,Mujer,37,Leo,Estudiante,46000.0,110000.0
5511,Hombre,40,Libra,Ingeniero,89000.0,171000.0
5512,Mujer,28,Libra,Maestro,35000.0,92000.0
5513,Mujer,44,Picis,Contador,15000.0,77000.0
5514,Hombre,37,Escorpio,Profesor,90000.0,76000.0
5515,Mujer,35,Géminis,Ingeniero,17000.0,95000.0
5516,Hombre,36,Virgo,Ingeniero,67000.0,174000.0
5517,Mujer,41,Acuario,Profesor,44000.0,103000.0
5518,Hombre,39,Virgo,Físico,74000.0,94000.0
5519,Hombre,36,Géminis,Estudiante,75000.0,201000.0
5520,Hombre,32,Libra,Programador,77000.0,156000.0
5521,Mujer,36,Picis,Programador,28000.0,92000.0
5522,Mujer,35,Picis,Estudiante,20000.0,73000.0
5523,Hombre,41,Tauro,Programador,60000.0,139000.0
5524,Prefiero no decirlo,30,Virgo,Programador,38000.0,87000.0
5525,Hombre,42,Libra,Ingeniero,78000.0,119000.0
5526,Mujer,43,Géminis,Estudiante,21000.0,92000.0
5527,Hombre,33,Capricornio,Profesor,50000.0,111000.0
5528,Hombre,29,Tauro,Ingeniero,109000.0,194000.0
5529,Hombre,42,Picis,Profesor,77000.0,95000.0
5530,Hombre,51,Virgo,Profesor,77000.0,143000.0
5531,Hombre,39,Sagitario,Profesor,81000.0,111000.0
5532,Hombre,39,Acuario,Ingeniero,64000.0,127000.0
5533,Hombre,43,Libra,Matemático,87000.0,207000.0
5534,Hombre,33,Leo,Ingeniero,78000.0,144000.0
5535,Mujer,36,Capricornio,Matemático,20000.0,95000.0
5536,Hombre,40,Cáncer,Ingeniero,78000.0,190000.0
5537,Hombre,30,Acuario,Programador,58000.0,128000.0
5538,Otro,39,Tauro,Ingeniero,52000.0,181000.0
5539,Hombre,51,Escorpio,Contador,84000.0,82000.0
5540,Hombre,38,Virgo,Estudiante,71000.0,118000.0
5541,Hombre,37,Géminis,Maestro,63000.0,121000.0
5542,Hombre,43,Acuario,Estudiante,79000.0,126000.0
5543,Mujer,41,Cáncer,Programador,26000.0,64000.0
5544,Mujer,38,Cáncer,Profesor,22000.0,73000.0
5545,Hombre,43,Escorpio,Ingeniero,91000.0,155000.0
5546,Hombre,32,Picis,Físico,67000.0,107000.0
5547,Hombre,48,Picis,Ingeniero,56000.0,108000.0
5548,Mujer,33,Leo,Programador,29000.0,160000.0
5549,Hombre,38,Géminis,Programador,75000.0,200000.0
5550,Hombre,31,Capricornio,Físico,72000.0,115000.0
5551,Hombre,41,Sagitario,Físico,68000.0,108000.0
5552,Hombre,41,Capricornio,Programador,94000.0,147000.0
5553,Hombre,31,Acuario,Profesor,116000.0,190000.0
5554,Mujer,44,Leo,Profesor,16000.0,37000.0
5555,Hombre,44,Escorpio,Ingeniero,135000.0,142000.0
5556,Hombre,33,Aries,Ingeniero,133000.0,119000.0
5557,Hombre,44,Sagitario,Profesor,56000.0,145000.0
5558,Hombre,48,Libra,Programador,84000.0,161000.0
5559,Hombre,42,Sagitario,Contador,65000.0,104000.0
5560,Hombre,44,Capricornio,Programador,72000.0,139000.0
5561,Mujer,39,Leo,Programador,23000.0,127000.0
5562,Hombre,40,Géminis,Profesor,87000.0,100000.0
5563,Mujer,40,Leo,Ingeniero,20000.0,56000.0
5564,Hombre,36,Cáncer,Programador,78000.0,228000.0
5565,Hombre,40,Picis,Maestro,65000.0,142000.0
5566,Mujer,36,Géminis,Ingeniero,20000.0,37000.0
5567,Prefiero no decirlo,36,Tauro,Profesor,31000.0,98000.0
5568,Hombre,36,Tauro,Programador,77000.0,144000.0
5569,Hombre,40,Capricornio,Ingeniero,76000.0,148000.0
5570,Hombre,38,Tauro,Economista,75000.0,152000.0
5571,Hombre,35,Libra,Programador,79000.0,145000.0
5572,Otro,43,Capricornio,Matemático,36000.0,66000.0
5573,Hombre,40,Virgo,Ingeniero,77000.0,151000.0
5574,Mujer,36,Capricornio,Ingeniero,32000.0,36000.0
5575,Mujer,40,Libra,Programador,24000.0,42000.0
5576,Mujer,48,Picis,Ingeniero,38000.0,67000.0
5577,Otro,47,Capricornio,Contador,37000.0,101000.0
5578,Hombre,38,Aries,Ingeniero,61000.0,152000.0
5579,Hombre,42,Géminis,Programador,86000.0,176000.0
5580,Mujer,30,Acuario,Estudiante,20000.0,68000.0
5581,Hombre,41,Acuario,Programador,87000.0,187000.0
5582,Mujer,42,Aries,Programador,28000.0,104000.0
5583,Mujer,35,Cáncer,Programador,35000.0,63000.0
5584,Hombre,43,Leo,Estudiante,60000.0,207000.0
5585,Mujer,42,Virgo,Ingeniero,17000.0,90000.0
5586,Mujer,40,Cáncer,Físico,23000.0,55000.0
5587,Hombre,32,Acuario,Profesor,76000.0,148000.0
5588,Mujer,45,Leo,Maestro,30000.0,83000.0
5589,Hombre,39,Virgo,Ingeniero,65000.0,112000.0
5590,Hombre,32,Libra,Estudiante,53000.0,118000.0
5591,Mujer,45,Escorpio,Programador,14000.0,46000.0
5592,Hombre,40,Escorpio,Programador,70000.0,151000.0
5593,Mujer,43,Géminis,Programador,41000.0,58000.0
5594,Hombre,38,Libra,Estudiante,107000.0,187000.0
5595,Hombre,41,Capricornio,Profesor,66000.0,123000.0
5596,Hombre,46,Leo,Ingeniero,63000.0,105000.0
5597,Hombre,35,Libra,Programador,96000.0,109000.0
5598,Mujer,42,Cáncer,Profesor,22000.0,82000.0
5599,Mujer,40,Escorpio,Programador,20000.0,135000.0
5600,Mujer,39,Capricornio,Ingeniero,34000.0,78000.0
5601,Hombre,41,Aries,Ingeniero,90000.0,189000.0
5602,Hombre,39,Sagitario,Ingeniero,85000.0,116000.0
5603,Hombre,45,Capricornio,Programador,63000.0,102000.0
5604,Hombre,35,Libra,Profesor,52000.0,112000.0
5605,Mujer,33,Sagitario,Ingeniero,34000.0,53000.0
5606,Hombre,38,Virgo,Programador,60000.0,93000.0
5607,Hombre,45,Virgo,Profesor,67000.0,131000.0
5608,Hombre,37,Picis,Ingeniero,104000.0,127000.0
5609,Hombre,39,Picis,Matemático,61000.0,179000.0
5610,Hombre,35,Aries,Profesor,52000.0,155000.0
5611,Hombre,34,Tauro,Programador,56000.0,120000.0
5612,Mujer,43,Virgo,Profesor,40000.0,30000.0
5613,Otro,41,Escorpio,Ingeniero,51000.0,85000.0
5614,Hombre,44,Leo,Profesor,59000.0,188000.0
5615,Mujer,43,Picis,Programador,23000.0,97000.0
5616,Mujer,32,Picis,Físico,22000.0,64000.0
5617,Hombre,37,Capricornio,Programador,78000.0,187000.0
5618,Prefiero no decirlo,35,Acuario,Ingeniero,32000.0,83000.0
5619,Mujer,34,Sagitario,Profesor,24000.0,70000.0
5620,Hombre,37,Picis,Estudiante,63000.0,161000.0
5621,Mujer,47,Tauro,Profesor,33000.0,104000.0
5622,Mujer,44,Sagitario,Programador,24000.0,61000.0
5623,Hombre,40,Aries,Físico,67000.0,148000.0
5624,Hombre,39,Libra,Contador,83000.0,131000.0
5625,Mujer,42,Picis,Economista,18000.0,58000.0
5626,Hombre,40,Aries,Profesor,64000.0,183000.0
5627,Hombre,35,Picis,Programador,88000.0,98000.0
5628,Hombre,31,Géminis,Contador,72000.0,125000.0
5629,Mujer,30,Leo,Programador,45000.0,53000.0
5630,Hombre,40,Capricornio,Ingeniero,76000.0,161000.0
5631,Mujer,39,Capricornio,Ingeniero,22000.0,78000.0
5632,Hombre,36,Escorpio,Programador,88000.0,105000.0
5633,Hombre,46,Libra,Economista,69000.0,176000.0
5634,Hombre,39,Picis,Ingeniero,51000.0,128000.0
5635,Hombre,36,Capricornio,Programador,76000.0,82000.0
5636,Hombre,40,Libra,Programador,69000.0,104000.0
5637,Mujer,48,Acuario,Contador,32000.0,63000.0
5638,Mujer,45,Géminis,Programador,24000.0,97000.0
5639,Mujer,40,Tauro,Maestro,20000.0,63000.0
5640,Mujer,42,Géminis,Programador,50000.0,68000.0
5641,Mujer,45,Sagitario,Programador,22000.0,59000.0
5642,Hombre,36,Escorpio,Programador,79000.0,120000.0
5643,Hombre,40,Capricornio,Ingeniero,93000.0,117000.0
5644,Hombre,44,Libra,Profesor,55000.0,111000.0
5645,Hombre,41,Géminis,Programador,69000.0,107000.0
5646,Hombre,44,Picis,Ingeniero,68000.0,111000.0
5647,Otro,37,Libra,Contador,29000.0,80000.0
5648,Hombre,38,Sagitario,Programador,77000.0,99000.0
5649,Mujer,43,Cáncer,Estudiante,18000.0,39000.0
5650,Mujer,42,Géminis,Programador,32000.0,90000.0
5651,Mujer,46,Aries,Programador,19000.0,97000.0
5652,Hombre,32,Picis,Economista,86000.0,97000.0
5653,Hombre,36,Libra,Físico,70000.0,168000.0
5654,Mujer,42,Acuario,Ingeniero,27000.0,53000.0
5655,Hombre,33,Sagitario,Programador,54000.0,129000.0
5656,Hombre,41,Leo,Economista,90000.0,104000.0
5657,Hombre,32,Aries,Profesor,72000.0,134000.0
5658,Hombre,50,Capricornio,Ingeniero,52000.0,170000.0
5659,Hombre,43,Virgo,Ingeniero,95000.0,143000.0
5660,Hombre,35,Leo,Economista,76000.0,123000.0
5661,Hombre,41,Picis,Maestro,92000.0,125000.0
5662,Mujer,37,Cáncer,Programador,27000.0,40000.0
5663,Hombre,35,Picis,Ingeniero,71000.0,153000.0
5664,Hombre,41,Picis,Maestro,51000.0,187000.0
5665,Mujer,34,Escorpio,Ingeniero,34000.0,139000.0
5666,Hombre,31,Aries,Contador,58000.0,101000.0
5667,Hombre,41,Libra,Programador,68000.0,121000.0
5668,Prefiero no decirlo,41,Capricornio,Matemático,27000.0,128000.0
5669,Hombre,38,Sagitario,Profesor,51000.0,192000.0
5670,Mujer,33,Escorpio,Profesor,31000.0,29000.0
5671,Mujer,36,Aries,Estudiante,35000.0,42000.0
5672,Hombre,43,Cáncer,Programador,70000.0,105000.0
5673,Hombre,49,Libra,Profesor,54000.0,86000.0
5674,Hombre,44,Picis,Programador,76000.0,121000.0
5675,Mujer,38,Géminis,Ingeniero,22000.0,83000.0
5676,Hombre,35,Libra,Economista,80000.0,83000.0
5677,Hombre,45,Libra,Estudiante,78000.0,110000.0
5678,Hombre,41,Aries,Profesor,98000.0,193000.0
5679,Hombre,34,Géminis,Ingeniero,61000.0,91000.0
5680,Hombre,44,Virgo,Profesor,80000.0,89000.0
5681,Hombre,39,Tauro,Ingeniero,80000.0,99000.0
5682,Mujer,34,Picis,Contador,27000.0,137000.0
5683,Mujer,41,Acuario,Programador,19000.0,50000.0
5684,Hombre,34,Leo,Contador,71000.0,184000.0
5685,Hombre,47,Leo,Ingeniero,47000.0,142000.0
5686,Hombre,48,Libra,Profesor,55000.0,99000.0
5687,Hombre,48,Escorpio,Profesor,91000.0,88000.0
5688,Hombre,42,Aries,Economista,79000.0,175000.0
5689,Hombre,37,Tauro,Programador,70000.0,128000.0
5690,Hombre,43,Tauro,Ingeniero,69000.0,254000.0
5691,Mujer,32,Picis,Profesor,21000.0,126000.0
5692,Hombre,43,Sagitario,Físico,65000.0,160000.0
5693,Mujer,39,Libra,Profesor,36000.0,88000.0
5694,Mujer,41,Virgo,Economista,21000.0,95000.0
5695,Hombre,46,Sagitario,Ingeniero,82000.0,190000.0
5696,Hombre,33,Géminis,Programador,56000.0,96000.0
5697,Hombre,42,Libra,Físico,87000.0,154000.0
5698,Hombre,34,Libra,Ingeniero,85000.0,229000.0
5699,Mujer,27,Libra,Programador,21000.0,47000.0
5700,Mujer,39,Libra,Programador,27000.0,106000.0
5701,Hombre,39,Libra,Economista,60000.0,97000.0
5702,Hombre,42,Géminis,Matemático,106000.0,162000.0
5703,Hombre,39,Leo,Programador,84000.0,194000.0
5704,Mujer,43,Escorpio,Físico,15000.0,70000.0
5705,Hombre,51,Aries,Contador,65000.0,108000.0
5706,Hombre,41,Leo,Contador,81000.0,148000.0
5707,Mujer,45,Géminis,Programador,39000.0,90000.0
5708,Hombre,40,Libra,Programador,88000.0,154000.0
5709,Mujer,38,Libra,Maestro,20000.0,87000.0
5710,Mujer,34,Tauro,Profesor,32000.0,96000.0
5711,Hombre,42,Géminis,Programador,59000.0,140000.0
5712,Mujer,41,Virgo,Programador,17000.0,41000.0
5713,Hombre,33,Acuario,Matemático,78000.0,149000.0
5714,Mujer,40,Picis,Profesor,30000.0,137000.0
5715,Hombre,44,Capricornio,Programador,91000.0,141000.0
5716,Mujer,32,Libra,Profesor,25000.0,69000.0
5717,Mujer,46,Leo,Profesor,47000.0,91000.0
5718,Mujer,34,Virgo,Programador,19000.0,77000.0
5719,Prefiero no decirlo,40,Géminis,Profesor,33000.0,63000.0
5720,Mujer,34,Géminis,Contador,23000.0,54000.0
5721,Hombre,40,Picis,Matemático,78000.0,193000.0
5722,Hombre,32,Acuario,Programador,69000.0,92000.0
5723,Hombre,38,Capricornio,Matemático,97000.0,109000.0
5724,Hombre,39,Leo,Programador,82000.0,92000.0
5725,Mujer,44,Virgo,Profesor,26000.0,98000.0
5726,Mujer,37,Leo,Programador,23000.0,80000.0
5727,Mujer,38,Capricornio,Economista,25000.0,76000.0
5728,Mujer,43,Tauro,Programador,52000.0,64000.0
5729,Mujer,31,Capricornio,Programador,22000.0,93000.0
5730,Hombre,43,Géminis,Profesor,62000.0,203000.0
5731,Hombre,40,Tauro,Programador,77000.0,152000.0
5732,Mujer,44,Sagitario,Físico,29000.0,75000.0
5733,Hombre,39,Picis,Profesor,97000.0,134000.0
5734,Hombre,40,Virgo,Programador,72000.0,113000.0
5735,Mujer,44,Capricornio,Programador,21000.0,54000.0
5736,Hombre,39,Leo,Estudiante,74000.0,124000.0
5737,Mujer,42,Escorpio,Programador,38000.0,76000.0
5738,Prefiero no decirlo,38,Acuario,Ingeniero,36000.0,94000.0
5739,Hombre,39,Sagitario,Programador,84000.0,148000.0
5740,Hombre,37,Libra,Economista,70000.0,135000.0
5741,Mujer,33,Virgo,Profesor,21000.0,112000.0
5742,Prefiero no decirlo,47,Cáncer,Matemático,14000.0,74000.0
5743,Mujer,34,Picis,Programador,23000.0,83000.0
5744,Mujer,31,Picis,Programador,28000.0,56000.0
5745,Hombre,35,Escorpio,Profesor,59000.0,157000.0
5746,Hombre,34,Libra,Profesor,69000.0,108000.0
5747,Mujer,37,Libra,Profesor,32000.0,58000.0
5748,Mujer,32,Tauro,Programador,31000.0,92000.0
5749,Hombre,41,Picis,Profesor,60000.0,128000.0
5750,Hombre,53,Capricornio,Matemático,86000.0,133000.0
5751,Hombre,40,Picis,Economista,41000.0,144000.0
5752,Hombre,44,Escorpio,Programador,81000.0,132000.0
5753,Hombre,35,Capricornio,Programador,59000.0,188000.0
5754,Mujer,39,Cáncer,Ingeniero,27000.0,95000.0
5755,Hombre,40,Leo,Físico,61000.0,149000.0
5756,Prefiero no decirlo,48,Aries,Ingeniero,32000.0,85000.0
5757,Mujer,47,Virgo,Maestro,28000.0,31000.0
5758,Hombre,47,Tauro,Programador,96000.0,127000.0
5759,Hombre,44,Aries,Contador,74000.0,185000.0
5760,Prefiero no decirlo,31,Leo,Profesor,19000.0,119000.0
5761,Mujer,39,Virgo,Profesor,44000.0,48000.0
5762,Hombre,36,Géminis,Profesor,93000.0,182000.0
5763,Hombre,41,Virgo,Programador,72000.0,133000.0
5764,Hombre,51,Virgo,Ingeniero,67000.0,118000.0
5765,Hombre,39,Tauro,Programador,65000.0,144000.0
5766,Mujer,42,Virgo,Programador,38000.0,91000.0
5767,Hombre,37,Tauro,Ingeniero,85000.0,217000.0
5768,Hombre,50,Libra,Ingeniero,69000.0,112000.0
5769,Hombre,37,Cáncer,Contador,82000.0,113000.0
5770,Hombre,37,Picis,Programador,69000.0,97000.0
5771,Hombre,42,Cáncer,Programador,67000.0,184000.0
5772,Hombre,36,Géminis,Físico,65000.0,128000.0
5773,Mujer,46,Géminis,Matemático,21000.0,54000.0
5774,Hombre,44,Libra,Ingeniero,55000.0,155000.0
5775,Mujer,31,Virgo,Programador,43000.0,143000.0
5776,Hombre,37,Tauro,Ingeniero,67000.0,185000.0
5777,Hombre,43,Capricornio,Ingeniero,57000.0,139000.0
5778,Otro,44,Virgo,Programador,32000.0,76000.0
5779,Mujer,37,Aries,Programador,18000.0,59000.0
5780,Hombre,38,Picis,Programador,94000.0,164000.0
5781,Hombre,37,Libra,Programador,72000.0,88000.0
5782,Hombre,36,Cáncer,Físico,100000.0,163000.0
5783,Hombre,34,Capricornio,Profesor,63000.0,110000.0
5784,Hombre,35,Cáncer,Economista,66000.0,126000.0
5785,Hombre,41,Picis,Contador,89000.0,124000.0
5786,Hombre,34,Leo,Físico,63000.0,174000.0
5787,Mujer,39,Acuario,Profesor,17000.0,75000.0
5788,Hombre,46,Leo,Programador,78000.0,246000.0
5789,Mujer,43,Escorpio,Programador,22000.0,98000.0
5790,Hombre,45,Leo,Ingeniero,77000.0,78000.0
5791,Hombre,39,Géminis,Programador,83000.0,123000.0
5792,Mujer,43,Capricornio,Maestro,22000.0,65000.0
5793,Otro,31,Leo,Profesor,28000.0,114000.0
5794,Hombre,30,Aries,Economista,60000.0,152000.0
5795,Mujer,37,Aries,Economista,41000.0,74000.0
5796,Mujer,33,Acuario,Programador,25000.0,70000.0
5797,Hombre,35,Escorpio,Ingeniero,86000.0,137000.0
5798,Mujer,40,Acuario,Ingeniero,30000.0,144000.0
5799,Mujer,39,Tauro,Programador,22000.0,80000.0
5800,Hombre,33,Virgo,Profesor,60000.0,113000.0
5801,Hombre,42,Aries,Ingeniero,62000.0,119000.0
5802,Hombre,40,Picis,Profesor,58000.0,104000.0
5803,Hombre,37,Cáncer,Programador,77000.0,126000.0
5804,Hombre,36,Libra,Programador,103000.0,137000.0
5805,Hombre,47,Virgo,Programador,77000.0,182000.0
5806,Hombre,45,Libra,Programador,64000.0,147000.0
5807,Hombre,41,Géminis,Profesor,57000.0,147000.0
5808,Hombre,38,Acuario,Programador,68000.0,210000.0
5809,Hombre,41,Aries,Economista,79000.0,170000.0
5810,Hombre,42,Acuario,Programador,73000.0,88000.0
5811,Mujer,32,Picis,Programador,15000.0,39000.0
5812,Mujer,35,Tauro,Economista,45000.0,71000.0
5813,Hombre,43,Virgo,Programador,57000.0,120000.0
5814,Hombre,39,Cáncer,Ingeniero,78000.0,168000.0
5815,Hombre,43,Acuario,Ingeniero,51000.0,213000.0
5816,Hombre,37,Picis,Programador,69000.0,181000.0
5817,Hombre,40,Cáncer,Profesor,78000.0,103000.0
5818,Mujer,38,Virgo,Ingeniero,35000.0,88000.0
5819,Hombre,35,Géminis,Profesor,64000.0,104000.0
5820,Mujer,38,Virgo,Economista,25000.0,63000.0
5821,Hombre,47,Virgo,Programador,71000.0,104000.0
5822,Mujer,40,Cáncer,Ingeniero,21000.0,87000.0
5823,Hombre,36,Sagitario,Programador,65000.0,162000.0
5824,Mujer,42,Cáncer,Contador,38000.0,39000.0
5825,Hombre,40,Cáncer,Programador,93000.0,109000.0
5826,Hombre,29,Aries,Programador,61000.0,92000.0
5827,Hombre,45,Sagitario,Ingeniero,52000.0,145000.0
5828,Hombre,38,Aries,Ingeniero,68000.0,134000.0
5829,Hombre,46,Acuario,Ingeniero,68000.0,126000.0
5830,Hombre,40,Acuario,Programador,64000.0,130000.0
5831,Mujer,40,Acuario,Estudiante,28000.0,71000.0
5832,Hombre,40,Picis,Programador,75000.0,194000.0
5833,Hombre,39,Escorpio,Economista,72000.0,118000.0
5834,Mujer,42,Escorpio,Programador,35000.0,59000.0
5835,Hombre,44,Leo,Programador,63000.0,146000.0
5836,Hombre,49,Virgo,Programador,68000.0,129000.0
5837,Mujer,36,Leo,Estudiante,18000.0,88000.0
5838,Mujer,40,Escorpio,Físico,28000.0,79000.0
5839,Mujer,30,Libra,Ingeniero,26000.0,124000.0
5840,Mujer,32,Acuario,Ingeniero,46000.0,64000.0
5841,Mujer,33,Sagitario,Físico,20000.0,84000.0
5842,Hombre,39,Aries,Ingeniero,102000.0,195000.0
5843,Hombre,35,Acuario,Contador,91000.0,90000.0
5844,Hombre,41,Tauro,Ingeniero,76000.0,176000.0
5845,Hombre,32,Virgo,Ingeniero,65000.0,163000.0
5846,Hombre,35,Géminis,Profesor,65000.0,142000.0
5847,Mujer,37,Escorpio,Programador,14000.0,81000.0
5848,Mujer,43,Cáncer,Programador,35000.0,60000.0
5849,Hombre,45,Tauro,Profesor,91000.0,105000.0
5850,Hombre,41,Virgo,Programador,57000.0,142000.0
5851,Hombre,44,Leo,Profesor,81000.0,126000.0
5852,Hombre,38,Aries,Ingeniero,69000.0,206000.0
5853,Mujer,33,Virgo,Programador,36000.0,69000.0
5854,Mujer,36,Cáncer,Ingeniero,35000.0,36000.0
5855,Mujer,42,Tauro,Programador,21000.0,78000.0
5856,Hombre,45,Tauro,Ingeniero,65000.0,192000.0
5857,Hombre,46,Libra,Profesor,61000.0,128000.0
5858,Hombre,43,Tauro,Programador,64000.0,140000.0
5859,Mujer,42,Escorpio,Físico,21000.0,106000.0
5860,Mujer,41,Acuario,Ingeniero,17000.0,80000.0
5861,Hombre,37,Cáncer,Programador,49000.0,206000.0
5862,Mujer,41,Escorpio,Programador,24000.0,42000.0
5863,Prefiero no decirlo,41,Aries,Programador,26000.0,79000.0
5864,Mujer,37,Tauro,Contador,29000.0,59000.0
5865,Mujer,35,Picis,Estudiante,43000.0,66000.0
5866,Hombre,31,Escorpio,Programador,88000.0,193000.0
5867,Hombre,40,Sagitario,Programador,58000.0,159000.0
5868,Hombre,43,Picis,Matemático,69000.0,156000.0
5869,Hombre,36,Aries,Profesor,96000.0,130000.0
5870,Hombre,40,Escorpio,Matemático,72000.0,118000.0
5871,Hombre,40,Cáncer,Programador,73000.0,195000.0
5872,Hombre,38,Géminis,Programador,57000.0,104000.0
5873,Mujer,54,Capricornio,Matemático,21000.0,95000.0
5874,Mujer,44,Géminis,Profesor,23000.0,64000.0
5875,Hombre,30,Aries,Profesor,68000.0,149000.0
5876,Hombre,43,Aries,Programador,81000.0,207000.0
5877,Prefiero no decirlo,37,Leo,Profesor,37000.0,72000.0
5878,Hombre,31,Leo,Matemático,55000.0,149000.0
5879,Hombre,38,Sagitario,Contador,62000.0,147000.0
5880,Mujer,44,Libra,Estudiante,19000.0,38000.0
5881,Hombre,45,Capricornio,Profesor,63000.0,129000.0
5882,Mujer,43,Leo,Ingeniero,16000.0,68000.0
5883,Hombre,37,Escorpio,Matemático,60000.0,143000.0
5884,Mujer,40,Sagitario,Profesor,31000.0,96000.0
5885,Hombre,43,Acuario,Programador,76000.0,155000.0
5886,Mujer,41,Tauro,Profesor,32000.0,151000.0
5887,Hombre,33,Virgo,Profesor,77000.0,92000.0
5888,Mujer,40,Leo,Físico,42000.0,41000.0
5889,Mujer,37,Libra,Programador,16000.0,76000.0
5890,Hombre,42,Picis,Economista,57000.0,113000.0
5891,Hombre,29,Picis,Ingeniero,88000.0,152000.0
5892,Hombre,36,Leo,Programador,94000.0,129000.0
5893,Mujer,43,Picis,Ingeniero,28000.0,52000.0
5894,Hombre,39,Sagitario,Estudiante,64000.0,178000.0
5895,Mujer,41,Picis,Programador,12000.0,54000.0
5896,Mujer,46,Escorpio,Programador,21000.0,93000.0
5897,Hombre,49,Escorpio,Profesor,92000.0,137000.0
5898,Mujer,38,Libra,Programador,34000.0,63000.0
5899,Mujer,39,Aries,Programador,28000.0,112000.0
5900,Mujer,43,Capricornio,Programador,34000.0,145000.0
5901,Mujer,41,Escorpio,Físico,32000.0,109000.0
5902,Hombre,45,Capricornio,Ingeniero,98000.0,100000.0
5903,Hombre,30,Aries,Estudiante,59000.0,129000.0
5904,Hombre,41,Acuario,Físico,62000.0,85000.0
5905,Mujer,32,Aries,Físico,20000.0,98000.0
5906,Hombre,38,Acuario,Programador,73000.0,124000.0
5907,Hombre,36,Tauro,Profesor,100000.0,139000.0
5908,Hombre,36,Virgo,Ingeniero,120000.0,237000.0
5909,Hombre,32,Escorpio,Programador,105000.0,197000.0
5910,Mujer,27,Sagitario,Estudiante,40000.0,97000.0
5911,Prefiero no decirlo,44,Virgo,Ingeniero,23000.0,70000.0
5912,Mujer,45,Tauro,Ingeniero,31000.0,63000.0
5913,Hombre,43,Libra,Físico,94000.0,154000.0
5914,Mujer,39,Géminis,Profesor,17000.0,132000.0
5915,Mujer,42,Picis,Contador,18000.0,53000.0
5916,Hombre,34,Cáncer,Programador,111000.0,100000.0
5917,Mujer,41,Leo,Programador,43000.0,74000.0
5918,Mujer,38,Leo,Profesor,30000.0,93000.0
5919,Hombre,47,Capricornio,Ingeniero,73000.0,121000.0
5920,Prefiero no decirlo,44,Escorpio,Programador,38000.0,83000.0
5921,Hombre,48,Cáncer,Programador,78000.0,119000.0
5922,Mujer,38,Tauro,Programador,43000.0,49000.0
5923,Prefiero no decirlo,41,Sagitario,Ingeniero,30000.0,83000.0
5924,Mujer,43,Capricornio,Programador,24000.0,100000.0
5925,Hombre,40,Acuario,Matemático,76000.0,180000.0
5926,Mujer,41,Capricornio,Ingeniero,21000.0,67000.0
5927,Hombre,34,Sagitario,Ingeniero,69000.0,115000.0
5928,Hombre,40,Cáncer,Ingeniero,91000.0,195000.0
5929,Hombre,38,Géminis,Programador,67000.0,109000.0
5930,Hombre,29,Géminis,Programador,72000.0,136000.0
5931,Mujer,35,Aries,Ingeniero,24000.0,58000.0
5932,Hombre,43,Géminis,Programador,54000.0,258000.0
5933,Hombre,43,Virgo,Programador,75000.0,92000.0
5934,Mujer,32,Tauro,Ingeniero,24000.0,71000.0
5935,Hombre,40,Virgo,Físico,66000.0,149000.0
5936,Hombre,32,Picis,Profesor,67000.0,94000.0
5937,Hombre,42,Escorpio,Físico,84000.0,120000.0
5938,Mujer,45,Acuario,Profesor,11000.0,37000.0
5939,Hombre,38,Virgo,Programador,79000.0,168000.0
5940,Hombre,45,Libra,Profesor,77000.0,90000.0
5941,Hombre,40,Cáncer,Ingeniero,73000.0,101000.0
5942,Mujer,40,Leo,Físico,24000.0,72000.0
5943,Mujer,45,Libra,Programador,36000.0,142000.0
5944,Mujer,38,Escorpio,Profesor,37000.0,51000.0
5945,Hombre,45,Acuario,Programador,40000.0,145000.0
5946,Hombre,43,Cáncer,Programador,73000.0,174000.0
5947,Hombre,39,Tauro,Ingeniero,71000.0,126000.0
5948,Mujer,43,Capricornio,Matemático,25000.0,64000.0
5949,Hombre,36,Cáncer,Programador,82000.0,102000.0
5950,Hombre,46,Virgo,Programador,80000.0,114000.0
5951,Hombre,37,Géminis,Matemático,80000.0,146000.0
5952,Mujer,39,Capricornio,Contador,51000.0,57000.0
5953,Hombre,30,Escorpio,Programador,67000.0,151000.0
5954,Mujer,40,Tauro,Profesor,26000.0,70000.0
5955,Mujer,35,Picis,Profesor,19000.0,84000.0
5956,Hombre,36,Leo,Programador,80000.0,119000.0
5957,Mujer,37,Virgo,Físico,24000.0,79000.0
5958,Hombre,43,Picis,Ingeniero,59000.0,243000.0
5959,Hombre,36,Acuario,Físico,88000.0,189000.0
5960,Hombre,34,Cáncer,Físico,75000.0,109000.0
5961,Hombre,39,Escorpio,Programador,81000.0,122000.0
5962,Mujer,43,Tauro,Matemático,30000.0,76000.0
5963,Hombre,39,Escorpio,Físico,67000.0,133000.0
5964,Mujer,32,Cáncer,Estudiante,34000.0,89000.0
5965,Mujer,21,Aries,Matemático,25000.0,59000.0
5966,Mujer,41,Cáncer,Profesor,24000.0,78000.0
5967,Hombre,48,Aries,Programador,92000.0,161000.0
5968,Hombre,40,Capricornio,Ingeniero,69000.0,149000.0
5969,Mujer,44,Capricornio,Físico,27000.0,86000.0
5970,Mujer,34,Aries,Maestro,34000.0,64000.0
5971,Hombre,33,Capricornio,Programador,108000.0,230000.0
5972,Otro,38,Tauro,Programador,55000.0,75000.0
5973,Mujer,40,Géminis,Físico,31000.0,81000.0
5974,Mujer,32,Picis,Matemático,29000.0,62000.0
5975,Mujer,38,Acuario,Economista,23000.0,114000.0
5976,Hombre,37,Capricornio,Programador,55000.0,119000.0
5977,Hombre,40,Picis,Profesor,73000.0,147000.0
5978,Mujer,48,Géminis,Ingeniero,32000.0,95000.0
5979,Hombre,46,Picis,Estudiante,66000.0,142000.0
5980,Hombre,39,Acuario,Profesor,54000.0,224000.0
5981,Hombre,42,Leo,Matemático,71000.0,169000.0
5982,Hombre,41,Libra,Programador,85000.0,100000.0
5983,Hombre,37,Libra,Ingeniero,93000.0,78000.0
5984,Hombre,41,Cáncer,Contador,72000.0,149000.0
5985,Hombre,41,Leo,Profesor,98000.0,98000.0
5986,Hombre,43,Tauro,Profesor,76000.0,91000.0
5987,Mujer,43,Tauro,Programador,43000.0,75000.0
5988,Mujer,48,Cáncer,Maestro,35000.0,46000.0
5989,Hombre,35,Cáncer,Estudiante,69000.0,136000.0
5990,Mujer,42,Picis,Programador,29000.0,55000.0
5991,Mujer,43,Tauro,Profesor,41000.0,66000.0
5992,Hombre,42,Cáncer,Programador,72000.0,131000.0
5993,Hombre,34,Géminis,Maestro,72000.0,128000.0
5994,Hombre,39,Tauro,Programador,57000.0,117000.0
5995,Mujer,36,Tauro,Ingeniero,22000.0,35000.0
5996,Mujer,37,Tauro,Programador,28000.0,101000.0
5997,Hombre,41,Sagitario,Programador,61000.0,185000.0
5998,Hombre,39,Tauro,Programador,82000.0,113000.0
5999,Mujer,42,Leo,Profesor,34000.0,50000.0
6000,Hombre,39,Capricornio,Programador,57000.0,139000.0
6001,Hombre,39,Picis,Físico,92000.0,156000.0
6002,Hombre,35,Leo,Físico,90000.0,120000.0
6003,Hombre,41,Acuario,Programador,86000.0,98000.0
6004,Mujer,42,Picis,Programador,34000.0,147000.0
6005,Mujer,43,Aries,Matemático,30000.0,58000.0
6006,Mujer,38,Géminis,Profesor,26000.0,54000.0
6007,Mujer,38,Virgo,Ingeniero,17000.0,39000.0
6008,Hombre,53,Escorpio,Programador,92000.0,182000.0
6009,Hombre,39,Leo,Profesor,67000.0,135000.0
6010,Hombre,31,Aries,Economista,57000.0,98000.0
6011,Prefiero no decirlo,39,Picis,Programador,28000.0,100000.0
6012,Hombre,27,Cáncer,Contador,53000.0,126000.0
6013,Hombre,49,Leo,Ingeniero,86000.0,91000.0
6014,Hombre,45,Virgo,Programador,81000.0,107000.0
6015,Otro,39,Cáncer,Ingeniero,35000.0,83000.0
6016,Hombre,40,Capricornio,Ingeniero,65000.0,184000.0
6017,Hombre,39,Sagitario,Ingeniero,52000.0,133000.0
6018,Hombre,44,Tauro,Ingeniero,102000.0,117000.0
6019,Mujer,43,Tauro,Programador,24000.0,46000.0
6020,Hombre,38,Virgo,Programador,62000.0,148000.0
6021,Hombre,52,Cáncer,Programador,75000.0,124000.0
6022,Mujer,40,Aries,Ingeniero,27000.0,110000.0
6023,Hombre,36,Géminis,Programador,70000.0,178000.0
6024,Mujer,44,Virgo,Profesor,33000.0,63000.0
6025,Hombre,41,Géminis,Programador,71000.0,110000.0
6026,Hombre,32,Escorpio,Economista,56000.0,107000.0
6027,Hombre,38,Acuario,Programador,60000.0,306000.0
6028,Hombre,37,Capricornio,Programador,62000.0,142000.0
6029,Hombre,44,Libra,Profesor,74000.0,102000.0
6030,Hombre,47,Picis,Ingeniero,58000.0,228000.0
6031,Mujer,45,Leo,Maestro,14000.0,73000.0
6032,Hombre,42,Leo,Economista,81000.0,176000.0
6033,Mujer,38,Escorpio,Profesor,24000.0,99000.0
6034,Mujer,34,Acuario,Ingeniero,30000.0,56000.0
6035,Hombre,39,Aries,Programador,119000.0,89000.0
6036,Hombre,30,Leo,Ingeniero,54000.0,167000.0
6037,Hombre,39,Acuario,Contador,79000.0,185000.0
6038,Hombre,44,Libra,Contador,86000.0,196000.0
6039,Hombre,43,Tauro,Profesor,68000.0,130000.0
6040,Hombre,47,Leo,Contador,73000.0,181000.0
6041,Mujer,37,Acuario,Ingeniero,18000.0,65000.0
6042,Hombre,38,Virgo,Programador,71000.0,95000.0
6043,Hombre,45,Géminis,Físico,51000.0,147000.0
6044,Hombre,44,Cáncer,Contador,67000.0,101000.0
6045,Mujer,48,Aries,Programador,24000.0,88000.0
6046,Hombre,34,Cáncer,Matemático,93000.0,175000.0
6047,Hombre,44,Tauro,Programador,68000.0,75000.0
6048,Mujer,45,Virgo,Programador,30000.0,83000.0
6049,Mujer,41,Picis,Programador,41000.0,60000.0
6050,Mujer,50,Picis,Economista,37000.0,44000.0
6051,Hombre,42,Libra,Profesor,50000.0,108000.0
6052,Hombre,27,Picis,Programador,59000.0,120000.0
6053,Mujer,45,Escorpio,Programador,15000.0,35000.0
6054,Hombre,31,Escorpio,Ingeniero,126000.0,155000.0
6055,Hombre,37,Picis,Profesor,84000.0,98000.0
6056,Hombre,42,Sagitario,Programador,70000.0,109000.0
6057,Hombre,51,Aries,Maestro,75000.0,187000.0
6058,Mujer,36,Sagitario,Profesor,16000.0,80000.0
6059,Mujer,39,Libra,Programador,19000.0,76000.0
6060,Prefiero no decirlo,46,Acuario,Ingeniero,28000.0,119000.0
6061,Hombre,30,Escorpio,Programador,68000.0,99000.0
6062,Mujer,43,Leo,Economista,23000.0,94000.0
6063,Mujer,34,Géminis,Ingeniero,19000.0,55000.0
6064,Mujer,30,Aries,Economista,18000.0,82000.0
6065,Hombre,39,Sagitario,Profesor,74000.0,180000.0
6066,Prefiero no decirlo,39,Tauro,Ingeniero,40000.0,121000.0
6067,Hombre,41,Cáncer,Programador,78000.0,129000.0
6068,Hombre,44,Acuario,Programador,73000.0,138000.0
6069,Mujer,41,Sagitario,Profesor,22000.0,92000.0
6070,Mujer,47,Géminis,Ingeniero,24000.0,31000.0
6071,Hombre,46,Géminis,Profesor,74000.0,143000.0
6072,Hombre,36,Géminis,Programador,116000.0,116000.0
6073,Mujer,39,Aries,Matemático,22000.0,64000.0
6074,Hombre,38,Cáncer,Profesor,78000.0,152000.0
6075,Hombre,30,Capricornio,Programador,40000.0,151000.0
6076,Hombre,48,Tauro,Estudiante,62000.0,102000.0
6077,Hombre,37,Sagitario,Programador,71000.0,136000.0
6078,Hombre,45,Tauro,Ingeniero,72000.0,137000.0
6079,Mujer,38,Leo,Profesor,31000.0,81000.0
6080,Hombre,44,Géminis,Programador,85000.0,188000.0
6081,Mujer,37,Cáncer,Programador,30000.0,186000.0
6082,Mujer,45,Tauro,Programador,20000.0,77000.0
6083,Hombre,41,Libra,Contador,63000.0,85000.0
6084,Hombre,43,Escorpio,Profesor,80000.0,104000.0
6085,Mujer,43,Tauro,Profesor,21000.0,88000.0
6086,Hombre,41,Capricornio,Programador,65000.0,101000.0
6087,Hombre,37,Géminis,Maestro,50000.0,135000.0
6088,Hombre,35,Géminis,Programador,65000.0,166000.0
6089,Hombre,50,Aries,Maestro,73000.0,191000.0
6090,Mujer,47,Libra,Programador,39000.0,43000.0
6091,Hombre,41,Géminis,Programador,79000.0,162000.0
6092,Hombre,46,Escorpio,Estudiante,58000.0,175000.0
6093,Mujer,36,Capricornio,Matemático,21000.0,133000.0
6094,Hombre,40,Aries,Programador,56000.0,161000.0
6095,Hombre,31,Acuario,Estudiante,56000.0,260000.0
6096,Mujer,36,Escorpio,Contador,22000.0,41000.0
6097,Hombre,39,Capricornio,Profesor,93000.0,89000.0
6098,Hombre,39,Escorpio,Programador,79000.0,126000.0
6099,Mujer,40,Escorpio,Profesor,22000.0,77000.0
6100,Prefiero no decirlo,33,Aries,Programador,25000.0,62000.0
6101,Mujer,40,Sagitario,Ingeniero,23000.0,65000.0
6102,Hombre,40,Capricornio,Programador,66000.0,110000.0
6103,Hombre,41,Leo,Programador,91000.0,97000.0
6104,Hombre,43,Capricornio,Profesor,84000.0,111000.0
6105,Mujer,37,Escorpio,Programador,33000.0,67000.0
6106,Otro,32,Escorpio,Contador,42000.0,87000.0
6107,Mujer,42,Virgo,Programador,35000.0,70000.0
6108,Mujer,41,Cáncer,Físico,31000.0,54000.0
6109,Hombre,41,Acuario,Programador,64000.0,139000.0
6110,Mujer,47,Cáncer,Economista,40000.0,52000.0
6111,Hombre,41,Libra,Contador,57000.0,89000.0
6112,Mujer,43,Capricornio,Programador,26000.0,55000.0
6113,Mujer,40,Picis,Programador,21000.0,146000.0
6114,Hombre,40,Acuario,Ingeniero,90000.0,141000.0
6115,Hombre,37,Géminis,Físico,65000.0,129000.0
6116,Mujer,39,Aries,Programador,37000.0,99000.0
6117,Hombre,41,Leo,Profesor,84000.0,106000.0
6118,Mujer,41,Cáncer,Ingeniero,26000.0,54000.0
6119,Mujer,46,Aries,Profesor,24000.0,86000.0
6120,Hombre,47,Géminis,Profesor,82000.0,190000.0
6121,Mujer,48,Libra,Maestro,20000.0,122000.0
6122,Mujer,38,Libra,Programador,28000.0,106000.0
6123,Hombre,40,Libra,Programador,81000.0,111000.0
6124,Hombre,45,Leo,Programador,79000.0,135000.0
6125,Hombre,40,Escorpio,Programador,70000.0,199000.0
6126,Mujer,46,Géminis,Ingeniero,30000.0,68000.0
6127,Hombre,28,Libra,Ingeniero,87000.0,114000.0
6128,Hombre,47,Virgo,Programador,97000.0,138000.0
6129,Hombre,36,Libra,Contador,72000.0,105000.0
6130,Hombre,39,Géminis,Economista,55000.0,140000.0
6131,Mujer,38,Escorpio,Profesor,23000.0,52000.0
6132,Mujer,44,Capricornio,Programador,21000.0,92000.0
6133,Mujer,39,Virgo,Estudiante,37000.0,56000.0
6134,Hombre,50,Acuario,Estudiante,83000.0,149000.0
6135,Hombre,42,Géminis,Programador,58000.0,121000.0
6136,Hombre,38,Libra,Economista,69000.0,127000.0
6137,Hombre,44,Escorpio,Programador,71000.0,133000.0
6138,Hombre,43,Capricornio,Profesor,72000.0,197000.0
6139,Hombre,39,Acuario,Programador,54000.0,200000.0
6140,Mujer,46,Escorpio,Ingeniero,27000.0,108000.0
6141,Mujer,44,Sagitario,Programador,25000.0,71000.0
6142,Hombre,46,Capricornio,Programador,67000.0,138000.0
6143,Hombre,34,Leo,Ingeniero,48000.0,124000.0
6144,Mujer,38,Tauro,Programador,22000.0,58000.0
6145,Hombre,37,Sagitario,Programador,69000.0,112000.0
6146,Prefiero no decirlo,44,Sagitario,Programador,19000.0,76000.0
6147,Hombre,45,Capricornio,Profesor,52000.0,142000.0
6148,Hombre,45,Virgo,Profesor,56000.0,114000.0
6149,Hombre,38,Sagitario,Ingeniero,114000.0,121000.0
6150,Mujer,36,Capricornio,Ingeniero,28000.0,75000.0
6151,Mujer,38,Virgo,Programador,34000.0,110000.0
6152,Hombre,47,Tauro,Ingeniero,71000.0,140000.0
6153,Hombre,49,Capricornio,Ingeniero,100000.0,127000.0
6154,Mujer,42,Picis,Programador,27000.0,69000.0
6155,Mujer,38,Escorpio,Profesor,31000.0,121000.0
6156,Hombre,38,Acuario,Programador,66000.0,123000.0
6157,Mujer,41,Capricornio,Profesor,20000.0,68000.0
6158,Mujer,26,Acuario,Programador,25000.0,67000.0
6159,Hombre,41,Tauro,Maestro,76000.0,145000.0
6160,Hombre,38,Virgo,Programador,108000.0,176000.0
6161,Hombre,36,Cáncer,Programador,56000.0,142000.0
6162,Mujer,39,Cáncer,Economista,32000.0,65000.0
6163,Hombre,35,Capricornio,Programador,74000.0,122000.0
6164,Mujer,42,Géminis,Ingeniero,25000.0,53000.0
6165,Hombre,39,Géminis,Maestro,73000.0,126000.0
6166,Hombre,44,Tauro,Programador,50000.0,102000.0
6167,Mujer,29,Cáncer,Programador,27000.0,45000.0
6168,Hombre,41,Sagitario,Contador,80000.0,122000.0
6169,Hombre,32,Géminis,Contador,84000.0,134000.0
6170,Mujer,36,Acuario,Ingeniero,31000.0,149000.0
6171,Hombre,46,Acuario,Ingeniero,74000.0,125000.0
6172,Hombre,37,Libra,Programador,92000.0,142000.0
6173,Hombre,46,Tauro,Estudiante,56000.0,121000.0
6174,Hombre,50,Acuario,Programador,102000.0,107000.0
6175,Hombre,43,Capricornio,Programador,95000.0,184000.0
6176,Mujer,42,Escorpio,Programador,31000.0,86000.0
6177,Mujer,31,Cáncer,Ingeniero,33000.0,67000.0
6178,Mujer,39,Libra,Programador,28000.0,80000.0
6179,Hombre,44,Acuario,Programador,80000.0,143000.0
6180,Hombre,54,Capricornio,Ingeniero,55000.0,113000.0
6181,Hombre,37,Capricornio,Programador,81000.0,105000.0
6182,Hombre,42,Capricornio,Estudiante,80000.0,120000.0
6183,Hombre,38,Aries,Estudiante,75000.0,125000.0
6184,Hombre,39,Leo,Programador,83000.0,91000.0
6185,Mujer,45,Libra,Ingeniero,19000.0,126000.0
6186,Mujer,40,Escorpio,Físico,13000.0,63000.0
6187,Hombre,34,Aries,Programador,53000.0,170000.0
6188,Mujer,32,Picis,Programador,34000.0,38000.0
6189,Mujer,45,Acuario,Contador,37000.0,71000.0
6190,Hombre,48,Cáncer,Matemático,75000.0,178000.0
6191,Mujer,31,Picis,Programador,20000.0,67000.0
6192,Prefiero no decirlo,38,Libra,Estudiante,33000.0,67000.0
6193,Hombre,40,Virgo,Programador,62000.0,171000.0
6194,Hombre,38,Cáncer,Ingeniero,83000.0,170000.0
6195,Hombre,40,Sagitario,Matemático,74000.0,138000.0
6196,Mujer,40,Capricornio,Profesor,44000.0,75000.0
6197,Hombre,44,Picis,Programador,75000.0,102000.0
6198,Mujer,38,Cáncer,Físico,20000.0,45000.0
6199,Hombre,53,Aries,Programador,76000.0,163000.0
6200,Hombre,42,Picis,Ingeniero,74000.0,143000.0
6201,Hombre,37,Capricornio,Programador,77000.0,149000.0
6202,Mujer,41,Sagitario,Economista,24000.0,85000.0
6203,Hombre,41,Escorpio,Profesor,55000.0,187000.0
6204,Hombre,35,Leo,Economista,86000.0,89000.0
6205,Mujer,39,Virgo,Programador,31000.0,132000.0
6206,Hombre,44,Tauro,Ingeniero,62000.0,116000.0
6207,Hombre,42,Géminis,Profesor,61000.0,88000.0
6208,Hombre,37,Capricornio,Programador,62000.0,113000.0
6209,Mujer,43,Capricornio,Programador,48000.0,63000.0
6210,Hombre,39,Leo,Ingeniero,69000.0,178000.0
6211,Mujer,41,Libra,Ingeniero,13000.0,31000.0
6212,Mujer,38,Tauro,Ingeniero,36000.0,43000.0
6213,Hombre,34,Libra,Maestro,103000.0,166000.0
6214,Hombre,39,Géminis,Maestro,75000.0,102000.0
6215,Mujer,40,Virgo,Programador,39000.0,94000.0
6216,Hombre,50,Virgo,Matemático,55000.0,80000.0
6217,Mujer,51,Cáncer,Programador,40000.0,60000.0
6218,Prefiero no decirlo,42,Tauro,Ingeniero,26000.0,91000.0
6219,Hombre,33,Leo,Programador,70000.0,169000.0
6220,Mujer,31,Capricornio,Ingeniero,15000.0,89000.0
6221,Hombre,28,Escorpio,Programador,77000.0,95000.0
6222,Hombre,51,Géminis,Físico,54000.0,131000.0
6223,Mujer,40,Cáncer,Programador,30000.0,67000.0
6224,Hombre,42,Acuario,Ingeniero,84000.0,122000.0
6225,Hombre,37,Sagitario,Profesor,84000.0,69000.0
6226,Mujer,34,Libra,Programador,38000.0,62000.0
6227,Mujer,46,Cáncer,Estudiante,22000.0,114000.0
6228,Mujer,40,Picis,Programador,24000.0,101000.0
6229,Prefiero no decirlo,40,Sagitario,Programador,31000.0,52000.0
6230,Hombre,38,Sagitario,Estudiante,95000.0,88000.0
6231,Mujer,45,Sagitario,Ingeniero,18000.0,86000.0
6232,Mujer,40,Escorpio,Físico,34000.0,56000.0
6233,Hombre,39,Leo,Programador,74000.0,121000.0
6234,Hombre,46,Leo,Ingeniero,84000.0,127000.0
6235,Hombre,46,Escorpio,Programador,57000.0,127000.0
6236,Hombre,36,Libra,Programador,62000.0,115000.0
6237,Hombre,41,Acuario,Profesor,82000.0,192000.0
6238,Mujer,36,Géminis,Economista,59000.0,50000.0
6239,Hombre,50,Acuario,Ingeniero,63000.0,137000.0
6240,Hombre,42,Géminis,Físico,69000.0,113000.0
6241,Hombre,29,Capricornio,Programador,78000.0,123000.0
6242,Mujer,37,Sagitario,Contador,28000.0,41000.0
6243,Prefiero no decirlo,42,Virgo,Programador,23000.0,73000.0
6244,Hombre,39,Picis,Estudiante,73000.0,126000.0
6245,Hombre,38,Escorpio,Contador,76000.0,147000.0
6246,Hombre,37,Sagitario,Programador,83000.0,89000.0
6247,Hombre,47,Virgo,Programador,68000.0,63000.0
6248,Hombre,33,Géminis,Físico,54000.0,177000.0
6249,Hombre,48,Sagitario,Programador,68000.0,189000.0
6250,Hombre,40,Géminis,Programador,78000.0,123000.0
6251,Hombre,45,Acuario,Programador,96000.0,131000.0
6252,Mujer,42,Géminis,Matemático,27000.0,78000.0
6253,Hombre,39,Aries,Contador,85000.0,133000.0
6254,Hombre,41,Picis,Programador,76000.0,129000.0
6255,Hombre,41,Picis,Físico,82000.0,111000.0
6256,Mujer,31,Sagitario,Programador,19000.0,84000.0
6257,Hombre,36,Libra,Programador,68000.0,147000.0
6258,Hombre,44,Sagitario,Matemático,56000.0,118000.0
6259,Hombre,39,Acuario,Profesor,75000.0,153000.0
6260,Hombre,40,Leo,Ingeniero,88000.0,150000.0
6261,Mujer,36,Géminis,Matemático,10000.0,76000.0
6262,Mujer,33,Picis,Profesor,12000.0,69000.0
6263,Hombre,35,Virgo,Físico,71000.0,91000.0
6264,Hombre,33,Aries,Estudiante,78000.0,201000.0
6265,Mujer,48,Libra,Programador,26000.0,70000.0
6266,Mujer,42,Libra,Programador,34000.0,104000.0
6267,Hombre,38,Virgo,Economista,66000.0,75000.0
6268,Hombre,37,Escorpio,Programador,72000.0,170000.0
6269,Hombre,48,Leo,Maestro,96000.0,112000.0
6270,Hombre,39,Cáncer,Programador,57000.0,120000.0
6271,Hombre,36,Cáncer,Programador,67000.0,173000.0
6272,Mujer,41,Tauro,Economista,17000.0,57000.0
6273,Prefiero no decirlo,44,Géminis,Maestro,20000.0,90000.0
6274,Hombre,41,Leo,Profesor,76000.0,149000.0
6275,Mujer,43,Leo,Programador,34000.0,71000.0
6276,Prefiero no decirlo,38,Sagitario,Programador,46000.0,66000.0
6277,Hombre,39,Cáncer,Programador,75000.0,155000.0
6278,Hombre,40,Aries,Físico,68000.0,134000.0
6279,Hombre,42,Géminis,Programador,76000.0,198000.0
6280,Hombre,46,Capricornio,Programador,65000.0,146000.0
6281,Hombre,41,Capricornio,Ingeniero,72000.0,168000.0
6282,Hombre,32,Libra,Estudiante,72000.0,99000.0
6283,Otro,31,Tauro,Programador,25000.0,71000.0
6284,Hombre,45,Picis,Maestro,76000.0,119000.0
6285,Hombre,37,Sagitario,Matemático,59000.0,177000.0
6286,Hombre,51,Tauro,Contador,57000.0,152000.0
6287,Mujer,47,Tauro,Ingeniero,35000.0,98000.0
6288,Mujer,36,Libra,Programador,30000.0,82000.0
6289,Mujer,34,Picis,Ingeniero,36000.0,44000.0
6290,Hombre,40,Acuario,Programador,71000.0,167000.0
6291,Mujer,40,Virgo,Programador,17000.0,73000.0
6292,Mujer,37,Virgo,Programador,37000.0,98000.0
6293,Mujer,34,Capricornio,Programador,36000.0,60000.0
6294,Hombre,40,Picis,Ingeniero,82000.0,167000.0
6295,Mujer,39,Géminis,Programador,14000.0,62000.0
6296,Mujer,41,Leo,Programador,22000.0,79000.0
6297,Hombre,37,Libra,Programador,64000.0,120000.0
6298,Hombre,54,Aries,Programador,72000.0,146000.0
6299,Hombre,38,Tauro,Programador,72000.0,129000.0
6300,Hombre,39,Cáncer,Contador,66000.0,164000.0
6301,Hombre,47,Acuario,Programador,62000.0,130000.0
6302,Hombre,46,Capricornio,Programador,77000.0,149000.0
6303,Hombre,55,Escorpio,Programador,97000.0,114000.0
6304,Hombre,49,Libra,Ingeniero,80000.0,131000.0
6305,Hombre,46,Sagitario,Físico,73000.0,167000.0
6306,Hombre,37,Capricornio,Economista,77000.0,156000.0
6307,Hombre,30,Géminis,Ingeniero,55000.0,91000.0
6308,Hombre,40,Leo,Profesor,61000.0,125000.0
6309,Hombre,38,Virgo,Matemático,77000.0,185000.0
6310,Hombre,38,Virgo,Ingeniero,63000.0,130000.0
6311,Mujer,41,Sagitario,Programador,41000.0,70000.0
6312,Hombre,39,Aries,Profesor,68000.0,143000.0
6313,Hombre,39,Picis,Profesor,69000.0,141000.0
6314,Mujer,38,Cáncer,Maestro,26000.0,63000.0
6315,Hombre,34,Aries,Programador,108000.0,96000.0
6316,Mujer,39,Sagitario,Programador,62000.0,58000.0
6317,Mujer,47,Escorpio,Físico,28000.0,62000.0
6318,Mujer,41,Escorpio,Programador,20000.0,107000.0
6319,Hombre,38,Leo,Ingeniero,90000.0,154000.0
6320,Hombre,36,Picis,Físico,61000.0,148000.0
6321,Hombre,40,Aries,Programador,83000.0,153000.0
6322,Mujer,42,Capricornio,Programador,29000.0,73000.0
6323,Hombre,41,Cáncer,Ingeniero,96000.0,100000.0
6324,Hombre,35,Géminis,Programador,97000.0,175000.0
6325,Mujer,34,Escorpio,Programador,23000.0,103000.0
6326,Hombre,44,Picis,Profesor,63000.0,153000.0
6327,Hombre,35,Sagitario,Programador,46000.0,107000.0
6328,Mujer,32,Escorpio,Profesor,17000.0,109000.0
6329,Mujer,35,Cáncer,Programador,19000.0,41000.0
6330,Hombre,35,Virgo,Profesor,90000.0,83000.0
6331,Hombre,40,Virgo,Programador,76000.0,125000.0
6332,Hombre,42,Acuario,Programador,92000.0,78000.0
6333,Hombre,45,Géminis,Programador,57000.0,200000.0
6334,Hombre,39,Picis,Contador,62000.0,130000.0
6335,Mujer,35,Virgo,Físico,18000.0,63000.0
6336,Hombre,33,Virgo,Programador,70000.0,123000.0
6337,Hombre,35,Sagitario,Programador,97000.0,81000.0
6338,Hombre,33,Sagitario,Profesor,71000.0,174000.0
6339,Mujer,37,Leo,Programador,21000.0,49000.0
6340,Mujer,44,Aries,Físico,43000.0,83000.0
6341,Mujer,48,Virgo,Profesor,14000.0,49000.0
6342,Hombre,35,Cáncer,Profesor,109000.0,109000.0
6343,Mujer,42,Aries,Físico,27000.0,107000.0
6344,Mujer,34,Libra,Programador,23000.0,47000.0
6345,Otro,40,Géminis,Programador,18000.0,83000.0
6346,Hombre,36,Virgo,Programador,67000.0,111000.0
6347,Hombre,38,Virgo,Programador,60000.0,136000.0
6348,Hombre,47,Géminis,Profesor,71000.0,185000.0
6349,Hombre,43,Escorpio,Estudiante,61000.0,153000.0
6350,Hombre,42,Sagitario,Profesor,67000.0,144000.0
6351,Hombre,46,Capricornio,Maestro,76000.0,149000.0
6352,Hombre,35,Virgo,Estudiante,68000.0,124000.0
6353,Hombre,38,Picis,Programador,55000.0,106000.0
6354,Hombre,41,Sagitario,Profesor,82000.0,194000.0
6355,Mujer,45,Capricornio,Programador,39000.0,59000.0
6356,Mujer,45,Libra,Estudiante,21000.0,71000.0
6357,Mujer,42,Acuario,Programador,33000.0,67000.0
6358,Hombre,43,Cáncer,Ingeniero,78000.0,197000.0
6359,Mujer,40,Libra,Ingeniero,20000.0,95000.0
6360,Hombre,42,Acuario,Programador,57000.0,137000.0
6361,Hombre,46,Leo,Profesor,67000.0,85000.0
6362,Hombre,35,Cáncer,Programador,66000.0,120000.0
6363,Hombre,35,Aries,Programador,59000.0,121000.0
6364,Mujer,42,Acuario,Programador,32000.0,70000.0
6365,Hombre,47,Acuario,Programador,72000.0,101000.0
6366,Hombre,41,Sagitario,Economista,68000.0,97000.0
6367,Mujer,35,Aries,Maestro,15000.0,60000.0
6368,Hombre,47,Virgo,Ingeniero,70000.0,116000.0
6369,Mujer,38,Capricornio,Programador,28000.0,71000.0
6370,Hombre,40,Picis,Maestro,46000.0,149000.0
6371,Hombre,30,Cáncer,Programador,60000.0,144000.0
6372,Hombre,40,Géminis,Programador,48000.0,172000.0
6373,Mujer,43,Capricornio,Estudiante,27000.0,66000.0
6374,Mujer,40,Cáncer,Físico,22000.0,70000.0
6375,Hombre,44,Capricornio,Programador,82000.0,123000.0
6376,Mujer,35,Picis,Estudiante,20000.0,37000.0
6377,Hombre,35,Libra,Programador,66000.0,86000.0
6378,Mujer,42,Tauro,Programador,29000.0,53000.0
6379,Mujer,47,Capricornio,Programador,52000.0,28000.0
6380,Mujer,36,Acuario,Físico,24000.0,75000.0
6381,Hombre,40,Picis,Ingeniero,99000.0,152000.0
6382,Hombre,33,Capricornio,Profesor,62000.0,92000.0
6383,Hombre,44,Libra,Ingeniero,66000.0,126000.0
6384,Hombre,35,Leo,Programador,77000.0,99000.0
6385,Hombre,41,Acuario,Programador,71000.0,133000.0
6386,Hombre,40,Virgo,Maestro,77000.0,117000.0
6387,Hombre,35,Aries,Ingeniero,79000.0,136000.0
6388,Hombre,44,Géminis,Economista,92000.0,177000.0
6389,Hombre,31,Escorpio,Programador,58000.0,137000.0
6390,Hombre,45,Picis,Ingeniero,67000.0,134000.0
6391,Hombre,34,Picis,Profesor,70000.0,135000.0
6392,Mujer,51,Géminis,Ingeniero,22000.0,101000.0
6393,Mujer,44,Capricornio,Economista,32000.0,87000.0
6394,Prefiero no decirlo,43,Cáncer,Físico,28000.0,100000.0
6395,Hombre,36,Capricornio,Profesor,63000.0,147000.0
6396,Hombre,42,Leo,Ingeniero,75000.0,165000.0
6397,Hombre,37,Virgo,Programador,60000.0,158000.0
6398,Mujer,37,Picis,Ingeniero,20000.0,65000.0
6399,Mujer,42,Géminis,Ingeniero,24000.0,76000.0
6400,Mujer,35,Capricornio,Programador,20000.0,71000.0
6401,Hombre,42,Escorpio,Profesor,82000.0,117000.0
6402,Hombre,34,Virgo,Matemático,69000.0,102000.0
6403,Mujer,40,Géminis,Programador,13000.0,83000.0
6404,Mujer,41,Capricornio,Programador,33000.0,127000.0
6405,Mujer,43,Tauro,Ingeniero,17000.0,168000.0
6406,Hombre,43,Géminis,Ingeniero,77000.0,131000.0
6407,Hombre,44,Leo,Programador,69000.0,122000.0
6408,Hombre,40,Picis,Economista,75000.0,128000.0
6409,Mujer,37,Libra,Contador,26000.0,52000.0
6410,Mujer,39,Géminis,Programador,32000.0,49000.0
6411,Hombre,47,Sagitario,Programador,107000.0,205000.0
6412,Hombre,42,Capricornio,Contador,100000.0,152000.0
6413,Hombre,45,Acuario,Programador,56000.0,148000.0
6414,Mujer,40,Acuario,Programador,25000.0,78000.0
6415,Mujer,48,Leo,Programador,25000.0,85000.0
6416,Mujer,41,Picis,Programador,32000.0,87000.0
6417,Hombre,43,Tauro,Economista,96000.0,127000.0
6418,Hombre,35,Acuario,Contador,70000.0,94000.0
6419,Hombre,44,Escorpio,Programador,63000.0,166000.0
6420,Mujer,44,Escorpio,Profesor,43000.0,76000.0
6421,Hombre,45,Leo,Programador,83000.0,101000.0
6422,Hombre,43,Virgo,Programador,69000.0,78000.0
6423,Prefiero no decirlo,34,Géminis,Estudiante,42000.0,78000.0
6424,Hombre,36,Géminis,Matemático,75000.0,104000.0
6425,Mujer,34,Aries,Programador,33000.0,43000.0
6426,Mujer,43,Capricornio,Ingeniero,18000.0,99000.0
6427,Hombre,43,Virgo,Matemático,76000.0,115000.0
6428,Hombre,42,Libra,Maestro,87000.0,112000.0
6429,Hombre,42,Libra,Profesor,51000.0,158000.0
6430,Hombre,40,Cáncer,Economista,77000.0,185000.0
6431,Hombre,39,Aries,Físico,77000.0,71000.0
6432,Mujer,37,Capricornio,Programador,24000.0,37000.0
6433,Hombre,37,Acuario,Programador,75000.0,175000.0
6434,Hombre,36,Escorpio,Economista,78000.0,122000.0
6435,Hombre,45,Sagitario,Programador,77000.0,172000.0
6436,Hombre,42,Cáncer,Profesor,60000.0,202000.0
6437,Hombre,46,Sagitario,Profesor,65000.0,155000.0
6438,Hombre,53,Capricornio,Profesor,80000.0,158000.0
6439,Mujer,44,Cáncer,Economista,44000.0,60000.0
6440,Mujer,42,Acuario,Programador,24000.0,71000.0
6441,Hombre,41,Géminis,Economista,93000.0,129000.0
6442,Hombre,38,Picis,Programador,60000.0,164000.0
6443,Mujer,47,Acuario,Programador,29000.0,37000.0
6444,Hombre,45,Virgo,Programador,48000.0,101000.0
6445,Hombre,44,Tauro,Profesor,65000.0,175000.0
6446,Hombre,46,Tauro,Profesor,66000.0,105000.0
6447,Hombre,33,Tauro,Programador,91000.0,99000.0
6448,Mujer,35,Libra,Ingeniero,26000.0,95000.0
6449,Mujer,43,Acuario,Ingeniero,32000.0,60000.0
6450,Mujer,45,Sagitario,Programador,22000.0,72000.0
6451,Mujer,40,Géminis,Matemático,19000.0,101000.0
6452,Hombre,45,Leo,Ingeniero,70000.0,100000.0
6453,Hombre,43,Libra,Contador,61000.0,113000.0
6454,Prefiero no decirlo,36,Sagitario,Programador,39000.0,106000.0
6455,Mujer,36,Géminis,Ingeniero,30000.0,56000.0
6456,Mujer,43,Cáncer,Ingeniero,25000.0,102000.0
6457,Mujer,42,Capricornio,Ingeniero,19000.0,109000.0
6458,Prefiero no decirlo,34,Géminis,Ingeniero,38000.0,77000.0
6459,Hombre,40,Leo,Matemático,100000.0,110000.0
6460,Hombre,36,Géminis,Matemático,103000.0,143000.0
6461,Hombre,31,Libra,Programador,83000.0,118000.0
6462,Mujer,41,Aries,Programador,33000.0,86000.0
6463,Otro,44,Escorpio,Profesor,25000.0,84000.0
6464,Mujer,34,Capricornio,Profesor,24000.0,35000.0
6465,Hombre,41,Géminis,Ingeniero,62000.0,146000.0
6466,Mujer,36,Libra,Programador,31000.0,54000.0
6467,Hombre,44,Géminis,Economista,65000.0,107000.0
6468,Hombre,42,Escorpio,Programador,78000.0,89000.0
6469,Otro,46,Acuario,Programador,20000.0,71000.0
6470,Prefiero no decirlo,42,Géminis,Programador,36000.0,115000.0
6471,Mujer,38,Aries,Profesor,16000.0,100000.0
6472,Hombre,48,Escorpio,Profesor,71000.0,161000.0
6473,Hombre,43,Capricornio,Matemático,103000.0,150000.0
6474,Hombre,40,Aries,Economista,102000.0,144000.0
6475,Hombre,39,Aries,Contador,85000.0,165000.0
6476,Hombre,34,Aries,Programador,73000.0,260000.0
6477,Hombre,45,Capricornio,Programador,68000.0,99000.0
6478,Hombre,41,Libra,Ingeniero,84000.0,288000.0
6479,Hombre,38,Aries,Matemático,64000.0,126000.0
6480,Mujer,35,Leo,Matemático,18000.0,70000.0
6481,Mujer,41,Picis,Profesor,31000.0,97000.0
6482,Hombre,35,Aries,Ingeniero,88000.0,105000.0
6483,Mujer,38,Sagitario,Programador,37000.0,157000.0
6484,Hombre,32,Aries,Programador,75000.0,140000.0
6485,Mujer,40,Géminis,Profesor,28000.0,63000.0
6486,Hombre,40,Leo,Ingeniero,88000.0,169000.0
6487,Hombre,42,Aries,Ingeniero,64000.0,122000.0
6488,Mujer,45,Libra,Programador,27000.0,79000.0
6489,Hombre,35,Virgo,Programador,76000.0,161000.0
6490,Mujer,40,Picis,Programador,16000.0,122000.0
6491,Mujer,38,Aries,Economista,26000.0,104000.0
6492,Mujer,37,Acuario,Maestro,31000.0,75000.0
6493,Mujer,37,Escorpio,Programador,33000.0,61000.0
6494,Hombre,41,Libra,Profesor,57000.0,183000.0
6495,Mujer,33,Tauro,Profesor,29000.0,78000.0
6496,Prefiero no decirlo,39,Géminis,Profesor,33000.0,100000.0
6497,Mujer,45,Picis,Ingeniero,32000.0,58000.0
6498,Hombre,31,Capricornio,Economista,83000.0,113000.0
6499,Hombre,38,Tauro,Programador,99000.0,97000.0
6500,Mujer,41,Virgo,Ingeniero,41000.0,100000.0
6501,Hombre,39,Picis,Contador,70000.0,137000.0
6502,Mujer,45,Leo,Programador,26000.0,73000.0
6503,Hombre,35,Géminis,Ingeniero,103000.0,130000.0
6504,Mujer,35,Libra,Programador,12000.0,112000.0
6505,Hombre,35,Libra,Profesor,58000.0,195000.0
6506,Hombre,41,Tauro,Programador,62000.0,179000.0
6507,Hombre,44,Géminis,Programador,57000.0,134000.0
6508,Mujer,45,Leo,Profesor,36000.0,146000.0
6509,Hombre,38,Cáncer,Contador,77000.0,140000.0
6510,Mujer,37,Géminis,Profesor,21000.0,76000.0
6511,Mujer,41,Libra,Profesor,22000.0,63000.0
6512,Mujer,43,Sagitario,Programador,28000.0,53000.0
6513,Hombre,32,Aries,Estudiante,87000.0,156000.0
6514,Hombre,39,Sagitario,Profesor,81000.0,197000.0
6515,Hombre,44,Sagitario,Ingeniero,78000.0,157000.0
6516,Mujer,41,Géminis,Programador,33000.0,72000.0
6517,Hombre,41,Escorpio,Profesor,91000.0,112000.0
6518,Mujer,45,Escorpio,Físico,22000.0,65000.0
6519,Mujer,38,Aries,Programador,46000.0,64000.0
6520,Mujer,44,Virgo,Ingeniero,34000.0,49000.0
6521,Hombre,38,Virgo,Matemático,65000.0,135000.0
6522,Hombre,43,Tauro,Economista,72000.0,100000.0
6523,Hombre,41,Géminis,Estudiante,57000.0,143000.0
6524,Hombre,36,Cáncer,Ingeniero,71000.0,120000.0
6525,Hombre,36,Tauro,Profesor,77000.0,118000.0
6526,Hombre,38,Libra,Profesor,72000.0,202000.0
6527,Hombre,32,Leo,Maestro,82000.0,108000.0
6528,Mujer,38,Leo,Profesor,47000.0,33000.0
6529,Mujer,43,Cáncer,Programador,28000.0,66000.0
6530,Hombre,42,Leo,Contador,92000.0,187000.0
6531,Hombre,35,Leo,Ingeniero,87000.0,123000.0
6532,Hombre,38,Sagitario,Economista,72000.0,111000.0
6533,Prefiero no decirlo,38,Picis,Físico,16000.0,87000.0
6534,Hombre,41,Cáncer,Ingeniero,99000.0,90000.0
6535,Mujer,43,Picis,Profesor,22000.0,70000.0
6536,Hombre,45,Escorpio,Programador,59000.0,113000.0
6537,Hombre,34,Leo,Matemático,74000.0,120000.0
6538,Hombre,44,Leo,Físico,56000.0,107000.0
6539,Mujer,43,Leo,Profesor,19000.0,89000.0
6540,Mujer,39,Libra,Ingeniero,30000.0,69000.0
6541,Mujer,42,Acuario,Ingeniero,33000.0,78000.0
6542,Hombre,41,Acuario,Ingeniero,73000.0,106000.0
6543,Mujer,46,Libra,Ingeniero,32000.0,52000.0
6544,Hombre,39,Acuario,Contador,103000.0,167000.0
6545,Hombre,45,Sagitario,Ingeniero,66000.0,99000.0
6546,Hombre,36,Aries,Programador,77000.0,82000.0
6547,Prefiero no decirlo,42,Escorpio,Maestro,28000.0,53000.0
6548,Mujer,29,Géminis,Economista,37000.0,44000.0
6549,Mujer,42,Cáncer,Ingeniero,23000.0,41000.0
6550,Hombre,40,Géminis,Ingeniero,71000.0,129000.0
6551,Mujer,30,Escorpio,Maestro,31000.0,83000.0
6552,Hombre,31,Géminis,Programador,106000.0,113000.0
6553,Hombre,35,Libra,Ingeniero,90000.0,162000.0
6554,Hombre,37,Virgo,Maestro,105000.0,119000.0
6555,Hombre,38,Aries,Programador,71000.0,147000.0
6556,Mujer,37,Géminis,Ingeniero,15000.0,80000.0
6557,Mujer,38,Tauro,Ingeniero,17000.0,67000.0
6558,Mujer,36,Libra,Ingeniero,36000.0,106000.0
6559,Hombre,47,Tauro,Programador,86000.0,138000.0
6560,Hombre,40,Capricornio,Programador,45000.0,123000.0
6561,Hombre,43,Libra,Contador,100000.0,201000.0
6562,Mujer,41,Géminis,Matemático,30000.0,68000.0
6563,Hombre,41,Picis,Programador,84000.0,152000.0
6564,Mujer,42,Sagitario,Economista,31000.0,92000.0
6565,Hombre,41,Aries,Profesor,73000.0,115000.0
6566,Hombre,38,Virgo,Ingeniero,91000.0,191000.0
6567,Hombre,47,Géminis,Programador,70000.0,131000.0
6568,Mujer,39,Cáncer,Físico,46000.0,49000.0
6569,Hombre,36,Capricornio,Estudiante,89000.0,128000.0
6570,Prefiero no decirlo,52,Cáncer,Profesor,32000.0,123000.0
6571,Hombre,47,Leo,Ingeniero,85000.0,189000.0
6572,Hombre,33,Capricornio,Contador,93000.0,80000.0
6573,Mujer,31,Escorpio,Profesor,33000.0,35000.0
6574,Mujer,38,Leo,Físico,39000.0,65000.0
6575,Mujer,40,Géminis,Estudiante,27000.0,42000.0
6576,Hombre,41,Cáncer,Programador,73000.0,109000.0
6577,Mujer,33,Sagitario,Maestro,29000.0,88000.0
6578,Hombre,33,Tauro,Ingeniero,90000.0,123000.0
6579,Hombre,40,Libra,Ingeniero,67000.0,110000.0
6580,Hombre,37,Leo,Ingeniero,71000.0,111000.0
6581,Mujer,32,Libra,Programador,25000.0,91000.0
6582,Hombre,48,Picis,Profesor,82000.0,99000.0
6583,Hombre,43,Libra,Programador,64000.0,157000.0
6584,Mujer,38,Aries,Programador,49000.0,76000.0
6585,Hombre,40,Picis,Matemático,62000.0,133000.0
6586,Hombre,35,Géminis,Programador,72000.0,146000.0
6587,Hombre,34,Géminis,Estudiante,64000.0,291000.0
6588,Mujer,32,Tauro,Profesor,55000.0,98000.0
6589,Mujer,43,Virgo,Economista,43000.0,133000.0
6590,Hombre,39,Capricornio,Ingeniero,74000.0,118000.0
6591,Mujer,41,Virgo,Profesor,20000.0,36000.0
6592,Hombre,36,Sagitario,Profesor,95000.0,175000.0
6593,Hombre,46,Escorpio,Programador,87000.0,157000.0
6594,Hombre,41,Géminis,Ingeniero,62000.0,130000.0
6595,Mujer,52,Picis,Ingeniero,30000.0,58000.0
6596,Hombre,44,Libra,Físico,42000.0,180000.0
6597,Hombre,42,Cáncer,Profesor,63000.0,108000.0
6598,Mujer,42,Virgo,Estudiante,31000.0,92000.0
6599,Mujer,43,Tauro,Programador,19000.0,69000.0
6600,Hombre,47,Sagitario,Programador,86000.0,102000.0
6601,Hombre,35,Tauro,Programador,103000.0,137000.0
6602,Mujer,41,Cáncer,Físico,22000.0,137000.0
6603,Hombre,38,Virgo,Profesor,70000.0,145000.0
6604,Hombre,35,Libra,Programador,74000.0,106000.0
6605,Prefiero no decirlo,35,Tauro,Economista,27000.0,64000.0
6606,Mujer,39,Escorpio,Programador,32000.0,93000.0
6607,Mujer,41,Géminis,Programador,17000.0,56000.0
6608,Hombre,35,Picis,Programador,82000.0,165000.0
6609,Hombre,33,Leo,Programador,87000.0,116000.0
6610,Hombre,30,Libra,Programador,75000.0,159000.0
6611,Hombre,39,Aries,Físico,97000.0,123000.0
6612,Mujer,38,Libra,Programador,34000.0,81000.0
6613,Mujer,34,Leo,Ingeniero,34000.0,32000.0
6614,Mujer,37,Acuario,Ingeniero,14000.0,52000.0
6615,Mujer,50,Aries,Contador,43000.0,68000.0
6616,Mujer,43,Tauro,Programador,21000.0,85000.0
6617,Mujer,38,Libra,Profesor,63000.0,81000.0
6618,Mujer,35,Acuario,Profesor,30000.0,38000.0
6619,Hombre,40,Escorpio,Programador,68000.0,163000.0
6620,Mujer,39,Acuario,Profesor,28000.0,85000.0
6621,Hombre,46,Capricornio,Programador,65000.0,158000.0
6622,Hombre,39,Leo,Programador,75000.0,115000.0
6623,Hombre,35,Tauro,Programador,78000.0,154000.0
6624,Hombre,30,Aries,Matemático,67000.0,116000.0
6625,Mujer,31,Acuario,Programador,28000.0,64000.0
6626,Hombre,43,Leo,Programador,75000.0,166000.0
6627,Prefiero no decirlo,41,Cáncer,Profesor,29000.0,111000.0
6628,Mujer,34,Aries,Profesor,41000.0,97000.0
6629,Hombre,43,Leo,Ingeniero,120000.0,154000.0
6630,Hombre,37,Capricornio,Físico,97000.0,176000.0
6631,Hombre,37,Escorpio,Matemático,78000.0,106000.0
6632,Mujer,26,Virgo,Programador,21000.0,54000.0
6633,Hombre,42,Leo,Matemático,105000.0,138000.0
6634,Mujer,39,Cáncer,Maestro,19000.0,77000.0
6635,Hombre,34,Virgo,Contador,64000.0,191000.0
6636,Mujer,41,Tauro,Ingeniero,30000.0,59000.0
6637,Hombre,39,Leo,Profesor,71000.0,169000.0
6638,Hombre,38,Escorpio,Maestro,79000.0,165000.0
6639,Mujer,33,Acuario,Físico,19000.0,86000.0
6640,Hombre,46,Capricornio,Programador,59000.0,175000.0
6641,Mujer,38,Aries,Programador,27000.0,126000.0
6642,Mujer,43,Géminis,Ingeniero,44000.0,48000.0
6643,Hombre,39,Escorpio,Físico,114000.0,130000.0
6644,Hombre,37,Picis,Programador,60000.0,127000.0
6645,Mujer,36,Virgo,Profesor,24000.0,78000.0
6646,Mujer,42,Tauro,Matemático,27000.0,58000.0
6647,Hombre,38,Acuario,Economista,57000.0,95000.0
6648,Mujer,41,Acuario,Maestro,28000.0,49000.0
6649,Hombre,39,Tauro,Profesor,83000.0,165000.0
6650,Mujer,44,Picis,Matemático,38000.0,62000.0
6651,Mujer,41,Escorpio,Programador,17000.0,89000.0
6652,Mujer,39,Sagitario,Ingeniero,18000.0,94000.0
6653,Mujer,40,Aries,Programador,47000.0,150000.0
6654,Hombre,41,Capricornio,Economista,66000.0,114000.0
6655,Hombre,37,Géminis,Programador,62000.0,145000.0
6656,Mujer,40,Virgo,Programador,16000.0,106000.0
6657,Mujer,44,Picis,Economista,32000.0,40000.0
6658,Hombre,33,Acuario,Profesor,103000.0,171000.0
6659,Hombre,31,Virgo,Programador,89000.0,116000.0
6660,Hombre,37,Cáncer,Economista,78000.0,113000.0
6661,Mujer,39,Escorpio,Programador,37000.0,53000.0
6662,Hombre,36,Géminis,Programador,94000.0,120000.0
6663,Hombre,37,Tauro,Programador,58000.0,118000.0
6664,Hombre,33,Géminis,Programador,48000.0,131000.0
6665,Mujer,36,Acuario,Profesor,20000.0,59000.0
6666,Mujer,41,Capricornio,Físico,27000.0,111000.0
6667,Prefiero no decirlo,41,Leo,Ingeniero,20000.0,99000.0
6668,Hombre,43,Capricornio,Programador,63000.0,94000.0
6669,Hombre,34,Capricornio,Programador,70000.0,166000.0
6670,Mujer,48,Sagitario,Ingeniero,24000.0,56000.0
6671,Hombre,46,Capricornio,Profesor,130000.0,98000.0
6672,Hombre,37,Libra,Profesor,55000.0,109000.0
6673,Mujer,38,Picis,Programador,30000.0,135000.0
6674,Hombre,40,Tauro,Profesor,59000.0,228000.0
6675,Hombre,47,Escorpio,Programador,60000.0,132000.0
6676,Hombre,38,Escorpio,Físico,66000.0,108000.0
6677,Hombre,38,Libra,Programador,67000.0,160000.0
6678,Hombre,40,Leo,Programador,59000.0,85000.0
6679,Mujer,34,Géminis,Físico,31000.0,85000.0
6680,Hombre,41,Picis,Profesor,55000.0,89000.0
6681,Mujer,40,Aries,Programador,25000.0,80000.0
6682,Hombre,34,Acuario,Maestro,62000.0,209000.0
6683,Hombre,41,Capricornio,Ingeniero,77000.0,153000.0
6684,Hombre,34,Géminis,Programador,58000.0,118000.0
6685,Mujer,39,Capricornio,Ingeniero,23000.0,61000.0
6686,Hombre,42,Géminis,Matemático,71000.0,159000.0
6687,Hombre,44,Virgo,Programador,73000.0,139000.0
6688,Hombre,41,Tauro,Ingeniero,67000.0,112000.0
6689,Hombre,37,Leo,Programador,75000.0,184000.0
6690,Prefiero no decirlo,37,Virgo,Programador,43000.0,85000.0
6691,Hombre,33,Picis,Programador,77000.0,140000.0
6692,Mujer,45,Capricornio,Ingeniero,32000.0,142000.0
6693,Hombre,34,Acuario,Ingeniero,75000.0,149000.0
6694,Hombre,34,Leo,Programador,118000.0,142000.0
6695,Mujer,36,Picis,Contador,18000.0,76000.0
6696,Hombre,43,Aries,Profesor,100000.0,183000.0
6697,Hombre,41,Virgo,Ingeniero,106000.0,121000.0
6698,Mujer,42,Acuario,Programador,27000.0,77000.0
6699,Hombre,46,Capricornio,Maestro,77000.0,101000.0
6700,Hombre,38,Aries,Físico,79000.0,189000.0
6701,Mujer,36,Cáncer,Ingeniero,21000.0,104000.0
6702,Hombre,47,Leo,Profesor,66000.0,91000.0
6703,Mujer,34,Leo,Programador,23000.0,43000.0
6704,Mujer,37,Picis,Profesor,26000.0,62000.0
6705,Hombre,39,Picis,Profesor,52000.0,122000.0
6706,Hombre,37,Libra,Matemático,86000.0,132000.0
6707,Hombre,45,Escorpio,Programador,73000.0,145000.0
6708,Mujer,37,Leo,Maestro,27000.0,68000.0
6709,Mujer,40,Acuario,Ingeniero,26000.0,54000.0
6710,Hombre,39,Aries,Estudiante,93000.0,103000.0
6711,Mujer,39,Géminis,Ingeniero,19000.0,124000.0
6712,Mujer,45,Sagitario,Economista,21000.0,79000.0
6713,Hombre,40,Acuario,Programador,68000.0,128000.0
6714,Hombre,37,Leo,Programador,63000.0,141000.0
6715,Hombre,35,Virgo,Profesor,110000.0,155000.0
6716,Hombre,42,Cáncer,Físico,78000.0,134000.0
6717,Otro,41,Leo,Ingeniero,22000.0,90000.0
6718,Mujer,37,Sagitario,Programador,30000.0,78000.0
6719,Mujer,32,Libra,Economista,17000.0,131000.0
6720,Hombre,44,Géminis,Estudiante,68000.0,163000.0
6721,Mujer,33,Sagitario,Estudiante,24000.0,39000.0
6722,Mujer,41,Sagitario,Profesor,37000.0,97000.0
6723,Prefiero no decirlo,46,Libra,Profesor,20000.0,72000.0
6724,Mujer,36,Capricornio,Programador,21000.0,49000.0
6725,Mujer,37,Aries,Ingeniero,15000.0,53000.0
6726,Hombre,40,Cáncer,Programador,67000.0,119000.0
6727,Mujer,39,Picis,Programador,28000.0,107000.0
6728,Mujer,45,Tauro,Ingeniero,30000.0,74000.0
6729,Hombre,32,Tauro,Ingeniero,55000.0,153000.0
6730,Hombre,44,Libra,Programador,84000.0,87000.0
6731,Mujer,46,Capricornio,Profesor,23000.0,103000.0
6732,Hombre,44,Escorpio,Programador,76000.0,165000.0
6733,Hombre,36,Escorpio,Programador,67000.0,91000.0
6734,Mujer,35,Capricornio,Profesor,28000.0,77000.0
6735,Hombre,35,Sagitario,Profesor,78000.0,136000.0
6736,Hombre,46,Géminis,Profesor,59000.0,138000.0
6737,Mujer,32,Libra,Profesor,24000.0,75000.0
6738,Mujer,43,Aries,Ingeniero,24000.0,61000.0
6739,Mujer,40,Géminis,Ingeniero,33000.0,45000.0
6740,Mujer,43,Leo,Programador,20000.0,102000.0
6741,Mujer,36,Tauro,Ingeniero,26000.0,64000.0
6742,Mujer,41,Aries,Economista,23000.0,61000.0
6743,Hombre,35,Picis,Contador,62000.0,110000.0
6744,Mujer,28,Libra,Profesor,34000.0,65000.0
6745,Hombre,37,Aries,Estudiante,74000.0,115000.0
6746,Mujer,38,Acuario,Profesor,40000.0,58000.0
6747,Hombre,38,Sagitario,Estudiante,68000.0,146000.0
6748,Hombre,48,Leo,Programador,38000.0,125000.0
6749,Hombre,45,Leo,Programador,66000.0,105000.0
6750,Hombre,46,Virgo,Ingeniero,55000.0,140000.0
6751,Hombre,32,Picis,Programador,70000.0,111000.0
6752,Hombre,42,Tauro,Economista,54000.0,99000.0
6753,Mujer,43,Géminis,Programador,28000.0,85000.0
6754,Hombre,46,Cáncer,Programador,92000.0,202000.0
6755,Hombre,51,Géminis,Programador,66000.0,158000.0
6756,Hombre,33,Virgo,Ingeniero,81000.0,150000.0
6757,Hombre,39,Tauro,Ingeniero,82000.0,125000.0
6758,Hombre,42,Sagitario,Profesor,73000.0,125000.0
6759,Mujer,39,Tauro,Contador,20000.0,92000.0
6760,Otro,30,Cáncer,Ingeniero,18000.0,62000.0
6761,Mujer,39,Libra,Profesor,15000.0,51000.0
6762,Hombre,45,Géminis,Maestro,100000.0,126000.0
6763,Hombre,36,Libra,Programador,66000.0,109000.0
6764,Hombre,47,Tauro,Ingeniero,61000.0,139000.0
6765,Hombre,37,Acuario,Ingeniero,92000.0,162000.0
6766,Hombre,42,Sagitario,Profesor,78000.0,160000.0
6767,Hombre,46,Tauro,Programador,78000.0,169000.0
6768,Hombre,43,Sagitario,Programador,80000.0,99000.0
6769,Hombre,40,Escorpio,Ingeniero,56000.0,140000.0
6770,Hombre,41,Libra,Ingeniero,47000.0,173000.0
6771,Hombre,39,Libra,Programador,90000.0,107000.0
6772,Hombre,38,Picis,Ingeniero,60000.0,162000.0
6773,Otro,40,Acuario,Ingeniero,39000.0,88000.0
6774,Mujer,45,Libra,Programador,35000.0,65000.0
6775,Prefiero no decirlo,37,Cáncer,Matemático,27000.0,81000.0
6776,Mujer,41,Escorpio,Ingeniero,34000.0,58000.0
6777,Mujer,39,Capricornio,Ingeniero,33000.0,114000.0
6778,Hombre,43,Tauro,Programador,75000.0,176000.0
6779,Hombre,41,Escorpio,Profesor,88000.0,105000.0
6780,Prefiero no decirlo,44,Géminis,Economista,20000.0,75000.0
6781,Hombre,35,Leo,Programador,68000.0,142000.0
6782,Hombre,33,Cáncer,Estudiante,79000.0,110000.0
6783,Hombre,46,Virgo,Programador,60000.0,161000.0
6784,Hombre,38,Escorpio,Ingeniero,66000.0,129000.0
6785,Hombre,39,Libra,Programador,77000.0,121000.0
6786,Hombre,40,Libra,Programador,89000.0,143000.0
6787,Hombre,39,Aries,Ingeniero,77000.0,127000.0
6788,Hombre,46,Escorpio,Físico,56000.0,198000.0
6789,Mujer,33,Tauro,Programador,25000.0,63000.0
6790,Mujer,48,Picis,Contador,38000.0,40000.0
6791,Mujer,32,Aries,Ingeniero,25000.0,47000.0
6792,Hombre,40,Escorpio,Programador,87000.0,134000.0
6793,Mujer,43,Escorpio,Ingeniero,30000.0,130000.0
6794,Mujer,32,Acuario,Ingeniero,22000.0,58000.0
6795,Hombre,43,Capricornio,Programador,83000.0,179000.0
6796,Hombre,43,Sagitario,Contador,76000.0,146000.0
6797,Mujer,44,Picis,Programador,27000.0,51000.0
6798,Prefiero no decirlo,34,Géminis,Programador,25000.0,85000.0
6799,Hombre,40,Escorpio,Matemático,77000.0,149000.0
6800,Mujer,40,Escorpio,Profesor,23000.0,107000.0
6801,Mujer,37,Aries,Programador,27000.0,57000.0
6802,Hombre,43,Aries,Ingeniero,57000.0,173000.0
6803,Mujer,35,Leo,Programador,28000.0,109000.0
6804,Hombre,36,Capricornio,Profesor,84000.0,160000.0
6805,Mujer,42,Libra,Ingeniero,29000.0,48000.0
6806,Hombre,34,Capricornio,Ingeniero,70000.0,228000.0
6807,Hombre,43,Sagitario,Programador,57000.0,168000.0
6808,Prefiero no decirlo,49,Acuario,Programador,30000.0,83000.0
6809,Mujer,35,Picis,Ingeniero,42000.0,52000.0
6810,Hombre,35,Capricornio,Ingeniero,69000.0,154000.0
6811,Mujer,43,Leo,Profesor,28000.0,73000.0
6812,Hombre,36,Tauro,Programador,73000.0,184000.0
6813,Mujer,39,Géminis,Físico,24000.0,97000.0
6814,Hombre,43,Tauro,Programador,83000.0,106000.0
6815,Hombre,45,Virgo,Profesor,61000.0,179000.0
6816,Hombre,40,Géminis,Programador,57000.0,206000.0
6817,Hombre,48,Libra,Programador,65000.0,98000.0
6818,Hombre,35,Picis,Contador,80000.0,134000.0
6819,Hombre,39,Virgo,Profesor,86000.0,113000.0
6820,Hombre,52,Acuario,Contador,79000.0,122000.0
6821,Mujer,41,Libra,Ingeniero,41000.0,105000.0
6822,Mujer,42,Leo,Economista,19000.0,29000.0
6823,Hombre,38,Géminis,Programador,65000.0,140000.0
6824,Hombre,48,Géminis,Ingeniero,77000.0,117000.0
6825,Mujer,47,Escorpio,Programador,30000.0,47000.0
6826,Mujer,41,Cáncer,Ingeniero,22000.0,99000.0
6827,Prefiero no decirlo,41,Leo,Matemático,38000.0,107000.0
6828,Mujer,43,Escorpio,Profesor,15000.0,109000.0
6829,Mujer,44,Géminis,Economista,52000.0,68000.0
6830,Hombre,46,Acuario,Matemático,70000.0,194000.0
6831,Mujer,42,Sagitario,Economista,24000.0,37000.0
6832,Mujer,48,Escorpio,Matemático,28000.0,72000.0
6833,Hombre,40,Leo,Ingeniero,72000.0,109000.0
6834,Hombre,36,Leo,Programador,74000.0,175000.0
6835,Prefiero no decirlo,37,Sagitario,Programador,29000.0,72000.0
6836,Mujer,40,Libra,Programador,25000.0,72000.0
6837,Hombre,37,Picis,Contador,104000.0,101000.0
6838,Hombre,40,Cáncer,Programador,67000.0,231000.0
6839,Hombre,36,Capricornio,Físico,65000.0,135000.0
6840,Prefiero no decirlo,39,Aries,Profesor,29000.0,62000.0
6841,Mujer,41,Capricornio,Programador,19000.0,77000.0
6842,Mujer,39,Picis,Contador,41000.0,72000.0
6843,Hombre,40,Sagitario,Programador,60000.0,145000.0
6844,Mujer,30,Picis,Programador,24000.0,254000.0
6845,Hombre,36,Géminis,Contador,43000.0,135000.0
6846,Hombre,46,Capricornio,Maestro,68000.0,159000.0
6847,Hombre,41,Géminis,Maestro,100000.0,123000.0
6848,Mujer,35,Leo,Estudiante,17000.0,138000.0
6849,Mujer,44,Capricornio,Programador,23000.0,70000.0
6850,Hombre,36,Tauro,Ingeniero,65000.0,117000.0
6851,Hombre,37,Tauro,Economista,73000.0,90000.0
6852,Mujer,44,Picis,Ingeniero,20000.0,86000.0
6853,Hombre,39,Aries,Programador,73000.0,128000.0
6854,Hombre,36,Géminis,Programador,89000.0,146000.0
6855,Hombre,35,Escorpio,Contador,75000.0,181000.0
6856,Hombre,39,Cáncer,Físico,55000.0,117000.0
6857,Mujer,41,Virgo,Ingeniero,27000.0,69000.0
6858,Mujer,39,Acuario,Ingeniero,18000.0,81000.0
6859,Hombre,36,Libra,Ingeniero,67000.0,157000.0
6860,Hombre,44,Sagitario,Programador,95000.0,121000.0
6861,Mujer,40,Escorpio,Matemático,28000.0,56000.0
6862,Mujer,35,Tauro,Ingeniero,24000.0,89000.0
6863,Hombre,34,Géminis,Programador,101000.0,119000.0
6864,Hombre,29,Acuario,Programador,76000.0,138000.0
6865,Hombre,42,Picis,Programador,78000.0,150000.0
6866,Hombre,38,Tauro,Físico,93000.0,140000.0
6867,Hombre,35,Escorpio,Programador,99000.0,116000.0
6868,Mujer,43,Virgo,Profesor,44000.0,61000.0
6869,Hombre,31,Cáncer,Profesor,106000.0,133000.0
6870,Mujer,42,Capricornio,Profesor,32000.0,52000.0
6871,Mujer,32,Virgo,Programador,31000.0,73000.0
6872,Hombre,37,Escorpio,Matemático,83000.0,72000.0
6873,Mujer,33,Leo,Matemático,24000.0,113000.0
6874,Mujer,46,Sagitario,Ingeniero,31000.0,61000.0
6875,Hombre,38,Virgo,Contador,50000.0,172000.0
6876,Otro,44,Picis,Programador,28000.0,127000.0
6877,Hombre,37,Escorpio,Ingeniero,75000.0,128000.0
6878,Mujer,44,Leo,Físico,19000.0,87000.0
6879,Hombre,41,Escorpio,Contador,90000.0,206000.0
6880,Hombre,41,Virgo,Maestro,86000.0,92000.0
6881,Mujer,35,Géminis,Ingeniero,24000.0,47000.0
6882,Hombre,43,Virgo,Ingeniero,101000.0,114000.0
6883,Hombre,37,Virgo,Profesor,64000.0,145000.0
6884,Hombre,37,Aries,Ingeniero,81000.0,109000.0
6885,Prefiero no decirlo,46,Escorpio,Contador,24000.0,97000.0
6886,Prefiero no decirlo,30,Tauro,Ingeniero,27000.0,65000.0
6887,Mujer,45,Capricornio,Físico,24000.0,78000.0
6888,Hombre,37,Capricornio,Programador,56000.0,145000.0
6889,Hombre,44,Leo,Programador,67000.0,119000.0
6890,Hombre,44,Capricornio,Ingeniero,77000.0,108000.0
6891,Prefiero no decirlo,48,Géminis,Ingeniero,20000.0,104000.0
6892,Hombre,39,Sagitario,Ingeniero,76000.0,134000.0
6893,Hombre,40,Escorpio,Profesor,90000.0,131000.0
6894,Hombre,36,Capricornio,Ingeniero,58000.0,227000.0
6895,Hombre,43,Acuario,Ingeniero,69000.0,232000.0
6896,Hombre,33,Capricornio,Físico,79000.0,171000.0
6897,Hombre,44,Virgo,Profesor,66000.0,125000.0
6898,Hombre,40,Sagitario,Programador,76000.0,120000.0
6899,Hombre,36,Picis,Físico,85000.0,139000.0
6900,Mujer,36,Sagitario,Físico,18000.0,59000.0
6901,Hombre,40,Aries,Programador,73000.0,101000.0
6902,Hombre,42,Picis,Programador,78000.0,144000.0
6903,Hombre,43,Libra,Programador,79000.0,120000.0
6904,Hombre,35,Géminis,Programador,76000.0,112000.0
6905,Hombre,28,Libra,Profesor,56000.0,116000.0
6906,Mujer,39,Géminis,Estudiante,25000.0,55000.0
6907,Hombre,36,Acuario,Profesor,67000.0,85000.0
6908,Hombre,48,Sagitario,Ingeniero,62000.0,148000.0
6909,Hombre,37,Acuario,Estudiante,104000.0,128000.0
6910,Otro,45,Cáncer,Ingeniero,35000.0,87000.0
6911,Hombre,36,Acuario,Ingeniero,93000.0,165000.0
6912,Hombre,44,Acuario,Ingeniero,37000.0,134000.0
6913,Hombre,33,Géminis,Físico,44000.0,88000.0
6914,Mujer,36,Picis,Profesor,57000.0,47000.0
6915,Hombre,34,Leo,Programador,61000.0,160000.0
6916,Mujer,38,Leo,Físico,20000.0,61000.0
6917,Hombre,28,Escorpio,Profesor,69000.0,182000.0
6918,Mujer,30,Escorpio,Estudiante,31000.0,83000.0
6919,Mujer,35,Picis,Físico,30000.0,67000.0
6920,Prefiero no decirlo,40,Aries,Programador,33000.0,75000.0
6921,Hombre,40,Picis,Contador,65000.0,189000.0
6922,Hombre,34,Libra,Programador,67000.0,79000.0
6923,Hombre,47,Leo,Ingeniero,66000.0,103000.0
6924,Hombre,43,Aries,Programador,53000.0,144000.0
6925,Hombre,48,Tauro,Ingeniero,61000.0,108000.0
6926,Mujer,39,Escorpio,Ingeniero,21000.0,45000.0
6927,Hombre,32,Capricornio,Profesor,52000.0,99000.0
6928,Mujer,35,Cáncer,Ingeniero,54000.0,99000.0
6929,Hombre,28,Tauro,Ingeniero,75000.0,80000.0
6930,Mujer,39,Libra,Ingeniero,21000.0,47000.0
6931,Mujer,37,Acuario,Ingeniero,29000.0,70000.0
6932,Mujer,40,Géminis,Contador,38000.0,61000.0
6933,Hombre,38,Capricornio,Físico,69000.0,148000.0
6934,Mujer,40,Sagitario,Ingeniero,30000.0,101000.0
6935,Hombre,41,Libra,Programador,88000.0,221000.0
6936,Mujer,45,Sagitario,Programador,29000.0,88000.0
6937,Mujer,42,Géminis,Ingeniero,28000.0,66000.0
6938,Hombre,28,Acuario,Ingeniero,71000.0,116000.0
6939,Mujer,39,Aries,Ingeniero,27000.0,85000.0
6940,Hombre,40,Capricornio,Programador,81000.0,147000.0
6941,Mujer,38,Cáncer,Ingeniero,26000.0,102000.0
6942,Hombre,38,Géminis,Programador,78000.0,136000.0
6943,Hombre,46,Capricornio,Profesor,60000.0,167000.0
6944,Mujer,34,Tauro,Estudiante,35000.0,119000.0
6945,Hombre,34,Cáncer,Físico,48000.0,115000.0
6946,Hombre,38,Sagitario,Programador,78000.0,164000.0
6947,Hombre,36,Cáncer,Programador,50000.0,192000.0
6948,Mujer,37,Géminis,Profesor,34000.0,75000.0
6949,Mujer,48,Cáncer,Estudiante,36000.0,66000.0
6950,Hombre,37,Géminis,Programador,64000.0,119000.0
6951,Mujer,37,Acuario,Programador,23000.0,125000.0
6952,Mujer,36,Virgo,Ingeniero,28000.0,53000.0
6953,Mujer,44,Géminis,Programador,32000.0,64000.0
6954,Mujer,43,Capricornio,Físico,18000.0,91000.0
6955,Mujer,43,Escorpio,Profesor,18000.0,44000.0
6956,Hombre,42,Libra,Contador,95000.0,162000.0
6957,Hombre,34,Sagitario,Programador,94000.0,95000.0
6958,Hombre,45,Leo,Economista,71000.0,254000.0
6959,Hombre,40,Aries,Profesor,68000.0,109000.0
6960,Mujer,33,Tauro,Físico,28000.0,98000.0
6961,Hombre,44,Escorpio,Programador,65000.0,158000.0
6962,Hombre,35,Tauro,Maestro,61000.0,124000.0
6963,Mujer,34,Tauro,Ingeniero,15000.0,73000.0
6964,Hombre,40,Tauro,Profesor,75000.0,148000.0
6965,Hombre,43,Virgo,Programador,72000.0,103000.0
6966,Mujer,40,Virgo,Programador,15000.0,63000.0
6967,Mujer,35,Aries,Estudiante,15000.0,122000.0
6968,Hombre,44,Cáncer,Físico,85000.0,157000.0
6969,Hombre,36,Cáncer,Programador,88000.0,129000.0
6970,Hombre,39,Géminis,Programador,66000.0,147000.0
6971,Mujer,39,Leo,Programador,30000.0,81000.0
6972,Hombre,34,Cáncer,Programador,104000.0,104000.0
6973,Hombre,48,Picis,Programador,73000.0,208000.0
6974,Mujer,43,Acuario,Programador,34000.0,80000.0
6975,Hombre,48,Libra,Matemático,60000.0,126000.0
6976,Hombre,33,Picis,Profesor,86000.0,113000.0
6977,Hombre,40,Picis,Programador,82000.0,104000.0
6978,Hombre,46,Virgo,Ingeniero,92000.0,125000.0
6979,Hombre,36,Cáncer,Programador,68000.0,124000.0
6980,Hombre,37,Virgo,Maestro,49000.0,141000.0
6981,Mujer,32,Cáncer,Programador,15000.0,38000.0
6982,Mujer,32,Leo,Programador,33000.0,62000.0
6983,Mujer,39,Leo,Programador,24000.0,79000.0
6984,Prefiero no decirlo,41,Cáncer,Matemático,25000.0,79000.0
6985,Mujer,42,Picis,Programador,23000.0,57000.0
6986,Hombre,38,Libra,Estudiante,92000.0,120000.0
6987,Hombre,33,Libra,Ingeniero,57000.0,156000.0
6988,Hombre,40,Escorpio,Ingeniero,89000.0,107000.0
6989,Otro,43,Virgo,Programador,33000.0,71000.0
6990,Prefiero no decirlo,44,Picis,Programador,27000.0,79000.0
6991,Hombre,37,Cáncer,Profesor,82000.0,103000.0
6992,Mujer,43,Géminis,Programador,51000.0,98000.0
6993,Hombre,40,Acuario,Programador,78000.0,176000.0
6994,Hombre,32,Picis,Programador,75000.0,157000.0
6995,Hombre,41,Virgo,Profesor,77000.0,175000.0
6996,Mujer,43,Escorpio,Físico,27000.0,92000.0
6997,Hombre,51,Cáncer,Programador,60000.0,171000.0
6998,Hombre,37,Virgo,Contador,80000.0,139000.0
6999,Hombre,47,Virgo,Programador,42000.0,108000.0
7000,Hombre,39,Aries,Programador,78000.0,153000.0
7001,Hombre,41,Sagitario,Profesor,71000.0,142000.0
7002,Hombre,48,Picis,Ingeniero,70000.0,92000.0
7003,Hombre,38,Acuario,Ingeniero,57000.0,146000.0
7004,Mujer,36,Sagitario,Ingeniero,20000.0,137000.0
7005,Prefiero no decirlo,34,Géminis,Programador,33000.0,97000.0
7006,Mujer,39,Picis,Matemático,16000.0,64000.0
7007,Hombre,35,Virgo,Ingeniero,56000.0,115000.0
7008,Hombre,40,Acuario,Ingeniero,85000.0,95000.0
7009,Hombre,38,Sagitario,Maestro,85000.0,111000.0
7010,Hombre,48,Virgo,Profesor,59000.0,151000.0
7011,Mujer,49,Géminis,Programador,29000.0,80000.0
7012,Hombre,48,Acuario,Ingeniero,56000.0,136000.0
7013,Mujer,38,Sagitario,Programador,27000.0,74000.0
7014,Hombre,47,Escorpio,Programador,59000.0,133000.0
7015,Mujer,35,Cáncer,Profesor,20000.0,47000.0
7016,Mujer,32,Tauro,Programador,29000.0,67000.0
7017,Hombre,33,Libra,Economista,52000.0,105000.0
7018,Mujer,44,Capricornio,Profesor,28000.0,65000.0
7019,Hombre,48,Acuario,Maestro,62000.0,137000.0
7020,Mujer,44,Virgo,Físico,21000.0,55000.0
7021,Hombre,42,Picis,Profesor,71000.0,172000.0
7022,Prefiero no decirlo,40,Virgo,Profesor,28000.0,116000.0
7023,Mujer,37,Virgo,Ingeniero,35000.0,41000.0
7024,Hombre,37,Leo,Ingeniero,87000.0,83000.0
7025,Hombre,37,Acuario,Contador,49000.0,84000.0
7026,Mujer,43,Leo,Programador,37000.0,65000.0
7027,Hombre,36,Leo,Programador,97000.0,203000.0
7028,Hombre,39,Picis,Ingeniero,91000.0,195000.0
7029,Hombre,48,Géminis,Profesor,61000.0,95000.0
7030,Mujer,37,Géminis,Profesor,29000.0,70000.0
7031,Hombre,40,Virgo,Programador,59000.0,138000.0
7032,Mujer,42,Leo,Ingeniero,24000.0,77000.0
7033,Hombre,42,Virgo,Ingeniero,106000.0,100000.0
7034,Hombre,39,Virgo,Programador,83000.0,96000.0
7035,Mujer,38,Capricornio,Ingeniero,44000.0,36000.0
7036,Mujer,44,Géminis,Profesor,21000.0,56000.0
7037,Mujer,38,Sagitario,Ingeniero,28000.0,47000.0
7038,Hombre,44,Tauro,Profesor,65000.0,139000.0
7039,Hombre,42,Cáncer,Profesor,72000.0,111000.0
7040,Mujer,41,Tauro,Programador,32000.0,52000.0
7041,Hombre,34,Aries,Matemático,79000.0,201000.0
7042,Mujer,34,Libra,Ingeniero,13000.0,89000.0
7043,Mujer,34,Escorpio,Ingeniero,17000.0,93000.0
7044,Mujer,39,Escorpio,Matemático,27000.0,125000.0
7045,Hombre,43,Leo,Maestro,88000.0,92000.0
7046,Hombre,45,Sagitario,Programador,55000.0,128000.0
7047,Hombre,39,Acuario,Programador,74000.0,136000.0
7048,Hombre,41,Leo,Programador,66000.0,127000.0
7049,Mujer,37,Escorpio,Economista,20000.0,75000.0
7050,Mujer,36,Picis,Programador,22000.0,91000.0
7051,Hombre,32,Acuario,Profesor,67000.0,137000.0
7052,Mujer,37,Géminis,Programador,35000.0,101000.0
7053,Hombre,44,Géminis,Programador,59000.0,134000.0
7054,Mujer,42,Cáncer,Estudiante,28000.0,144000.0
7055,Mujer,42,Libra,Físico,52000.0,106000.0
7056,Hombre,43,Acuario,Ingeniero,93000.0,173000.0
7057,Mujer,41,Cáncer,Programador,31000.0,38000.0
7058,Hombre,45,Acuario,Programador,71000.0,151000.0
7059,Hombre,42,Libra,Ingeniero,79000.0,107000.0
7060,Hombre,42,Picis,Ingeniero,52000.0,198000.0
7061,Mujer,36,Acuario,Ingeniero,33000.0,67000.0
7062,Hombre,36,Leo,Estudiante,84000.0,117000.0
7063,Hombre,33,Escorpio,Maestro,83000.0,182000.0
7064,Hombre,44,Leo,Programador,53000.0,89000.0
7065,Hombre,43,Capricornio,Programador,82000.0,80000.0
7066,Hombre,43,Acuario,Programador,65000.0,179000.0
7067,Hombre,38,Libra,Programador,59000.0,175000.0
7068,Hombre,38,Aries,Maestro,93000.0,93000.0
7069,Hombre,44,Cáncer,Economista,84000.0,169000.0
7070,Hombre,40,Escorpio,Programador,79000.0,124000.0
7071,Hombre,44,Leo,Ingeniero,85000.0,112000.0
7072,Hombre,42,Acuario,Programador,83000.0,109000.0
7073,Hombre,41,Capricornio,Programador,51000.0,176000.0
7074,Hombre,34,Leo,Estudiante,81000.0,120000.0
7075,Hombre,40,Escorpio,Profesor,77000.0,75000.0
7076,Hombre,40,Virgo,Programador,63000.0,118000.0
7077,Hombre,47,Escorpio,Profesor,68000.0,95000.0
7078,Hombre,40,Sagitario,Contador,94000.0,141000.0
7079,Hombre,44,Géminis,Físico,76000.0,217000.0
7080,Prefiero no decirlo,38,Aries,Programador,40000.0,77000.0
7081,Mujer,29,Leo,Programador,48000.0,38000.0
7082,Mujer,38,Libra,Matemático,19000.0,71000.0
7083,Mujer,44,Sagitario,Maestro,28000.0,72000.0
7084,Hombre,35,Acuario,Físico,73000.0,107000.0
7085,Mujer,40,Capricornio,Ingeniero,45000.0,59000.0
7086,Hombre,40,Sagitario,Ingeniero,87000.0,108000.0
7087,Mujer,44,Libra,Estudiante,28000.0,144000.0
7088,Mujer,41,Virgo,Profesor,22000.0,70000.0
7089,Mujer,32,Cáncer,Profesor,27000.0,59000.0
7090,Hombre,33,Aries,Programador,74000.0,128000.0
7091,Mujer,44,Acuario,Programador,36000.0,87000.0
7092,Hombre,36,Aries,Maestro,63000.0,141000.0
7093,Mujer,39,Tauro,Ingeniero,24000.0,117000.0
7094,Hombre,42,Virgo,Contador,80000.0,134000.0
7095,Hombre,47,Leo,Profesor,72000.0,196000.0
7096,Hombre,45,Aries,Economista,49000.0,94000.0
7097,Mujer,46,Leo,Programador,33000.0,75000.0
7098,Mujer,31,Leo,Programador,26000.0,106000.0
7099,Hombre,39,Cáncer,Ingeniero,92000.0,138000.0
7100,Hombre,34,Géminis,Programador,78000.0,131000.0
7101,Mujer,39,Tauro,Físico,29000.0,40000.0
7102,Mujer,41,Aries,Matemático,40000.0,45000.0
7103,Mujer,42,Géminis,Profesor,27000.0,134000.0
7104,Mujer,42,Capricornio,Economista,11000.0,65000.0
7105,Mujer,47,Escorpio,Programador,26000.0,73000.0
7106,Hombre,42,Libra,Programador,71000.0,154000.0
7107,Mujer,38,Acuario,Maestro,27000.0,73000.0
7108,Hombre,44,Escorpio,Contador,97000.0,108000.0
7109,Hombre,34,Acuario,Profesor,58000.0,176000.0
7110,Mujer,38,Géminis,Ingeniero,29000.0,61000.0
7111,Prefiero no decirlo,49,Picis,Programador,33000.0,96000.0
7112,Hombre,46,Escorpio,Matemático,69000.0,146000.0
7113,Mujer,36,Aries,Programador,42000.0,97000.0
7114,Mujer,51,Leo,Economista,38000.0,78000.0
7115,Mujer,36,Capricornio,Contador,22000.0,74000.0
7116,Hombre,43,Géminis,Ingeniero,78000.0,133000.0
7117,Mujer,49,Virgo,Programador,37000.0,71000.0
7118,Hombre,38,Leo,Programador,79000.0,163000.0
7119,Mujer,27,Picis,Ingeniero,30000.0,82000.0
7120,Mujer,43,Aries,Ingeniero,19000.0,38000.0
7121,Hombre,31,Capricornio,Economista,89000.0,134000.0
7122,Hombre,35,Capricornio,Maestro,72000.0,110000.0
7123,Mujer,38,Sagitario,Programador,23000.0,59000.0
7124,Hombre,40,Leo,Programador,48000.0,107000.0
7125,Hombre,35,Virgo,Maestro,84000.0,157000.0
7126,Hombre,31,Capricornio,Programador,81000.0,185000.0
7127,Hombre,40,Picis,Ingeniero,78000.0,223000.0
7128,Hombre,45,Virgo,Programador,74000.0,163000.0
7129,Mujer,47,Tauro,Profesor,30000.0,47000.0
7130,Hombre,43,Capricornio,Ingeniero,102000.0,183000.0
7131,Hombre,39,Libra,Programador,60000.0,142000.0
7132,Hombre,33,Picis,Profesor,61000.0,156000.0
7133,Hombre,45,Géminis,Programador,97000.0,139000.0
7134,Hombre,44,Acuario,Programador,87000.0,178000.0
7135,Hombre,44,Picis,Profesor,64000.0,209000.0
7136,Hombre,37,Libra,Ingeniero,71000.0,106000.0
7137,Hombre,36,Cáncer,Contador,71000.0,107000.0
7138,Hombre,44,Escorpio,Programador,58000.0,179000.0
7139,Mujer,44,Cáncer,Economista,25000.0,54000.0
7140,Mujer,44,Picis,Ingeniero,25000.0,80000.0
7141,Hombre,49,Escorpio,Programador,77000.0,151000.0
7142,Hombre,33,Géminis,Programador,88000.0,158000.0
7143,Hombre,40,Virgo,Programador,81000.0,116000.0
7144,Mujer,46,Géminis,Economista,25000.0,128000.0
7145,Hombre,43,Libra,Economista,58000.0,172000.0
7146,Hombre,49,Escorpio,Físico,76000.0,121000.0
7147,Hombre,43,Picis,Programador,84000.0,126000.0
7148,Hombre,37,Aries,Programador,59000.0,110000.0
7149,Hombre,39,Virgo,Profesor,65000.0,199000.0
7150,Hombre,52,Escorpio,Programador,75000.0,174000.0
7151,Mujer,42,Leo,Profesor,25000.0,61000.0
7152,Mujer,38,Tauro,Ingeniero,45000.0,67000.0
7153,Mujer,42,Virgo,Programador,20000.0,53000.0
7154,Prefiero no decirlo,42,Libra,Programador,42000.0,78000.0
7155,Mujer,46,Sagitario,Profesor,19000.0,63000.0
7156,Hombre,34,Virgo,Programador,64000.0,121000.0
7157,Hombre,37,Cáncer,Matemático,67000.0,125000.0
7158,Mujer,40,Cáncer,Profesor,34000.0,48000.0
7159,Mujer,36,Libra,Profesor,22000.0,84000.0
7160,Hombre,44,Sagitario,Profesor,107000.0,146000.0
7161,Hombre,36,Cáncer,Programador,66000.0,158000.0
7162,Hombre,35,Libra,Físico,89000.0,111000.0
7163,Mujer,36,Tauro,Ingeniero,23000.0,78000.0
7164,Mujer,49,Libra,Economista,30000.0,104000.0
7165,Hombre,45,Tauro,Programador,52000.0,146000.0
7166,Mujer,42,Géminis,Profesor,28000.0,104000.0
7167,Mujer,41,Cáncer,Profesor,33000.0,87000.0
7168,Mujer,32,Virgo,Profesor,24000.0,63000.0
7169,Hombre,24,Virgo,Profesor,85000.0,127000.0
7170,Hombre,32,Libra,Programador,56000.0,104000.0
7171,Hombre,37,Cáncer,Programador,84000.0,117000.0
7172,Hombre,32,Libra,Programador,76000.0,148000.0
7173,Hombre,38,Aries,Profesor,85000.0,121000.0
7174,Hombre,39,Virgo,Estudiante,70000.0,134000.0
7175,Otro,38,Aries,Estudiante,33000.0,66000.0
7176,Mujer,42,Cáncer,Programador,23000.0,71000.0
7177,Mujer,40,Acuario,Contador,29000.0,62000.0
7178,Hombre,32,Aries,Economista,74000.0,132000.0
7179,Mujer,28,Acuario,Programador,40000.0,33000.0
7180,Prefiero no decirlo,43,Virgo,Profesor,27000.0,102000.0
7181,Mujer,44,Escorpio,Estudiante,19000.0,90000.0
7182,Mujer,36,Géminis,Matemático,30000.0,101000.0
7183,Hombre,43,Virgo,Maestro,67000.0,150000.0
7184,Hombre,49,Leo,Programador,54000.0,99000.0
7185,Mujer,50,Sagitario,Economista,23000.0,54000.0
7186,Hombre,46,Capricornio,Ingeniero,70000.0,137000.0
7187,Mujer,41,Leo,Economista,23000.0,71000.0
7188,Mujer,33,Virgo,Maestro,35000.0,55000.0
7189,Hombre,37,Tauro,Físico,67000.0,165000.0
7190,Mujer,33,Escorpio,Programador,20000.0,62000.0
7191,Hombre,39,Tauro,Profesor,61000.0,150000.0
7192,Hombre,32,Virgo,Estudiante,77000.0,97000.0
7193,Hombre,30,Cáncer,Profesor,50000.0,111000.0
7194,Hombre,42,Libra,Profesor,64000.0,128000.0
7195,Hombre,33,Tauro,Profesor,78000.0,119000.0
7196,Hombre,29,Aries,Ingeniero,50000.0,103000.0
7197,Hombre,31,Escorpio,Físico,90000.0,98000.0
7198,Hombre,35,Capricornio,Ingeniero,65000.0,93000.0
7199,Prefiero no decirlo,43,Acuario,Profesor,20000.0,57000.0
7200,Mujer,41,Aries,Profesor,22000.0,61000.0
7201,Prefiero no decirlo,45,Cáncer,Estudiante,32000.0,56000.0
7202,Hombre,41,Tauro,Programador,57000.0,122000.0
7203,Mujer,46,Tauro,Matemático,42000.0,70000.0
7204,Hombre,30,Libra,Matemático,66000.0,150000.0
7205,Hombre,32,Tauro,Maestro,80000.0,263000.0
7206,Hombre,41,Géminis,Ingeniero,68000.0,147000.0
7207,Hombre,40,Libra,Programador,80000.0,191000.0
7208,Hombre,37,Géminis,Físico,52000.0,205000.0
7209,Hombre,32,Géminis,Ingeniero,71000.0,127000.0
7210,Hombre,41,Leo,Maestro,113000.0,123000.0
7211,Hombre,33,Aries,Programador,73000.0,125000.0
7212,Mujer,36,Sagitario,Programador,39000.0,49000.0
7213,Mujer,34,Sagitario,Programador,29000.0,46000.0
7214,Mujer,37,Picis,Maestro,31000.0,53000.0
7215,Mujer,49,Aries,Matemático,36000.0,76000.0
7216,Hombre,46,Géminis,Profesor,72000.0,185000.0
7217,Hombre,38,Tauro,Programador,56000.0,117000.0
7218,Hombre,41,Picis,Programador,55000.0,116000.0
7219,Mujer,43,Aries,Ingeniero,27000.0,122000.0
7220,Hombre,35,Virgo,Programador,53000.0,131000.0
7221,Hombre,44,Capricornio,Programador,70000.0,93000.0
7222,Hombre,33,Acuario,Programador,82000.0,150000.0
7223,Hombre,41,Capricornio,Ingeniero,70000.0,187000.0
7224,Mujer,43,Capricornio,Maestro,18000.0,75000.0
7225,Hombre,42,Aries,Físico,87000.0,151000.0
7226,Hombre,50,Cáncer,Físico,87000.0,116000.0
7227,Mujer,42,Sagitario,Contador,29000.0,83000.0
7228,Mujer,42,Sagitario,Economista,22000.0,111000.0
7229,Hombre,45,Libra,Maestro,68000.0,143000.0
7230,Hombre,36,Leo,Ingeniero,50000.0,112000.0
7231,Mujer,44,Libra,Profesor,37000.0,47000.0
7232,Hombre,45,Leo,Estudiante,80000.0,144000.0
7233,Hombre,37,Aries,Profesor,61000.0,115000.0
7234,Hombre,34,Aries,Programador,74000.0,155000.0
7235,Hombre,42,Libra,Ingeniero,70000.0,137000.0
7236,Hombre,47,Picis,Estudiante,78000.0,137000.0
7237,Hombre,41,Escorpio,Ingeniero,90000.0,108000.0
7238,Hombre,33,Tauro,Programador,73000.0,110000.0
7239,Hombre,42,Escorpio,Profesor,84000.0,100000.0
7240,Mujer,37,Picis,Programador,21000.0,63000.0
7241,Hombre,43,Acuario,Programador,58000.0,133000.0
7242,Hombre,53,Géminis,Ingeniero,66000.0,135000.0
7243,Hombre,48,Géminis,Programador,67000.0,136000.0
7244,Mujer,46,Cáncer,Programador,30000.0,69000.0
7245,Hombre,41,Géminis,Programador,74000.0,116000.0
7246,Hombre,43,Aries,Economista,84000.0,94000.0
7247,Hombre,38,Acuario,Programador,77000.0,85000.0
7248,Mujer,36,Sagitario,Matemático,35000.0,61000.0
7249,Hombre,44,Virgo,Profesor,66000.0,96000.0
7250,Hombre,37,Sagitario,Programador,79000.0,180000.0
7251,Mujer,43,Géminis,Estudiante,29000.0,68000.0
7252,Mujer,36,Leo,Ingeniero,20000.0,99000.0
7253,Prefiero no decirlo,43,Libra,Programador,52000.0,122000.0
7254,Hombre,38,Virgo,Maestro,56000.0,126000.0
7255,Hombre,33,Libra,Contador,60000.0,158000.0
7256,Hombre,38,Tauro,Programador,77000.0,79000.0
7257,Hombre,39,Tauro,Ingeniero,78000.0,138000.0
7258,Hombre,48,Tauro,Programador,74000.0,228000.0
7259,Mujer,42,Picis,Estudiante,19000.0,62000.0
7260,Hombre,36,Acuario,Programador,58000.0,105000.0
7261,Hombre,37,Acuario,Ingeniero,100000.0,179000.0
7262,Hombre,40,Géminis,Programador,76000.0,108000.0
7263,Mujer,36,Acuario,Profesor,30000.0,89000.0
7264,Prefiero no decirlo,42,Aries,Programador,28000.0,52000.0
7265,Mujer,35,Leo,Profesor,21000.0,150000.0
7266,Mujer,41,Aries,Programador,21000.0,67000.0
7267,Hombre,39,Libra,Programador,72000.0,132000.0
7268,Mujer,40,Escorpio,Profesor,21000.0,56000.0
7269,Hombre,44,Aries,Ingeniero,47000.0,124000.0
7270,Hombre,33,Escorpio,Programador,81000.0,180000.0
7271,Hombre,41,Acuario,Programador,77000.0,145000.0
7272,Hombre,40,Capricornio,Físico,102000.0,109000.0
7273,Mujer,33,Aries,Profesor,24000.0,48000.0
7274,Hombre,34,Escorpio,Físico,60000.0,165000.0
7275,Hombre,41,Cáncer,Ingeniero,54000.0,112000.0
7276,Hombre,31,Libra,Estudiante,82000.0,110000.0
7277,Hombre,38,Libra,Profesor,81000.0,122000.0
7278,Hombre,41,Sagitario,Profesor,66000.0,198000.0
7279,Hombre,42,Tauro,Ingeniero,106000.0,150000.0
7280,Mujer,28,Libra,Ingeniero,47000.0,80000.0
7281,Mujer,42,Aries,Programador,37000.0,39000.0
7282,Hombre,35,Escorpio,Ingeniero,89000.0,123000.0
7283,Prefiero no decirlo,41,Escorpio,Programador,20000.0,103000.0
7284,Hombre,43,Capricornio,Ingeniero,61000.0,87000.0
7285,Mujer,39,Tauro,Economista,38000.0,59000.0
7286,Hombre,38,Cáncer,Programador,61000.0,215000.0
7287,Mujer,33,Géminis,Físico,23000.0,54000.0
7288,Mujer,49,Cáncer,Programador,36000.0,51000.0
7289,Mujer,40,Leo,Profesor,24000.0,42000.0
7290,Mujer,35,Cáncer,Estudiante,34000.0,60000.0
7291,Hombre,29,Capricornio,Programador,65000.0,100000.0
7292,Hombre,47,Escorpio,Ingeniero,72000.0,199000.0
7293,Hombre,47,Géminis,Programador,65000.0,155000.0
7294,Hombre,36,Picis,Matemático,71000.0,114000.0
7295,Mujer,44,Géminis,Profesor,28000.0,72000.0
7296,Prefiero no decirlo,38,Libra,Físico,25000.0,94000.0
7297,Hombre,36,Tauro,Ingeniero,96000.0,87000.0
7298,Mujer,45,Virgo,Programador,27000.0,45000.0
7299,Hombre,40,Virgo,Programador,67000.0,149000.0
7300,Hombre,41,Acuario,Ingeniero,68000.0,146000.0
7301,Mujer,50,Sagitario,Profesor,31000.0,89000.0
7302,Hombre,32,Libra,Profesor,92000.0,136000.0
7303,Hombre,39,Leo,Ingeniero,75000.0,117000.0
7304,Hombre,40,Virgo,Matemático,90000.0,171000.0
7305,Hombre,33,Virgo,Estudiante,81000.0,111000.0
7306,Otro,39,Acuario,Ingeniero,30000.0,86000.0
7307,Hombre,38,Libra,Ingeniero,71000.0,176000.0
7308,Hombre,41,Capricornio,Ingeniero,74000.0,124000.0
7309,Hombre,30,Virgo,Programador,55000.0,207000.0
7310,Hombre,38,Libra,Profesor,106000.0,186000.0
7311,Mujer,46,Acuario,Programador,33000.0,92000.0
7312,Hombre,40,Escorpio,Estudiante,81000.0,128000.0
7313,Hombre,43,Libra,Programador,67000.0,104000.0
7314,Hombre,45,Escorpio,Profesor,65000.0,102000.0
7315,Mujer,45,Libra,Físico,36000.0,76000.0
7316,Mujer,47,Escorpio,Profesor,27000.0,78000.0
7317,Hombre,42,Leo,Maestro,81000.0,75000.0
7318,Hombre,43,Géminis,Programador,63000.0,142000.0
7319,Hombre,46,Aries,Profesor,53000.0,113000.0
7320,Hombre,42,Acuario,Economista,89000.0,133000.0
7321,Mujer,48,Tauro,Programador,31000.0,113000.0
7322,Hombre,38,Leo,Profesor,76000.0,129000.0
7323,Hombre,45,Leo,Economista,65000.0,109000.0
7324,Hombre,41,Picis,Ingeniero,61000.0,97000.0
7325,Hombre,50,Escorpio,Físico,75000.0,104000.0
7326,Hombre,34,Tauro,Ingeniero,50000.0,196000.0
7327,Hombre,38,Géminis,Economista,71000.0,100000.0
7328,Hombre,41,Cáncer,Programador,69000.0,126000.0
7329,Mujer,37,Cáncer,Físico,33000.0,88000.0
7330,Mujer,40,Tauro,Programador,25000.0,81000.0
7331,Mujer,35,Cáncer,Contador,26000.0,70000.0
7332,Hombre,32,Capricornio,Ingeniero,74000.0,162000.0
7333,Hombre,39,Picis,Profesor,59000.0,97000.0
7334,Hombre,45,Aries,Ingeniero,71000.0,118000.0
7335,Hombre,43,Cáncer,Programador,71000.0,107000.0
7336,Hombre,30,Virgo,Profesor,68000.0,138000.0
7337,Hombre,43,Aries,Programador,65000.0,103000.0
7338,Otro,46,Sagitario,Ingeniero,38000.0,79000.0
7339,Hombre,34,Aries,Programador,75000.0,122000.0
7340,Mujer,45,Leo,Ingeniero,30000.0,78000.0
7341,Hombre,33,Picis,Profesor,83000.0,78000.0
7342,Hombre,45,Picis,Ingeniero,82000.0,102000.0
7343,Hombre,36,Capricornio,Matemático,75000.0,83000.0
7344,Hombre,45,Cáncer,Economista,82000.0,82000.0
7345,Hombre,30,Sagitario,Programador,89000.0,129000.0
7346,Hombre,49,Sagitario,Maestro,77000.0,140000.0
7347,Hombre,41,Cáncer,Ingeniero,73000.0,150000.0
7348,Mujer,44,Leo,Profesor,27000.0,38000.0
7349,Mujer,43,Capricornio,Programador,15000.0,78000.0
7350,Mujer,37,Libra,Ingeniero,42000.0,88000.0
7351,Otro,34,Cáncer,Ingeniero,29000.0,107000.0
7352,Mujer,44,Virgo,Matemático,29000.0,48000.0
7353,Otro,36,Virgo,Físico,27000.0,88000.0
7354,Hombre,37,Aries,Matemático,80000.0,100000.0
7355,Hombre,41,Cáncer,Ingeniero,60000.0,130000.0
7356,Hombre,41,Acuario,Programador,57000.0,149000.0
7357,Hombre,40,Leo,Contador,70000.0,91000.0
7358,Mujer,40,Leo,Profesor,22000.0,54000.0
7359,Hombre,42,Sagitario,Programador,64000.0,114000.0
7360,Hombre,39,Virgo,Programador,69000.0,103000.0
7361,Mujer,39,Leo,Estudiante,33000.0,74000.0
7362,Mujer,55,Libra,Ingeniero,31000.0,74000.0
7363,Hombre,36,Capricornio,Profesor,111000.0,126000.0
7364,Hombre,38,Cáncer,Profesor,63000.0,156000.0
7365,Hombre,33,Escorpio,Estudiante,63000.0,187000.0
7366,Prefiero no decirlo,34,Capricornio,Profesor,29000.0,70000.0
7367,Mujer,38,Libra,Ingeniero,16000.0,92000.0
7368,Hombre,44,Sagitario,Programador,76000.0,133000.0
7369,Mujer,32,Tauro,Programador,12000.0,59000.0
7370,Hombre,37,Escorpio,Programador,76000.0,146000.0
7371,Hombre,39,Acuario,Programador,88000.0,99000.0
7372,Hombre,28,Picis,Profesor,95000.0,130000.0
7373,Hombre,37,Tauro,Contador,75000.0,103000.0
7374,Hombre,42,Virgo,Ingeniero,57000.0,208000.0
7375,Prefiero no decirlo,39,Sagitario,Ingeniero,30000.0,104000.0
7376,Mujer,44,Aries,Matemático,26000.0,66000.0
7377,Hombre,35,Géminis,Maestro,61000.0,155000.0
7378,Mujer,46,Escorpio,Ingeniero,25000.0,88000.0
7379,Hombre,43,Cáncer,Programador,66000.0,162000.0
7380,Mujer,32,Sagitario,Maestro,40000.0,94000.0
7381,Mujer,40,Géminis,Programador,21000.0,90000.0
7382,Hombre,44,Sagitario,Ingeniero,55000.0,131000.0
7383,Hombre,41,Escorpio,Programador,64000.0,146000.0
7384,Hombre,42,Picis,Estudiante,51000.0,110000.0
7385,Hombre,43,Leo,Ingeniero,67000.0,136000.0
7386,Mujer,39,Virgo,Matemático,47000.0,98000.0
7387,Hombre,37,Libra,Ingeniero,53000.0,148000.0
7388,Hombre,38,Sagitario,Programador,109000.0,167000.0
7389,Mujer,34,Leo,Estudiante,26000.0,108000.0
7390,Hombre,45,Sagitario,Estudiante,81000.0,115000.0
7391,Mujer,37,Libra,Programador,26000.0,64000.0
7392,Hombre,44,Leo,Estudiante,90000.0,128000.0
7393,Hombre,40,Escorpio,Físico,77000.0,107000.0
7394,Hombre,44,Cáncer,Profesor,72000.0,164000.0
7395,Prefiero no decirlo,38,Géminis,Programador,21000.0,60000.0
7396,Hombre,46,Cáncer,Estudiante,113000.0,123000.0
7397,Mujer,39,Géminis,Físico,24000.0,86000.0
7398,Hombre,33,Libra,Profesor,71000.0,92000.0
7399,Hombre,37,Escorpio,Estudiante,78000.0,116000.0
7400,Hombre,43,Leo,Ingeniero,68000.0,143000.0
7401,Mujer,43,Aries,Físico,15000.0,78000.0
7402,Mujer,38,Leo,Contador,24000.0,61000.0
7403,Mujer,32,Leo,Programador,34000.0,88000.0
7404,Mujer,44,Aries,Programador,18000.0,119000.0
7405,Hombre,30,Libra,Programador,83000.0,82000.0
7406,Hombre,36,Virgo,Programador,96000.0,188000.0
7407,Hombre,45,Cáncer,Profesor,59000.0,89000.0
7408,Hombre,46,Acuario,Profesor,85000.0,108000.0
7409,Mujer,37,Aries,Matemático,27000.0,95000.0
7410,Hombre,36,Tauro,Ingeniero,82000.0,105000.0
7411,Hombre,42,Virgo,Matemático,103000.0,123000.0
7412,Mujer,47,Géminis,Ingeniero,23000.0,98000.0
7413,Hombre,38,Aries,Físico,75000.0,116000.0
7414,Hombre,38,Escorpio,Ingeniero,65000.0,161000.0
7415,Hombre,39,Picis,Contador,57000.0,99000.0
7416,Hombre,38,Acuario,Programador,66000.0,168000.0
7417,Mujer,37,Sagitario,Profesor,16000.0,59000.0
7418,Mujer,37,Sagitario,Ingeniero,42000.0,51000.0
7419,Hombre,33,Escorpio,Programador,85000.0,263000.0
7420,Prefiero no decirlo,38,Capricornio,Maestro,24000.0,109000.0
7421,Mujer,30,Géminis,Programador,18000.0,72000.0
7422,Hombre,45,Escorpio,Programador,59000.0,144000.0
7423,Mujer,35,Sagitario,Físico,27000.0,55000.0
7424,Hombre,44,Leo,Profesor,94000.0,121000.0
7425,Hombre,48,Capricornio,Ingeniero,76000.0,142000.0
7426,Hombre,32,Leo,Programador,98000.0,160000.0
7427,Mujer,40,Cáncer,Programador,25000.0,107000.0
7428,Prefiero no decirlo,36,Virgo,Programador,27000.0,81000.0
7429,Hombre,38,Picis,Contador,71000.0,116000.0
7430,Hombre,36,Sagitario,Ingeniero,72000.0,98000.0
7431,Hombre,34,Leo,Físico,63000.0,144000.0
7432,Hombre,41,Acuario,Programador,71000.0,129000.0
7433,Hombre,33,Leo,Profesor,66000.0,161000.0
7434,Mujer,40,Tauro,Programador,28000.0,118000.0
7435,Mujer,34,Virgo,Ingeniero,24000.0,81000.0
7436,Hombre,51,Escorpio,Programador,110000.0,134000.0
7437,Hombre,39,Leo,Programador,76000.0,135000.0
7438,Hombre,45,Leo,Físico,99000.0,100000.0
7439,Mujer,37,Géminis,Programador,23000.0,85000.0
7440,Hombre,39,Libra,Programador,52000.0,150000.0
7441,Hombre,44,Virgo,Ingeniero,82000.0,94000.0
7442,Hombre,32,Leo,Economista,47000.0,176000.0
7443,Hombre,38,Tauro,Profesor,90000.0,141000.0
7444,Hombre,44,Tauro,Profesor,60000.0,132000.0
7445,Hombre,42,Libra,Ingeniero,78000.0,177000.0
7446,Hombre,41,Escorpio,Físico,89000.0,135000.0
7447,Hombre,40,Cáncer,Ingeniero,64000.0,163000.0
7448,Hombre,42,Leo,Programador,77000.0,105000.0
7449,Hombre,38,Géminis,Maestro,97000.0,125000.0
7450,Hombre,43,Cáncer,Ingeniero,95000.0,137000.0
7451,Mujer,36,Sagitario,Ingeniero,27000.0,63000.0
7452,Hombre,39,Leo,Programador,74000.0,132000.0
7453,Mujer,36,Libra,Profesor,38000.0,101000.0
7454,Prefiero no decirlo,35,Acuario,Ingeniero,28000.0,63000.0
7455,Hombre,40,Cáncer,Profesor,70000.0,152000.0
7456,Mujer,36,Escorpio,Maestro,29000.0,77000.0
7457,Mujer,47,Leo,Programador,19000.0,62000.0
7458,Mujer,50,Sagitario,Programador,21000.0,81000.0
7459,Hombre,46,Sagitario,Economista,96000.0,193000.0
7460,Prefiero no decirlo,44,Aries,Profesor,23000.0,123000.0
7461,Mujer,42,Acuario,Programador,33000.0,77000.0
7462,Mujer,42,Picis,Ingeniero,45000.0,88000.0
7463,Mujer,33,Aries,Ingeniero,21000.0,63000.0
7464,Hombre,30,Acuario,Contador,95000.0,111000.0
7465,Mujer,38,Géminis,Programador,24000.0,53000.0
7466,Hombre,38,Virgo,Programador,80000.0,185000.0
7467,Mujer,51,Sagitario,Ingeniero,21000.0,42000.0
7468,Hombre,34,Tauro,Profesor,71000.0,165000.0
7469,Hombre,51,Virgo,Economista,101000.0,143000.0
7470,Hombre,34,Aries,Ingeniero,70000.0,176000.0
7471,Mujer,40,Cáncer,Profesor,32000.0,112000.0
7472,Hombre,31,Tauro,Ingeniero,54000.0,124000.0
7473,Hombre,47,Géminis,Profesor,72000.0,143000.0
7474,Hombre,38,Leo,Programador,56000.0,161000.0
7475,Hombre,33,Géminis,Economista,110000.0,150000.0
7476,Mujer,48,Cáncer,Programador,35000.0,49000.0
7477,Hombre,30,Aries,Ingeniero,75000.0,119000.0
7478,Hombre,43,Capricornio,Programador,61000.0,123000.0
7479,Mujer,35,Escorpio,Programador,19000.0,107000.0
7480,Mujer,42,Leo,Profesor,49000.0,85000.0
7481,Hombre,44,Cáncer,Programador,91000.0,142000.0
7482,Mujer,39,Picis,Programador,23000.0,77000.0
7483,Mujer,45,Escorpio,Ingeniero,18000.0,121000.0
7484,Mujer,39,Picis,Maestro,20000.0,33000.0
7485,Prefiero no decirlo,38,Virgo,Estudiante,28000.0,95000.0
7486,Hombre,33,Escorpio,Maestro,83000.0,140000.0
7487,Hombre,30,Cáncer,Programador,59000.0,116000.0
7488,Hombre,29,Virgo,Programador,52000.0,139000.0
7489,Mujer,42,Tauro,Matemático,19000.0,55000.0
7490,Mujer,37,Virgo,Economista,22000.0,63000.0
7491,Hombre,43,Tauro,Profesor,85000.0,125000.0
7492,Mujer,48,Acuario,Contador,28000.0,43000.0
7493,Hombre,44,Tauro,Programador,84000.0,195000.0
7494,Mujer,33,Leo,Ingeniero,46000.0,78000.0
7495,Hombre,37,Acuario,Programador,81000.0,134000.0
7496,Hombre,37,Escorpio,Programador,109000.0,166000.0
7497,Mujer,45,Leo,Matemático,32000.0,45000.0
7498,Mujer,44,Géminis,Economista,33000.0,122000.0
7499,Hombre,36,Capricornio,Programador,74000.0,149000.0
7500,Hombre,47,Libra,Programador,106000.0,118000.0
7501,Mujer,38,Capricornio,Contador,28000.0,92000.0
7502,Mujer,35,Virgo,Profesor,34000.0,89000.0
7503,Hombre,43,Aries,Programador,69000.0,75000.0
7504,Hombre,33,Picis,Programador,79000.0,83000.0
7505,Hombre,45,Virgo,Economista,102000.0,134000.0
7506,Hombre,52,Leo,Programador,59000.0,96000.0
7507,Hombre,47,Acuario,Programador,55000.0,168000.0
7508,Hombre,38,Tauro,Profesor,99000.0,155000.0
7509,Prefiero no decirlo,45,Capricornio,Programador,25000.0,92000.0
7510,Hombre,46,Capricornio,Programador,70000.0,131000.0
7511,Hombre,42,Géminis,Programador,74000.0,99000.0
7512,Mujer,45,Tauro,Matemático,27000.0,66000.0
7513,Prefiero no decirlo,38,Capricornio,Contador,27000.0,86000.0
7514,Hombre,39,Tauro,Ingeniero,70000.0,134000.0
7515,Mujer,43,Capricornio,Programador,25000.0,75000.0
7516,Prefiero no decirlo,36,Sagitario,Programador,32000.0,70000.0
7517,Hombre,45,Capricornio,Programador,86000.0,199000.0
7518,Hombre,36,Libra,Programador,68000.0,107000.0
7519,Mujer,42,Capricornio,Economista,20000.0,98000.0
7520,Hombre,37,Sagitario,Economista,52000.0,154000.0
7521,Mujer,43,Escorpio,Programador,43000.0,102000.0
7522,Hombre,37,Virgo,Ingeniero,76000.0,162000.0
7523,Mujer,39,Aries,Ingeniero,42000.0,68000.0
7524,Hombre,36,Cáncer,Programador,56000.0,140000.0
7525,Mujer,41,Géminis,Ingeniero,23000.0,78000.0
7526,Hombre,36,Sagitario,Programador,71000.0,141000.0
7527,Otro,48,Capricornio,Estudiante,37000.0,68000.0
7528,Mujer,33,Virgo,Programador,21000.0,77000.0
7529,Mujer,39,Virgo,Programador,36000.0,106000.0
7530,Hombre,37,Libra,Programador,83000.0,139000.0
7531,Prefiero no decirlo,41,Sagitario,Programador,32000.0,50000.0
7532,Hombre,40,Virgo,Profesor,64000.0,157000.0
7533,Hombre,42,Virgo,Ingeniero,113000.0,123000.0
7534,Hombre,42,Acuario,Ingeniero,77000.0,94000.0
7535,Hombre,34,Virgo,Matemático,92000.0,171000.0
7536,Mujer,48,Acuario,Maestro,25000.0,43000.0
7537,Hombre,39,Virgo,Profesor,45000.0,183000.0
7538,Hombre,37,Cáncer,Ingeniero,88000.0,158000.0
7539,Hombre,40,Libra,Programador,63000.0,138000.0
7540,Mujer,47,Cáncer,Ingeniero,34000.0,53000.0
7541,Hombre,35,Sagitario,Economista,82000.0,107000.0
7542,Mujer,40,Aries,Programador,26000.0,53000.0
7543,Hombre,41,Escorpio,Profesor,57000.0,114000.0
7544,Mujer,33,Leo,Programador,24000.0,94000.0
7545,Hombre,35,Capricornio,Matemático,80000.0,161000.0
7546,Hombre,40,Leo,Ingeniero,67000.0,221000.0
7547,Mujer,37,Virgo,Programador,23000.0,100000.0
7548,Hombre,47,Géminis,Físico,78000.0,145000.0
7549,Hombre,33,Acuario,Ingeniero,74000.0,119000.0
7550,Hombre,39,Capricornio,Economista,75000.0,156000.0
7551,Mujer,42,Capricornio,Programador,22000.0,48000.0
7552,Hombre,35,Virgo,Contador,89000.0,117000.0
7553,Hombre,37,Leo,Estudiante,78000.0,176000.0
7554,Hombre,39,Sagitario,Ingeniero,69000.0,128000.0
7555,Mujer,37,Capricornio,Físico,20000.0,109000.0
7556,Hombre,45,Escorpio,Programador,74000.0,155000.0
7557,Mujer,37,Libra,Maestro,33000.0,51000.0
7558,Prefiero no decirlo,41,Picis,Programador,25000.0,79000.0
7559,Hombre,36,Libra,Programador,63000.0,93000.0
7560,Mujer,31,Sagitario,Ingeniero,24000.0,151000.0
7561,Mujer,27,Picis,Programador,49000.0,142000.0
7562,Mujer,41,Sagitario,Programador,36000.0,92000.0
7563,Hombre,40,Acuario,Matemático,70000.0,154000.0
7564,Hombre,43,Leo,Profesor,84000.0,107000.0
7565,Mujer,40,Cáncer,Profesor,20000.0,72000.0
7566,Mujer,46,Capricornio,Programador,14000.0,50000.0
7567,Mujer,36,Picis,Programador,24000.0,108000.0
7568,Hombre,45,Leo,Profesor,94000.0,153000.0
7569,Prefiero no decirlo,31,Sagitario,Profesor,23000.0,100000.0
7570,Hombre,42,Aries,Ingeniero,61000.0,129000.0
7571,Mujer,35,Sagitario,Programador,38000.0,48000.0
7572,Hombre,35,Virgo,Ingeniero,77000.0,110000.0
7573,Hombre,41,Tauro,Maestro,76000.0,123000.0
7574,Hombre,31,Capricornio,Ingeniero,61000.0,131000.0
7575,Hombre,46,Aries,Profesor,66000.0,104000.0
7576,Hombre,47,Picis,Programador,101000.0,118000.0
7577,Mujer,43,Cáncer,Programador,33000.0,52000.0
7578,Mujer,37,Cáncer,Programador,29000.0,77000.0
7579,Hombre,44,Capricornio,Ingeniero,66000.0,91000.0
7580,Mujer,27,Tauro,Profesor,27000.0,49000.0
7581,Mujer,37,Libra,Ingeniero,24000.0,141000.0
7582,Hombre,40,Cáncer,Matemático,66000.0,97000.0
7583,Mujer,41,Sagitario,Profesor,23000.0,101000.0
7584,Hombre,40,Virgo,Físico,80000.0,167000.0
7585,Hombre,38,Tauro,Profesor,53000.0,176000.0
7586,Hombre,34,Acuario,Maestro,49000.0,148000.0
7587,Mujer,44,Picis,Programador,14000.0,122000.0
7588,Mujer,43,Cáncer,Contador,33000.0,41000.0
7589,Hombre,36,Libra,Ingeniero,95000.0,152000.0
7590,Mujer,41,Sagitario,Programador,36000.0,90000.0
7591,Hombre,43,Virgo,Programador,76000.0,144000.0
7592,Hombre,42,Libra,Programador,93000.0,201000.0
7593,Hombre,45,Picis,Físico,69000.0,109000.0
7594,Mujer,35,Tauro,Programador,22000.0,100000.0
7595,Hombre,36,Libra,Programador,105000.0,186000.0
7596,Hombre,37,Géminis,Profesor,91000.0,128000.0
7597,Mujer,47,Aries,Economista,26000.0,138000.0
7598,Mujer,45,Tauro,Ingeniero,19000.0,55000.0
7599,Mujer,33,Sagitario,Profesor,14000.0,52000.0
7600,Hombre,47,Aries,Profesor,67000.0,128000.0
7601,Mujer,32,Libra,Ingeniero,40000.0,40000.0
7602,Hombre,37,Géminis,Programador,108000.0,148000.0
7603,Mujer,36,Sagitario,Profesor,25000.0,75000.0
7604,Hombre,33,Capricornio,Matemático,100000.0,95000.0
7605,Hombre,49,Leo,Físico,48000.0,104000.0
7606,Hombre,35,Leo,Programador,93000.0,146000.0
7607,Mujer,43,Sagitario,Programador,33000.0,54000.0
7608,Mujer,39,Géminis,Programador,39000.0,108000.0
7609,Hombre,35,Géminis,Programador,89000.0,149000.0
7610,Mujer,36,Escorpio,Programador,21000.0,56000.0
7611,Hombre,37,Acuario,Programador,71000.0,186000.0
7612,Mujer,41,Tauro,Programador,22000.0,73000.0
7613,Hombre,43,Leo,Programador,76000.0,109000.0
7614,Hombre,39,Sagitario,Programador,73000.0,125000.0
7615,Mujer,43,Sagitario,Ingeniero,33000.0,39000.0
7616,Hombre,40,Capricornio,Matemático,67000.0,119000.0
7617,Hombre,41,Picis,Ingeniero,74000.0,195000.0
7618,Mujer,34,Sagitario,Ingeniero,57000.0,92000.0
7619,Hombre,47,Acuario,Economista,63000.0,74000.0
7620,Hombre,48,Acuario,Estudiante,73000.0,118000.0
7621,Hombre,35,Picis,Programador,76000.0,111000.0
7622,Hombre,37,Picis,Programador,68000.0,205000.0
7623,Hombre,41,Aries,Programador,71000.0,123000.0
7624,Hombre,41,Libra,Programador,42000.0,147000.0
7625,Prefiero no decirlo,43,Picis,Programador,45000.0,57000.0
7626,Hombre,38,Cáncer,Profesor,97000.0,134000.0
7627,Hombre,45,Cáncer,Contador,96000.0,169000.0
7628,Hombre,38,Escorpio,Profesor,59000.0,148000.0
7629,Hombre,35,Capricornio,Programador,45000.0,167000.0
7630,Hombre,40,Sagitario,Ingeniero,80000.0,131000.0
7631,Mujer,34,Acuario,Programador,24000.0,99000.0
7632,Hombre,33,Virgo,Economista,85000.0,122000.0
7633,Hombre,37,Picis,Ingeniero,88000.0,202000.0
7634,Mujer,40,Virgo,Programador,22000.0,42000.0
7635,Hombre,36,Libra,Ingeniero,87000.0,121000.0
7636,Mujer,40,Géminis,Ingeniero,14000.0,70000.0
7637,Hombre,36,Capricornio,Programador,84000.0,94000.0
7638,Hombre,39,Libra,Ingeniero,83000.0,89000.0
7639,Hombre,41,Cáncer,Profesor,54000.0,170000.0
7640,Hombre,34,Virgo,Estudiante,63000.0,163000.0
7641,Hombre,45,Cáncer,Ingeniero,56000.0,152000.0
7642,Hombre,42,Cáncer,Programador,90000.0,208000.0
7643,Mujer,46,Sagitario,Programador,21000.0,66000.0
7644,Mujer,42,Leo,Programador,16000.0,49000.0
7645,Hombre,44,Libra,Programador,84000.0,102000.0
7646,Hombre,42,Cáncer,Programador,69000.0,105000.0
7647,Hombre,39,Leo,Profesor,82000.0,109000.0
7648,Mujer,39,Escorpio,Programador,37000.0,66000.0
7649,Mujer,36,Sagitario,Profesor,37000.0,38000.0
7650,Hombre,38,Leo,Ingeniero,58000.0,205000.0
7651,Hombre,44,Géminis,Ingeniero,106000.0,152000.0
7652,Hombre,38,Aries,Economista,66000.0,85000.0
7653,Hombre,39,Virgo,Programador,69000.0,172000.0
7654,Hombre,36,Virgo,Programador,69000.0,152000.0
7655,Hombre,47,Leo,Estudiante,98000.0,117000.0
7656,Mujer,39,Capricornio,Matemático,26000.0,53000.0
7657,Hombre,35,Géminis,Contador,62000.0,184000.0
7658,Hombre,46,Géminis,Ingeniero,81000.0,131000.0
7659,Hombre,41,Cáncer,Ingeniero,58000.0,183000.0
7660,Hombre,45,Leo,Matemático,75000.0,193000.0
7661,Mujer,37,Aries,Programador,22000.0,47000.0
7662,Hombre,41,Acuario,Contador,91000.0,120000.0
7663,Mujer,41,Leo,Programador,43000.0,85000.0
7664,Hombre,33,Leo,Programador,84000.0,159000.0
7665,Hombre,44,Virgo,Programador,85000.0,164000.0
7666,Mujer,40,Acuario,Contador,15000.0,91000.0
7667,Mujer,35,Virgo,Profesor,32000.0,80000.0
7668,Hombre,40,Acuario,Programador,75000.0,114000.0
7669,Mujer,38,Libra,Programador,24000.0,128000.0
7670,Mujer,37,Capricornio,Profesor,41000.0,74000.0
7671,Mujer,42,Leo,Profesor,29000.0,49000.0
7672,Hombre,37,Acuario,Programador,95000.0,149000.0
7673,Hombre,44,Géminis,Profesor,77000.0,142000.0
7674,Hombre,38,Virgo,Ingeniero,92000.0,88000.0
7675,Hombre,43,Escorpio,Matemático,71000.0,93000.0
7676,Hombre,47,Capricornio,Maestro,72000.0,138000.0
7677,Hombre,43,Virgo,Programador,84000.0,131000.0
7678,Mujer,37,Picis,Profesor,42000.0,47000.0
7679,Hombre,42,Libra,Programador,89000.0,131000.0
7680,Hombre,39,Aries,Programador,78000.0,133000.0
7681,Hombre,36,Sagitario,Programador,74000.0,132000.0
7682,Hombre,30,Sagitario,Estudiante,74000.0,229000.0
7683,Mujer,40,Tauro,Economista,36000.0,27000.0
7684,Hombre,50,Cáncer,Programador,67000.0,110000.0
7685,Hombre,47,Tauro,Economista,66000.0,172000.0
7686,Mujer,47,Aries,Programador,25000.0,105000.0
7687,Hombre,31,Capricornio,Profesor,88000.0,121000.0
7688,Hombre,32,Acuario,Programador,80000.0,135000.0
7689,Hombre,36,Libra,Estudiante,88000.0,92000.0
7690,Mujer,35,Tauro,Programador,17000.0,58000.0
7691,Mujer,35,Picis,Programador,33000.0,59000.0
7692,Hombre,38,Géminis,Profesor,71000.0,183000.0
7693,Hombre,44,Cáncer,Programador,43000.0,113000.0
7694,Hombre,41,Leo,Estudiante,64000.0,118000.0
7695,Mujer,42,Tauro,Contador,31000.0,78000.0
7696,Hombre,28,Acuario,Estudiante,81000.0,177000.0
7697,Prefiero no decirlo,42,Acuario,Físico,31000.0,95000.0
7698,Hombre,40,Géminis,Ingeniero,75000.0,197000.0
7699,Hombre,43,Cáncer,Profesor,101000.0,99000.0
7700,Hombre,36,Libra,Ingeniero,86000.0,167000.0
7701,Hombre,41,Escorpio,Economista,71000.0,121000.0
7702,Hombre,36,Aries,Programador,86000.0,229000.0
7703,Mujer,27,Virgo,Ingeniero,22000.0,107000.0
7704,Mujer,42,Picis,Economista,20000.0,69000.0
7705,Hombre,35,Géminis,Maestro,60000.0,160000.0
7706,Hombre,40,Cáncer,Ingeniero,99000.0,102000.0
7707,Hombre,44,Libra,Profesor,89000.0,125000.0
7708,Mujer,41,Picis,Programador,31000.0,104000.0
7709,Mujer,44,Géminis,Profesor,15000.0,92000.0
7710,Mujer,38,Picis,Ingeniero,22000.0,91000.0
7711,Mujer,25,Picis,Matemático,39000.0,91000.0
7712,Hombre,46,Cáncer,Estudiante,54000.0,193000.0
7713,Mujer,34,Tauro,Contador,17000.0,85000.0
7714,Mujer,34,Virgo,Contador,31000.0,55000.0
7715,Mujer,43,Tauro,Programador,24000.0,35000.0
7716,Hombre,42,Libra,Programador,72000.0,136000.0
7717,Hombre,37,Picis,Profesor,83000.0,171000.0
7718,Mujer,31,Cáncer,Ingeniero,36000.0,140000.0
7719,Hombre,47,Tauro,Programador,56000.0,129000.0
7720,Hombre,39,Cáncer,Ingeniero,55000.0,129000.0
7721,Mujer,34,Libra,Programador,15000.0,83000.0
7722,Hombre,35,Capricornio,Programador,66000.0,137000.0
7723,Hombre,45,Capricornio,Ingeniero,60000.0,119000.0
7724,Mujer,38,Virgo,Matemático,25000.0,91000.0
7725,Otro,41,Sagitario,Contador,39000.0,80000.0
7726,Hombre,37,Géminis,Programador,74000.0,230000.0
7727,Otro,44,Libra,Ingeniero,34000.0,70000.0
7728,Mujer,38,Libra,Físico,21000.0,81000.0
7729,Hombre,48,Tauro,Programador,68000.0,133000.0
7730,Hombre,41,Libra,Programador,85000.0,96000.0
7731,Hombre,47,Libra,Contador,67000.0,142000.0
7732,Hombre,39,Leo,Programador,75000.0,188000.0
7733,Mujer,36,Géminis,Programador,13000.0,87000.0
7734,Mujer,31,Géminis,Programador,32000.0,88000.0
7735,Mujer,37,Virgo,Ingeniero,20000.0,105000.0
7736,Hombre,34,Géminis,Profesor,63000.0,113000.0
7737,Mujer,40,Libra,Ingeniero,17000.0,94000.0
7738,Hombre,42,Escorpio,Contador,78000.0,110000.0
7739,Hombre,39,Libra,Economista,75000.0,191000.0
7740,Hombre,39,Leo,Economista,71000.0,134000.0
7741,Hombre,41,Leo,Programador,99000.0,126000.0
7742,Mujer,35,Libra,Profesor,22000.0,53000.0
7743,Mujer,27,Libra,Programador,29000.0,41000.0
7744,Mujer,25,Acuario,Profesor,17000.0,62000.0
7745,Prefiero no decirlo,43,Cáncer,Profesor,27000.0,76000.0
7746,Hombre,44,Escorpio,Contador,87000.0,180000.0
7747,Mujer,44,Capricornio,Matemático,18000.0,70000.0
7748,Mujer,50,Géminis,Ingeniero,17000.0,77000.0
7749,Mujer,42,Géminis,Programador,27000.0,68000.0
7750,Hombre,44,Picis,Programador,67000.0,126000.0
7751,Hombre,38,Tauro,Matemático,94000.0,111000.0
7752,Hombre,41,Leo,Maestro,49000.0,171000.0
7753,Hombre,36,Sagitario,Programador,71000.0,105000.0
7754,Hombre,41,Tauro,Físico,48000.0,133000.0
7755,Hombre,38,Picis,Economista,71000.0,249000.0
7756,Hombre,49,Leo,Programador,82000.0,113000.0
7757,Mujer,52,Cáncer,Profesor,39000.0,62000.0
7758,Mujer,47,Géminis,Ingeniero,32000.0,119000.0
7759,Prefiero no decirlo,44,Leo,Programador,28000.0,69000.0
7760,Hombre,37,Libra,Programador,73000.0,204000.0
7761,Hombre,30,Picis,Programador,74000.0,125000.0
7762,Hombre,46,Leo,Economista,69000.0,70000.0
7763,Mujer,32,Géminis,Físico,23000.0,78000.0
7764,Mujer,37,Cáncer,Ingeniero,25000.0,83000.0
7765,Hombre,39,Aries,Economista,91000.0,134000.0
7766,Hombre,39,Virgo,Programador,75000.0,104000.0
7767,Hombre,43,Picis,Ingeniero,64000.0,217000.0
7768,Hombre,40,Leo,Estudiante,76000.0,158000.0
7769,Mujer,40,Tauro,Profesor,32000.0,75000.0
7770,Hombre,37,Tauro,Ingeniero,104000.0,181000.0
7771,Mujer,40,Sagitario,Programador,22000.0,37000.0
7772,Hombre,42,Sagitario,Ingeniero,68000.0,279000.0
7773,Mujer,44,Virgo,Profesor,40000.0,120000.0
7774,Hombre,40,Sagitario,Economista,61000.0,98000.0
7775,Mujer,35,Leo,Contador,28000.0,61000.0
7776,Otro,41,Géminis,Programador,34000.0,84000.0
7777,Hombre,39,Acuario,Programador,94000.0,116000.0
7778,Mujer,37,Géminis,Ingeniero,32000.0,39000.0
7779,Hombre,48,Géminis,Programador,59000.0,126000.0
7780,Mujer,38,Géminis,Programador,26000.0,77000.0
7781,Hombre,33,Cáncer,Ingeniero,71000.0,92000.0
7782,Hombre,38,Acuario,Programador,77000.0,149000.0
7783,Hombre,39,Picis,Contador,59000.0,99000.0
7784,Mujer,35,Sagitario,Ingeniero,14000.0,98000.0
7785,Hombre,35,Libra,Matemático,56000.0,134000.0
7786,Hombre,33,Leo,Profesor,67000.0,197000.0
7787,Mujer,30,Escorpio,Ingeniero,25000.0,81000.0
7788,Hombre,37,Aries,Ingeniero,58000.0,128000.0
7789,Hombre,38,Aries,Ingeniero,86000.0,110000.0
7790,Hombre,42,Escorpio,Economista,76000.0,139000.0
7791,Mujer,35,Virgo,Ingeniero,30000.0,119000.0
7792,Hombre,39,Tauro,Programador,56000.0,179000.0
7793,Hombre,41,Leo,Programador,116000.0,132000.0
7794,Hombre,37,Capricornio,Programador,93000.0,195000.0
7795,Hombre,36,Cáncer,Ingeniero,79000.0,176000.0
7796,Hombre,38,Virgo,Programador,60000.0,167000.0
7797,Hombre,37,Picis,Programador,63000.0,114000.0
7798,Mujer,34,Capricornio,Profesor,14000.0,50000.0
7799,Hombre,47,Acuario,Maestro,81000.0,85000.0
7800,Hombre,42,Cáncer,Programador,72000.0,166000.0
7801,Hombre,32,Libra,Profesor,54000.0,157000.0
7802,Mujer,48,Libra,Profesor,36000.0,86000.0
7803,Hombre,44,Libra,Economista,72000.0,193000.0
7804,Mujer,43,Leo,Programador,26000.0,50000.0
7805,Hombre,39,Tauro,Ingeniero,94000.0,106000.0
7806,Hombre,38,Picis,Programador,54000.0,78000.0
7807,Hombre,45,Acuario,Programador,68000.0,104000.0
7808,Mujer,43,Tauro,Contador,15000.0,63000.0
7809,Hombre,43,Cáncer,Programador,85000.0,115000.0
7810,Mujer,50,Acuario,Programador,17000.0,82000.0
7811,Hombre,34,Picis,Matemático,95000.0,127000.0
7812,Hombre,36,Sagitario,Matemático,74000.0,162000.0
7813,Hombre,42,Leo,Ingeniero,101000.0,101000.0
7814,Hombre,38,Capricornio,Profesor,72000.0,129000.0
7815,Prefiero no decirlo,39,Aries,Contador,40000.0,82000.0
7816,Mujer,45,Libra,Programador,34000.0,62000.0
7817,Mujer,41,Sagitario,Ingeniero,28000.0,66000.0
7818,Mujer,39,Libra,Físico,16000.0,88000.0
7819,Hombre,36,Capricornio,Maestro,78000.0,144000.0
7820,Mujer,42,Acuario,Profesor,23000.0,43000.0
7821,Hombre,42,Libra,Profesor,51000.0,119000.0
7822,Mujer,36,Acuario,Ingeniero,26000.0,59000.0
7823,Hombre,36,Escorpio,Contador,89000.0,211000.0
7824,Hombre,33,Escorpio,Programador,77000.0,98000.0
7825,Hombre,43,Géminis,Matemático,79000.0,128000.0
7826,Hombre,45,Virgo,Programador,89000.0,98000.0
7827,Hombre,36,Virgo,Programador,73000.0,126000.0
7828,Hombre,35,Acuario,Economista,70000.0,206000.0
7829,Hombre,41,Virgo,Ingeniero,107000.0,193000.0
7830,Hombre,33,Cáncer,Programador,86000.0,109000.0
7831,Hombre,37,Virgo,Matemático,81000.0,201000.0
7832,Hombre,43,Libra,Profesor,85000.0,108000.0
7833,Hombre,40,Cáncer,Programador,96000.0,171000.0
7834,Hombre,46,Virgo,Profesor,59000.0,136000.0
7835,Hombre,39,Acuario,Programador,74000.0,147000.0
7836,Mujer,37,Leo,Profesor,29000.0,98000.0
7837,Mujer,49,Acuario,Profesor,24000.0,50000.0
7838,Hombre,41,Géminis,Programador,69000.0,176000.0
7839,Mujer,40,Géminis,Profesor,16000.0,55000.0
7840,Hombre,41,Capricornio,Profesor,93000.0,110000.0
7841,Mujer,38,Libra,Programador,30000.0,67000.0
7842,Mujer,34,Picis,Ingeniero,20000.0,130000.0
7843,Hombre,40,Cáncer,Programador,64000.0,125000.0
7844,Hombre,37,Virgo,Economista,87000.0,107000.0
7845,Hombre,39,Capricornio,Programador,84000.0,147000.0
7846,Hombre,38,Tauro,Profesor,57000.0,82000.0
7847,Hombre,42,Acuario,Economista,72000.0,157000.0
7848,Hombre,37,Picis,Profesor,78000.0,129000.0
7849,Mujer,31,Virgo,Programador,33000.0,90000.0
7850,Mujer,45,Picis,Programador,19000.0,71000.0
7851,Hombre,45,Libra,Programador,56000.0,139000.0
7852,Hombre,44,Aries,Profesor,72000.0,118000.0
7853,Hombre,33,Cáncer,Ingeniero,62000.0,202000.0
7854,Mujer,44,Acuario,Estudiante,21000.0,77000.0
7855,Hombre,42,Escorpio,Programador,95000.0,80000.0
7856,Hombre,46,Cáncer,Programador,84000.0,127000.0
7857,Prefiero no decirlo,42,Géminis,Ingeniero,31000.0,89000.0
7858,Hombre,36,Géminis,Maestro,43000.0,204000.0
7859,Hombre,36,Sagitario,Programador,86000.0,149000.0
7860,Mujer,36,Escorpio,Programador,31000.0,29000.0
7861,Mujer,51,Aries,Programador,38000.0,86000.0
7862,Mujer,41,Capricornio,Ingeniero,43000.0,96000.0
7863,Hombre,39,Cáncer,Ingeniero,94000.0,143000.0
7864,Prefiero no decirlo,42,Libra,Programador,35000.0,115000.0
7865,Hombre,38,Capricornio,Programador,100000.0,152000.0
7866,Hombre,47,Escorpio,Profesor,97000.0,96000.0
7867,Hombre,44,Libra,Profesor,70000.0,143000.0
7868,Hombre,39,Leo,Profesor,67000.0,74000.0
7869,Mujer,47,Capricornio,Profesor,26000.0,69000.0
7870,Hombre,39,Tauro,Programador,70000.0,114000.0
7871,Mujer,42,Capricornio,Estudiante,49000.0,58000.0
7872,Prefiero no decirlo,42,Leo,Programador,39000.0,73000.0
7873,Mujer,38,Acuario,Estudiante,32000.0,62000.0
7874,Hombre,43,Capricornio,Contador,75000.0,155000.0
7875,Hombre,39,Acuario,Programador,64000.0,117000.0
7876,Mujer,32,Virgo,Profesor,23000.0,113000.0
7877,Hombre,40,Acuario,Profesor,51000.0,129000.0
7878,Mujer,37,Tauro,Profesor,23000.0,69000.0
7879,Mujer,33,Géminis,Programador,21000.0,96000.0
7880,Hombre,45,Picis,Programador,66000.0,151000.0
7881,Mujer,35,Cáncer,Ingeniero,34000.0,82000.0
7882,Mujer,43,Capricornio,Ingeniero,20000.0,126000.0
7883,Hombre,37,Tauro,Ingeniero,91000.0,94000.0
7884,Mujer,39,Libra,Programador,23000.0,70000.0
7885,Hombre,42,Aries,Programador,90000.0,135000.0
7886,Hombre,47,Cáncer,Programador,76000.0,145000.0
7887,Mujer,39,Aries,Físico,50000.0,88000.0
7888,Hombre,36,Sagitario,Estudiante,65000.0,115000.0
7889,Hombre,39,Aries,Programador,63000.0,153000.0
7890,Hombre,46,Sagitario,Profesor,75000.0,57000.0
7891,Hombre,53,Capricornio,Ingeniero,67000.0,127000.0
7892,Mujer,31,Géminis,Ingeniero,48000.0,66000.0
7893,Mujer,36,Capricornio,Matemático,32000.0,139000.0
7894,Hombre,41,Virgo,Programador,61000.0,126000.0
7895,Hombre,31,Leo,Programador,70000.0,127000.0
7896,Prefiero no decirlo,28,Picis,Matemático,32000.0,86000.0
7897,Hombre,39,Leo,Contador,61000.0,97000.0
7898,Hombre,37,Libra,Programador,89000.0,69000.0
7899,Hombre,46,Virgo,Programador,59000.0,146000.0
7900,Hombre,36,Cáncer,Maestro,66000.0,76000.0
7901,Mujer,36,Libra,Profesor,18000.0,110000.0
7902,Mujer,38,Aries,Programador,30000.0,46000.0
7903,Hombre,46,Libra,Estudiante,88000.0,222000.0
7904,Hombre,42,Escorpio,Ingeniero,71000.0,121000.0
7905,Hombre,44,Géminis,Profesor,80000.0,102000.0
7906,Hombre,44,Sagitario,Programador,85000.0,132000.0
7907,Mujer,41,Acuario,Programador,36000.0,77000.0
7908,Mujer,38,Acuario,Ingeniero,23000.0,71000.0
7909,Hombre,32,Libra,Matemático,67000.0,107000.0
7910,Mujer,39,Géminis,Programador,18000.0,79000.0
7911,Hombre,36,Leo,Profesor,81000.0,191000.0
7912,Hombre,39,Capricornio,Programador,86000.0,106000.0
7913,Prefiero no decirlo,47,Leo,Programador,22000.0,88000.0
7914,Hombre,32,Sagitario,Profesor,60000.0,148000.0
7915,Hombre,38,Capricornio,Programador,69000.0,180000.0
7916,Hombre,46,Picis,Ingeniero,72000.0,145000.0
7917,Mujer,40,Sagitario,Profesor,25000.0,88000.0
7918,Hombre,30,Acuario,Programador,82000.0,137000.0
7919,Hombre,42,Leo,Programador,65000.0,174000.0
7920,Mujer,38,Escorpio,Programador,32000.0,57000.0
7921,Hombre,41,Virgo,Profesor,73000.0,169000.0
7922,Mujer,30,Tauro,Estudiante,41000.0,34000.0
7923,Mujer,41,Tauro,Programador,22000.0,127000.0
7924,Hombre,44,Acuario,Ingeniero,50000.0,81000.0
7925,Mujer,42,Leo,Programador,31000.0,135000.0
7926,Hombre,45,Libra,Programador,69000.0,97000.0
7927,Mujer,35,Géminis,Ingeniero,41000.0,72000.0
7928,Hombre,43,Libra,Contador,90000.0,125000.0
7929,Mujer,37,Leo,Ingeniero,23000.0,65000.0
7930,Hombre,39,Aries,Profesor,85000.0,97000.0
7931,Mujer,43,Picis,Programador,20000.0,112000.0
7932,Mujer,39,Virgo,Programador,17000.0,66000.0
7933,Mujer,35,Leo,Programador,20000.0,99000.0
7934,Otro,40,Géminis,Programador,34000.0,93000.0
7935,Mujer,28,Virgo,Matemático,28000.0,68000.0
7936,Mujer,45,Capricornio,Programador,24000.0,68000.0
7937,Hombre,39,Aries,Físico,85000.0,197000.0
7938,Mujer,36,Virgo,Contador,30000.0,97000.0
7939,Mujer,40,Sagitario,Estudiante,23000.0,88000.0
7940,Mujer,45,Leo,Programador,30000.0,76000.0
7941,Hombre,43,Capricornio,Maestro,65000.0,202000.0
7942,Hombre,37,Sagitario,Economista,60000.0,126000.0
7943,Hombre,37,Capricornio,Programador,97000.0,150000.0
7944,Hombre,37,Picis,Programador,62000.0,108000.0
7945,Hombre,42,Cáncer,Contador,81000.0,140000.0
7946,Mujer,35,Libra,Economista,33000.0,90000.0
7947,Prefiero no decirlo,39,Picis,Estudiante,26000.0,61000.0
7948,Hombre,35,Cáncer,Ingeniero,71000.0,123000.0
7949,Mujer,47,Aries,Programador,18000.0,57000.0
7950,Hombre,37,Aries,Programador,74000.0,157000.0
7951,Hombre,37,Géminis,Maestro,83000.0,158000.0
7952,Hombre,38,Cáncer,Ingeniero,76000.0,126000.0
7953,Hombre,35,Capricornio,Programador,114000.0,194000.0
7954,Mujer,39,Sagitario,Ingeniero,22000.0,66000.0
7955,Hombre,46,Cáncer,Ingeniero,69000.0,140000.0
7956,Hombre,41,Picis,Ingeniero,78000.0,145000.0
7957,Hombre,40,Leo,Programador,64000.0,131000.0
7958,Mujer,34,Aries,Programador,24000.0,42000.0
7959,Hombre,44,Libra,Programador,68000.0,141000.0
7960,Hombre,44,Géminis,Profesor,73000.0,99000.0
7961,Hombre,32,Aries,Programador,92000.0,159000.0
7962,Mujer,40,Sagitario,Profesor,39000.0,62000.0
7963,Mujer,44,Leo,Economista,32000.0,53000.0
7964,Hombre,28,Aries,Programador,83000.0,171000.0
7965,Hombre,41,Leo,Profesor,70000.0,151000.0
7966,Prefiero no decirlo,50,Picis,Contador,30000.0,94000.0
7967,Hombre,39,Picis,Programador,78000.0,169000.0
7968,Mujer,44,Libra,Programador,26000.0,74000.0
7969,Hombre,41,Virgo,Ingeniero,64000.0,176000.0
7970,Mujer,39,Aries,Programador,30000.0,55000.0
7971,Hombre,40,Sagitario,Programador,79000.0,179000.0
7972,Hombre,36,Cáncer,Programador,80000.0,63000.0
7973,Hombre,47,Sagitario,Ingeniero,57000.0,135000.0
7974,Mujer,44,Escorpio,Maestro,39000.0,107000.0
7975,Mujer,42,Virgo,Maestro,28000.0,43000.0
7976,Hombre,35,Leo,Programador,65000.0,152000.0
7977,Hombre,41,Aries,Programador,67000.0,130000.0
7978,Mujer,32,Géminis,Contador,18000.0,62000.0
7979,Hombre,42,Virgo,Matemático,94000.0,131000.0
7980,Mujer,33,Acuario,Ingeniero,23000.0,66000.0
7981,Hombre,29,Aries,Programador,59000.0,162000.0
7982,Mujer,36,Leo,Ingeniero,20000.0,80000.0
7983,Hombre,48,Sagitario,Ingeniero,66000.0,156000.0
7984,Hombre,34,Leo,Físico,73000.0,124000.0
7985,Hombre,40,Acuario,Físico,88000.0,173000.0
7986,Hombre,37,Aries,Estudiante,83000.0,93000.0
7987,Hombre,40,Acuario,Ingeniero,68000.0,137000.0
7988,Hombre,45,Picis,Programador,61000.0,158000.0
7989,Hombre,33,Leo,Programador,97000.0,94000.0
7990,Hombre,49,Capricornio,Programador,89000.0,110000.0
7991,Mujer,36,Libra,Físico,21000.0,83000.0
7992,Hombre,37,Cáncer,Ingeniero,61000.0,108000.0
7993,Mujer,39,Virgo,Programador,21000.0,49000.0
7994,Hombre,35,Libra,Maestro,89000.0,147000.0
7995,Hombre,37,Escorpio,Programador,81000.0,178000.0
7996,Hombre,42,Aries,Ingeniero,92000.0,107000.0
7997,Hombre,31,Cáncer,Estudiante,51000.0,115000.0
7998,Hombre,34,Capricornio,Profesor,66000.0,130000.0
7999,Hombre,41,Sagitario,Programador,73000.0,132000.0
8000,Hombre,47,Géminis,Físico,76000.0,101000.0
8001,Hombre,32,Aries,Profesor,84000.0,134000.0
8002,Hombre,53,Libra,Programador,60000.0,133000.0
8003,Mujer,45,Capricornio,Contador,32000.0,97000.0
8004,Mujer,41,Tauro,Maestro,29000.0,34000.0
8005,Hombre,42,Libra,Economista,69000.0,174000.0
8006,Mujer,39,Géminis,Físico,29000.0,59000.0
8007,Mujer,30,Capricornio,Profesor,25000.0,62000.0
8008,Hombre,38,Capricornio,Programador,67000.0,112000.0
8009,Hombre,37,Sagitario,Programador,103000.0,111000.0
8010,Mujer,40,Libra,Maestro,37000.0,58000.0
8011,Hombre,41,Sagitario,Profesor,48000.0,137000.0
8012,Mujer,39,Capricornio,Profesor,16000.0,78000.0
8013,Hombre,40,Libra,Programador,91000.0,158000.0
8014,Hombre,42,Libra,Programador,58000.0,93000.0
8015,Hombre,40,Acuario,Programador,59000.0,140000.0
8016,Hombre,36,Escorpio,Estudiante,73000.0,137000.0
8017,Hombre,51,Virgo,Profesor,52000.0,125000.0
8018,Hombre,43,Libra,Ingeniero,69000.0,146000.0
8019,Hombre,47,Aries,Programador,71000.0,150000.0
8020,Mujer,36,Tauro,Profesor,51000.0,91000.0
8021,Mujer,43,Sagitario,Programador,23000.0,103000.0
8022,Hombre,43,Cáncer,Programador,64000.0,117000.0
8023,Hombre,40,Tauro,Físico,61000.0,161000.0
8024,Prefiero no decirlo,50,Géminis,Ingeniero,28000.0,123000.0
8025,Mujer,37,Acuario,Profesor,15000.0,63000.0
8026,Mujer,38,Aries,Matemático,20000.0,46000.0
8027,Otro,35,Tauro,Programador,30000.0,66000.0
8028,Hombre,42,Virgo,Ingeniero,34000.0,111000.0
8029,Hombre,37,Escorpio,Economista,66000.0,112000.0
8030,Hombre,50,Leo,Programador,59000.0,122000.0
8031,Mujer,44,Escorpio,Programador,24000.0,42000.0
8032,Hombre,37,Cáncer,Programador,69000.0,89000.0
8033,Mujer,37,Cáncer,Profesor,28000.0,38000.0
8034,Hombre,42,Acuario,Físico,72000.0,129000.0
8035,Hombre,38,Cáncer,Estudiante,39000.0,212000.0
8036,Mujer,40,Capricornio,Programador,25000.0,98000.0
8037,Hombre,34,Leo,Programador,62000.0,151000.0
8038,Hombre,44,Sagitario,Economista,67000.0,91000.0
8039,Prefiero no decirlo,35,Libra,Profesor,30000.0,75000.0
8040,Mujer,24,Sagitario,Profesor,18000.0,89000.0
8041,Mujer,44,Aries,Físico,30000.0,58000.0
8042,Hombre,38,Tauro,Programador,50000.0,113000.0
8043,Mujer,46,Tauro,Economista,50000.0,108000.0
8044,Mujer,43,Géminis,Programador,24000.0,74000.0
8045,Hombre,38,Capricornio,Profesor,67000.0,97000.0
8046,Hombre,35,Virgo,Físico,83000.0,155000.0
8047,Mujer,46,Virgo,Matemático,24000.0,59000.0
8048,Mujer,42,Acuario,Ingeniero,30000.0,62000.0
8049,Mujer,39,Capricornio,Ingeniero,15000.0,51000.0
8050,Hombre,42,Leo,Estudiante,85000.0,138000.0
8051,Hombre,48,Cáncer,Programador,74000.0,176000.0
8052,Hombre,35,Escorpio,Programador,58000.0,94000.0
8053,Hombre,34,Géminis,Programador,72000.0,108000.0
8054,Hombre,43,Sagitario,Ingeniero,71000.0,168000.0
8055,Hombre,38,Picis,Programador,67000.0,112000.0
8056,Mujer,45,Capricornio,Programador,26000.0,112000.0
8057,Mujer,41,Acuario,Profesor,42000.0,117000.0
8058,Mujer,43,Escorpio,Programador,20000.0,64000.0
8059,Mujer,36,Leo,Ingeniero,25000.0,76000.0
8060,Mujer,40,Escorpio,Ingeniero,35000.0,56000.0
8061,Mujer,39,Libra,Programador,32000.0,65000.0
8062,Hombre,38,Cáncer,Profesor,75000.0,168000.0
8063,Hombre,42,Leo,Programador,80000.0,176000.0
8064,Mujer,46,Escorpio,Ingeniero,44000.0,66000.0
8065,Hombre,39,Virgo,Ingeniero,52000.0,155000.0
8066,Mujer,39,Géminis,Profesor,30000.0,143000.0
8067,Mujer,52,Escorpio,Ingeniero,28000.0,77000.0
8068,Mujer,41,Sagitario,Profesor,42000.0,124000.0
8069,Hombre,46,Virgo,Programador,89000.0,116000.0
8070,Mujer,39,Picis,Contador,28000.0,59000.0
8071,Hombre,38,Tauro,Físico,84000.0,168000.0
8072,Hombre,45,Picis,Estudiante,60000.0,119000.0
8073,Hombre,39,Libra,Profesor,53000.0,120000.0
8074,Hombre,36,Libra,Programador,85000.0,123000.0
8075,Hombre,42,Leo,Programador,79000.0,163000.0
8076,Hombre,35,Aries,Programador,72000.0,185000.0
8077,Mujer,39,Sagitario,Contador,24000.0,76000.0
8078,Mujer,39,Acuario,Matemático,18000.0,189000.0
8079,Hombre,43,Géminis,Programador,78000.0,147000.0
8080,Mujer,32,Capricornio,Estudiante,28000.0,68000.0
8081,Hombre,41,Virgo,Programador,68000.0,128000.0
8082,Mujer,38,Leo,Ingeniero,29000.0,70000.0
8083,Hombre,37,Sagitario,Profesor,77000.0,99000.0
8084,Mujer,41,Géminis,Programador,24000.0,111000.0
8085,Hombre,44,Escorpio,Maestro,65000.0,160000.0
8086,Hombre,44,Escorpio,Programador,56000.0,130000.0
8087,Hombre,31,Picis,Programador,81000.0,135000.0
8088,Hombre,38,Leo,Programador,73000.0,162000.0
8089,Hombre,45,Tauro,Profesor,70000.0,143000.0
8090,Mujer,42,Capricornio,Programador,22000.0,127000.0
8091,Mujer,45,Virgo,Programador,30000.0,93000.0
8092,Mujer,37,Leo,Programador,27000.0,54000.0
8093,Hombre,40,Sagitario,Ingeniero,96000.0,139000.0
8094,Mujer,44,Escorpio,Programador,40000.0,93000.0
8095,Mujer,40,Leo,Ingeniero,29000.0,209000.0
8096,Hombre,42,Cáncer,Programador,100000.0,122000.0
8097,Hombre,42,Picis,Programador,76000.0,131000.0
8098,Hombre,30,Aries,Ingeniero,71000.0,100000.0
8099,Hombre,40,Leo,Programador,109000.0,127000.0
8100,Hombre,40,Géminis,Ingeniero,73000.0,89000.0
8101,Mujer,43,Escorpio,Programador,29000.0,82000.0
8102,Hombre,40,Géminis,Programador,81000.0,146000.0
8103,Hombre,39,Acuario,Programador,63000.0,140000.0
8104,Hombre,42,Virgo,Maestro,89000.0,140000.0
8105,Hombre,36,Leo,Programador,58000.0,103000.0
8106,Hombre,43,Libra,Estudiante,83000.0,168000.0
8107,Mujer,37,Capricornio,Profesor,32000.0,140000.0
8108,Hombre,42,Géminis,Físico,51000.0,125000.0
8109,Hombre,51,Leo,Programador,118000.0,124000.0
8110,Hombre,35,Virgo,Ingeniero,58000.0,120000.0
8111,Hombre,39,Leo,Economista,59000.0,107000.0
8112,Hombre,32,Cáncer,Programador,83000.0,76000.0
8113,Mujer,37,Capricornio,Profesor,30000.0,70000.0
8114,Mujer,44,Capricornio,Programador,39000.0,70000.0
8115,Hombre,44,Aries,Ingeniero,104000.0,192000.0
8116,Hombre,48,Acuario,Profesor,57000.0,132000.0
8117,Mujer,42,Capricornio,Matemático,19000.0,77000.0
8118,Hombre,42,Aries,Programador,122000.0,154000.0
8119,Mujer,36,Aries,Estudiante,28000.0,62000.0
8120,Hombre,39,Libra,Contador,63000.0,168000.0
8121,Mujer,37,Cáncer,Programador,27000.0,34000.0
8122,Mujer,34,Capricornio,Programador,34000.0,71000.0
8123,Hombre,41,Géminis,Programador,115000.0,172000.0
8124,Mujer,39,Capricornio,Programador,24000.0,84000.0
8125,Hombre,40,Picis,Programador,57000.0,142000.0
8126,Hombre,36,Escorpio,Físico,56000.0,108000.0
8127,Mujer,40,Leo,Programador,24000.0,60000.0
8128,Hombre,32,Tauro,Físico,75000.0,128000.0
8129,Hombre,45,Cáncer,Programador,83000.0,126000.0
8130,Hombre,31,Escorpio,Economista,82000.0,170000.0
8131,Hombre,38,Aries,Físico,70000.0,173000.0
8132,Mujer,42,Escorpio,Físico,24000.0,100000.0
8133,Hombre,40,Escorpio,Ingeniero,65000.0,111000.0
8134,Hombre,31,Leo,Profesor,80000.0,126000.0
8135,Hombre,37,Libra,Economista,71000.0,166000.0
8136,Hombre,32,Aries,Estudiante,124000.0,145000.0
8137,Mujer,41,Picis,Profesor,46000.0,65000.0
8138,Mujer,28,Cáncer,Profesor,25000.0,54000.0
8139,Hombre,38,Picis,Programador,48000.0,110000.0
8140,Hombre,47,Tauro,Programador,96000.0,78000.0
8141,Hombre,36,Géminis,Programador,60000.0,129000.0
8142,Hombre,40,Tauro,Programador,63000.0,109000.0
8143,Hombre,35,Virgo,Programador,77000.0,198000.0
8144,Mujer,36,Acuario,Programador,21000.0,96000.0
8145,Hombre,34,Virgo,Programador,72000.0,128000.0
8146,Hombre,50,Aries,Maestro,58000.0,142000.0
8147,Mujer,47,Picis,Ingeniero,32000.0,71000.0
8148,Hombre,43,Libra,Profesor,92000.0,146000.0
8149,Mujer,39,Acuario,Programador,25000.0,100000.0
8150,Mujer,30,Leo,Ingeniero,28000.0,53000.0
8151,Hombre,35,Escorpio,Estudiante,75000.0,140000.0
8152,Mujer,49,Capricornio,Ingeniero,19000.0,73000.0
8153,Mujer,36,Acuario,Ingeniero,30000.0,74000.0
8154,Hombre,44,Tauro,Ingeniero,58000.0,135000.0
8155,Mujer,35,Acuario,Programador,19000.0,85000.0
8156,Hombre,45,Cáncer,Programador,76000.0,168000.0
8157,Hombre,42,Tauro,Programador,109000.0,90000.0
8158,Mujer,45,Virgo,Programador,17000.0,59000.0
8159,Mujer,38,Virgo,Ingeniero,30000.0,106000.0
8160,Hombre,48,Picis,Programador,80000.0,79000.0
8161,Hombre,39,Géminis,Ingeniero,78000.0,143000.0
8162,Hombre,48,Acuario,Ingeniero,64000.0,153000.0
8163,Prefiero no decirlo,45,Tauro,Programador,35000.0,53000.0
8164,Hombre,38,Libra,Programador,86000.0,111000.0
8165,Hombre,37,Picis,Programador,89000.0,104000.0
8166,Hombre,35,Sagitario,Matemático,72000.0,96000.0
8167,Hombre,44,Picis,Ingeniero,65000.0,255000.0
8168,Mujer,41,Aries,Programador,38000.0,75000.0
8169,Hombre,49,Cáncer,Programador,101000.0,144000.0
8170,Mujer,41,Libra,Ingeniero,19000.0,91000.0
8171,Mujer,45,Libra,Programador,26000.0,60000.0
8172,Hombre,31,Leo,Contador,80000.0,84000.0
8173,Hombre,42,Virgo,Programador,63000.0,132000.0
8174,Hombre,37,Aries,Profesor,73000.0,149000.0
8175,Mujer,46,Acuario,Profesor,24000.0,57000.0
8176,Mujer,43,Acuario,Profesor,31000.0,45000.0
8177,Mujer,39,Virgo,Matemático,19000.0,57000.0
8178,Hombre,42,Libra,Ingeniero,64000.0,187000.0
8179,Hombre,34,Cáncer,Programador,73000.0,139000.0
8180,Hombre,37,Libra,Ingeniero,79000.0,90000.0
8181,Hombre,40,Acuario,Profesor,69000.0,134000.0
8182,Hombre,37,Cáncer,Ingeniero,74000.0,253000.0
8183,Hombre,49,Acuario,Programador,97000.0,128000.0
8184,Mujer,47,Cáncer,Programador,15000.0,62000.0
8185,Prefiero no decirlo,46,Capricornio,Contador,18000.0,72000.0
8186,Hombre,40,Picis,Ingeniero,77000.0,99000.0
8187,Hombre,51,Acuario,Programador,59000.0,108000.0
8188,Hombre,45,Virgo,Físico,52000.0,127000.0
8189,Hombre,43,Escorpio,Programador,86000.0,245000.0
8190,Hombre,39,Sagitario,Estudiante,61000.0,145000.0
8191,Hombre,39,Sagitario,Programador,71000.0,108000.0
8192,Hombre,39,Cáncer,Estudiante,59000.0,98000.0
8193,Mujer,39,Virgo,Programador,41000.0,55000.0
8194,Hombre,37,Aries,Ingeniero,85000.0,173000.0
8195,Hombre,47,Picis,Programador,79000.0,162000.0
8196,Mujer,37,Géminis,Programador,31000.0,77000.0
8197,Hombre,39,Cáncer,Economista,69000.0,113000.0
8198,Mujer,40,Picis,Maestro,22000.0,54000.0
8199,Hombre,42,Cáncer,Programador,76000.0,108000.0
8200,Mujer,43,Capricornio,Programador,13000.0,50000.0
8201,Hombre,41,Escorpio,Matemático,81000.0,89000.0
8202,Hombre,38,Aries,Economista,52000.0,95000.0
8203,Mujer,45,Picis,Ingeniero,27000.0,40000.0
8204,Hombre,34,Libra,Ingeniero,64000.0,169000.0
8205,Hombre,40,Libra,Profesor,99000.0,123000.0
8206,Prefiero no decirlo,32,Tauro,Contador,26000.0,63000.0
8207,Mujer,44,Leo,Programador,33000.0,105000.0
8208,Mujer,39,Sagitario,Programador,26000.0,38000.0
8209,Hombre,40,Picis,Ingeniero,79000.0,154000.0
8210,Mujer,39,Géminis,Matemático,22000.0,76000.0
8211,Hombre,39,Géminis,Profesor,52000.0,93000.0
8212,Hombre,44,Virgo,Programador,91000.0,85000.0
8213,Hombre,48,Sagitario,Físico,80000.0,129000.0
8214,Hombre,38,Picis,Programador,78000.0,115000.0
8215,Hombre,37,Capricornio,Matemático,61000.0,104000.0
8216,Mujer,42,Virgo,Programador,15000.0,84000.0
8217,Mujer,45,Escorpio,Programador,25000.0,75000.0
8218,Hombre,34,Tauro,Ingeniero,92000.0,96000.0
8219,Mujer,38,Libra,Economista,21000.0,91000.0
8220,Hombre,50,Virgo,Ingeniero,83000.0,164000.0
8221,Hombre,40,Leo,Matemático,73000.0,187000.0
8222,Mujer,41,Géminis,Físico,37000.0,80000.0
8223,Otro,31,Géminis,Programador,35000.0,79000.0
8224,Hombre,41,Aries,Contador,71000.0,134000.0
8225,Hombre,42,Géminis,Programador,78000.0,97000.0
8226,Hombre,44,Picis,Profesor,76000.0,124000.0
8227,Mujer,39,Capricornio,Ingeniero,25000.0,71000.0
8228,Hombre,30,Géminis,Maestro,67000.0,142000.0
8229,Mujer,45,Tauro,Programador,25000.0,76000.0
8230,Mujer,36,Capricornio,Programador,15000.0,80000.0
8231,Hombre,41,Picis,Profesor,74000.0,147000.0
8232,Hombre,38,Escorpio,Profesor,85000.0,159000.0
8233,Hombre,45,Escorpio,Programador,69000.0,124000.0
8234,Hombre,37,Tauro,Profesor,72000.0,195000.0
8235,Mujer,44,Libra,Profesor,31000.0,55000.0
8236,Hombre,37,Sagitario,Programador,75000.0,156000.0
8237,Hombre,41,Leo,Matemático,57000.0,157000.0
8238,Hombre,38,Cáncer,Ingeniero,82000.0,85000.0
8239,Hombre,37,Capricornio,Maestro,78000.0,104000.0
8240,Hombre,38,Tauro,Maestro,57000.0,120000.0
8241,Hombre,42,Cáncer,Economista,70000.0,148000.0
8242,Hombre,45,Sagitario,Programador,70000.0,112000.0
8243,Hombre,41,Acuario,Profesor,95000.0,123000.0
8244,Hombre,36,Leo,Programador,78000.0,159000.0
8245,Hombre,43,Virgo,Estudiante,80000.0,174000.0
8246,Hombre,51,Leo,Ingeniero,111000.0,106000.0
8247,Mujer,43,Tauro,Programador,26000.0,76000.0
8248,Mujer,39,Géminis,Ingeniero,23000.0,67000.0
8249,Hombre,39,Escorpio,Ingeniero,60000.0,133000.0
8250,Hombre,44,Cáncer,Ingeniero,87000.0,120000.0
8251,Mujer,44,Tauro,Profesor,29000.0,65000.0
8252,Mujer,38,Sagitario,Programador,18000.0,62000.0
8253,Hombre,40,Picis,Ingeniero,67000.0,123000.0
8254,Hombre,40,Acuario,Programador,83000.0,181000.0
8255,Mujer,44,Sagitario,Profesor,28000.0,85000.0
8256,Mujer,38,Escorpio,Profesor,33000.0,37000.0
8257,Mujer,37,Virgo,Programador,27000.0,137000.0
8258,Hombre,41,Géminis,Contador,74000.0,185000.0
8259,Hombre,38,Virgo,Ingeniero,63000.0,127000.0
8260,Mujer,43,Géminis,Economista,21000.0,57000.0
8261,Hombre,49,Aries,Economista,58000.0,174000.0
8262,Mujer,42,Sagitario,Programador,31000.0,51000.0
8263,Mujer,50,Escorpio,Físico,16000.0,58000.0
8264,Hombre,37,Libra,Estudiante,81000.0,111000.0
8265,Hombre,34,Leo,Matemático,69000.0,119000.0
8266,Hombre,37,Virgo,Programador,92000.0,104000.0
8267,Hombre,39,Leo,Estudiante,74000.0,219000.0
8268,Mujer,35,Cáncer,Ingeniero,52000.0,31000.0
8269,Hombre,36,Cáncer,Ingeniero,52000.0,112000.0
8270,Hombre,48,Tauro,Ingeniero,67000.0,181000.0
8271,Mujer,38,Picis,Programador,35000.0,71000.0
8272,Hombre,46,Capricornio,Programador,111000.0,123000.0
8273,Hombre,36,Aries,Programador,51000.0,107000.0
8274,Mujer,45,Acuario,Ingeniero,18000.0,73000.0
8275,Mujer,40,Libra,Programador,16000.0,68000.0
8276,Prefiero no decirlo,44,Géminis,Programador,39000.0,61000.0
8277,Mujer,41,Sagitario,Ingeniero,28000.0,117000.0
8278,Hombre,46,Géminis,Economista,79000.0,174000.0
8279,Mujer,45,Virgo,Programador,38000.0,105000.0
8280,Mujer,30,Sagitario,Profesor,38000.0,56000.0
8281,Mujer,36,Picis,Programador,15000.0,41000.0
8282,Mujer,36,Tauro,Ingeniero,29000.0,74000.0
8283,Hombre,42,Acuario,Ingeniero,50000.0,138000.0
8284,Prefiero no decirlo,39,Capricornio,Ingeniero,28000.0,125000.0
8285,Mujer,41,Cáncer,Físico,25000.0,35000.0
8286,Hombre,34,Capricornio,Programador,83000.0,176000.0
8287,Hombre,45,Tauro,Profesor,57000.0,129000.0
8288,Hombre,38,Libra,Ingeniero,80000.0,210000.0
8289,Mujer,44,Acuario,Ingeniero,49000.0,70000.0
8290,Hombre,42,Virgo,Programador,103000.0,162000.0
8291,Mujer,36,Capricornio,Ingeniero,34000.0,67000.0
8292,Mujer,35,Cáncer,Programador,19000.0,67000.0
8293,Hombre,32,Cáncer,Economista,62000.0,110000.0
8294,Hombre,34,Sagitario,Físico,82000.0,120000.0
8295,Mujer,40,Sagitario,Físico,26000.0,42000.0
8296,Hombre,38,Acuario,Profesor,80000.0,124000.0
8297,Hombre,41,Libra,Programador,74000.0,129000.0
8298,Hombre,42,Libra,Programador,74000.0,236000.0
8299,Hombre,39,Sagitario,Maestro,95000.0,99000.0
8300,Hombre,49,Tauro,Programador,69000.0,134000.0
8301,Hombre,47,Escorpio,Ingeniero,68000.0,109000.0
8302,Hombre,45,Acuario,Profesor,65000.0,89000.0
8303,Hombre,26,Cáncer,Programador,106000.0,124000.0
8304,Hombre,32,Sagitario,Programador,64000.0,137000.0
8305,Mujer,53,Acuario,Ingeniero,17000.0,99000.0
8306,Hombre,47,Acuario,Profesor,79000.0,159000.0
8307,Mujer,40,Libra,Profesor,17000.0,123000.0
8308,Hombre,41,Leo,Maestro,52000.0,139000.0
8309,Hombre,36,Sagitario,Ingeniero,59000.0,130000.0
8310,Mujer,31,Virgo,Ingeniero,23000.0,89000.0
8311,Hombre,36,Aries,Programador,60000.0,151000.0
8312,Hombre,45,Picis,Ingeniero,87000.0,198000.0
8313,Mujer,31,Acuario,Maestro,16000.0,58000.0
8314,Hombre,45,Acuario,Ingeniero,74000.0,123000.0
8315,Hombre,44,Cáncer,Programador,58000.0,85000.0
8316,Hombre,38,Sagitario,Programador,77000.0,140000.0
8317,Hombre,37,Tauro,Ingeniero,96000.0,158000.0
8318,Hombre,35,Tauro,Profesor,86000.0,127000.0
8319,Hombre,33,Leo,Profesor,67000.0,123000.0
8320,Hombre,36,Virgo,Ingeniero,91000.0,105000.0
8321,Hombre,44,Capricornio,Ingeniero,77000.0,88000.0
8322,Hombre,39,Acuario,Profesor,64000.0,105000.0
8323,Hombre,36,Tauro,Profesor,66000.0,146000.0
8324,Hombre,37,Picis,Programador,61000.0,115000.0
8325,Hombre,45,Aries,Programador,81000.0,176000.0
8326,Hombre,31,Acuario,Estudiante,75000.0,106000.0
8327,Hombre,44,Tauro,Programador,83000.0,232000.0
8328,Mujer,47,Libra,Ingeniero,28000.0,65000.0
8329,Hombre,49,Picis,Programador,85000.0,169000.0
8330,Hombre,47,Escorpio,Estudiante,87000.0,118000.0
8331,Hombre,43,Virgo,Estudiante,73000.0,152000.0
8332,Mujer,38,Aries,Ingeniero,47000.0,69000.0
8333,Mujer,39,Acuario,Programador,15000.0,68000.0
8334,Mujer,44,Aries,Programador,19000.0,43000.0
8335,Mujer,38,Virgo,Programador,42000.0,66000.0
8336,Hombre,36,Sagitario,Economista,65000.0,163000.0
8337,Hombre,44,Libra,Ingeniero,65000.0,210000.0
8338,Hombre,45,Sagitario,Ingeniero,69000.0,123000.0
8339,Hombre,34,Géminis,Programador,76000.0,151000.0
8340,Mujer,37,Virgo,Ingeniero,14000.0,51000.0
8341,Hombre,40,Capricornio,Matemático,106000.0,87000.0
8342,Hombre,40,Tauro,Profesor,101000.0,161000.0
8343,Hombre,44,Leo,Contador,49000.0,139000.0
8344,Hombre,44,Picis,Ingeniero,55000.0,138000.0
8345,Hombre,35,Aries,Ingeniero,71000.0,167000.0
8346,Hombre,39,Leo,Programador,99000.0,188000.0
8347,Hombre,44,Escorpio,Profesor,86000.0,124000.0
8348,Mujer,31,Cáncer,Profesor,33000.0,60000.0
8349,Mujer,37,Sagitario,Ingeniero,23000.0,87000.0
8350,Hombre,46,Aries,Ingeniero,77000.0,169000.0
8351,Hombre,45,Leo,Ingeniero,83000.0,137000.0
8352,Mujer,40,Cáncer,Estudiante,18000.0,33000.0
8353,Mujer,35,Escorpio,Estudiante,16000.0,104000.0
8354,Mujer,40,Acuario,Matemático,29000.0,69000.0
8355,Hombre,42,Sagitario,Programador,64000.0,209000.0
8356,Hombre,34,Cáncer,Programador,61000.0,67000.0
8357,Mujer,34,Libra,Programador,23000.0,80000.0
8358,Mujer,31,Cáncer,Programador,38000.0,61000.0
8359,Hombre,41,Picis,Ingeniero,73000.0,139000.0
8360,Hombre,46,Géminis,Profesor,76000.0,104000.0
8361,Hombre,40,Géminis,Físico,94000.0,152000.0
8362,Hombre,47,Libra,Profesor,54000.0,118000.0
8363,Hombre,40,Leo,Físico,83000.0,151000.0
8364,Hombre,41,Cáncer,Programador,86000.0,101000.0
8365,Mujer,38,Capricornio,Contador,26000.0,66000.0
8366,Mujer,40,Libra,Profesor,40000.0,74000.0
8367,Mujer,41,Aries,Programador,20000.0,68000.0
8368,Prefiero no decirlo,40,Aries,Maestro,27000.0,94000.0
8369,Mujer,40,Géminis,Programador,28000.0,71000.0
8370,Hombre,43,Géminis,Programador,100000.0,119000.0
8371,Hombre,47,Capricornio,Profesor,79000.0,182000.0
8372,Mujer,37,Picis,Ingeniero,35000.0,62000.0
8373,Mujer,37,Cáncer,Ingeniero,32000.0,59000.0
8374,Hombre,46,Cáncer,Programador,103000.0,89000.0
8375,Mujer,44,Aries,Contador,27000.0,84000.0
8376,Hombre,43,Sagitario,Programador,72000.0,111000.0
8377,Mujer,43,Tauro,Matemático,25000.0,63000.0
8378,Mujer,31,Leo,Programador,17000.0,66000.0
8379,Mujer,47,Virgo,Ingeniero,25000.0,125000.0
8380,Hombre,44,Sagitario,Contador,58000.0,90000.0
8381,Hombre,36,Capricornio,Matemático,87000.0,177000.0
8382,Hombre,34,Aries,Programador,47000.0,184000.0
8383,Hombre,37,Libra,Maestro,61000.0,127000.0
8384,Hombre,36,Aries,Programador,100000.0,137000.0
8385,Hombre,37,Tauro,Programador,107000.0,128000.0
8386,Mujer,40,Virgo,Contador,25000.0,46000.0
8387,Hombre,41,Aries,Programador,65000.0,135000.0
8388,Hombre,37,Virgo,Ingeniero,63000.0,83000.0
8389,Hombre,45,Géminis,Contador,70000.0,104000.0
8390,Hombre,39,Géminis,Profesor,58000.0,130000.0
8391,Hombre,29,Cáncer,Matemático,81000.0,103000.0
8392,Hombre,44,Tauro,Programador,100000.0,111000.0
8393,Hombre,31,Capricornio,Programador,66000.0,146000.0
8394,Hombre,38,Escorpio,Profesor,77000.0,164000.0
8395,Mujer,37,Leo,Programador,28000.0,34000.0
8396,Hombre,44,Tauro,Contador,90000.0,77000.0
8397,Hombre,50,Leo,Ingeniero,69000.0,108000.0
8398,Mujer,39,Tauro,Estudiante,33000.0,58000.0
8399,Hombre,38,Géminis,Programador,83000.0,147000.0
8400,Prefiero no decirlo,40,Virgo,Ingeniero,47000.0,83000.0
8401,Hombre,32,Tauro,Programador,86000.0,194000.0
8402,Hombre,43,Libra,Físico,57000.0,105000.0
8403,Hombre,41,Géminis,Profesor,95000.0,102000.0
8404,Mujer,40,Géminis,Contador,20000.0,140000.0
8405,Hombre,29,Acuario,Programador,70000.0,72000.0
8406,Hombre,37,Aries,Profesor,64000.0,108000.0
8407,Hombre,38,Virgo,Programador,66000.0,181000.0
8408,Hombre,43,Leo,Programador,64000.0,112000.0
8409,Mujer,42,Libra,Profesor,24000.0,96000.0
8410,Hombre,40,Escorpio,Programador,67000.0,217000.0
8411,Hombre,44,Cáncer,Programador,78000.0,130000.0
8412,Hombre,40,Leo,Profesor,75000.0,130000.0
8413,Mujer,42,Sagitario,Profesor,17000.0,64000.0
8414,Hombre,41,Tauro,Profesor,78000.0,101000.0
8415,Mujer,42,Libra,Programador,23000.0,59000.0
8416,Hombre,43,Tauro,Programador,69000.0,187000.0
8417,Hombre,36,Leo,Programador,86000.0,161000.0
8418,Mujer,38,Aries,Profesor,17000.0,78000.0
8419,Hombre,42,Tauro,Ingeniero,111000.0,119000.0
8420,Mujer,39,Acuario,Ingeniero,36000.0,60000.0
8421,Prefiero no decirlo,45,Virgo,Programador,35000.0,58000.0
8422,Mujer,39,Cáncer,Profesor,20000.0,74000.0
8423,Mujer,42,Virgo,Programador,49000.0,94000.0
8424,Hombre,40,Libra,Ingeniero,92000.0,120000.0
8425,Mujer,37,Acuario,Economista,24000.0,86000.0
8426,Hombre,38,Virgo,Matemático,73000.0,201000.0
8427,Hombre,41,Tauro,Economista,78000.0,121000.0
8428,Hombre,42,Virgo,Ingeniero,50000.0,192000.0
8429,Hombre,35,Cáncer,Programador,95000.0,133000.0
8430,Mujer,42,Acuario,Ingeniero,30000.0,95000.0
8431,Hombre,44,Capricornio,Físico,89000.0,115000.0
8432,Prefiero no decirlo,36,Libra,Ingeniero,26000.0,115000.0
8433,Hombre,41,Aries,Ingeniero,83000.0,154000.0
8434,Hombre,45,Capricornio,Maestro,68000.0,138000.0
8435,Hombre,43,Picis,Matemático,62000.0,206000.0
8436,Mujer,42,Virgo,Físico,32000.0,81000.0
8437,Hombre,42,Leo,Físico,94000.0,109000.0
8438,Hombre,38,Picis,Economista,65000.0,98000.0
8439,Hombre,37,Virgo,Ingeniero,97000.0,158000.0
8440,Hombre,34,Leo,Programador,101000.0,72000.0
8441,Hombre,52,Tauro,Programador,78000.0,201000.0
8442,Hombre,37,Capricornio,Economista,63000.0,114000.0
8443,Hombre,35,Sagitario,Programador,72000.0,111000.0
8444,Mujer,45,Virgo,Ingeniero,49000.0,64000.0
8445,Hombre,43,Cáncer,Programador,99000.0,217000.0
8446,Mujer,34,Leo,Matemático,37000.0,50000.0
8447,Hombre,41,Géminis,Matemático,59000.0,189000.0
8448,Hombre,45,Sagitario,Economista,87000.0,121000.0
8449,Hombre,45,Aries,Contador,88000.0,131000.0
8450,Hombre,39,Aries,Ingeniero,63000.0,103000.0
8451,Prefiero no decirlo,41,Capricornio,Profesor,31000.0,83000.0
8452,Mujer,47,Capricornio,Ingeniero,29000.0,107000.0
8453,Hombre,38,Tauro,Profesor,74000.0,174000.0
8454,Mujer,41,Géminis,Físico,25000.0,74000.0
8455,Mujer,36,Picis,Programador,18000.0,43000.0
8456,Mujer,41,Leo,Profesor,21000.0,103000.0
8457,Hombre,37,Escorpio,Contador,63000.0,120000.0
8458,Hombre,55,Acuario,Programador,69000.0,132000.0
8459,Prefiero no decirlo,39,Cáncer,Ingeniero,26000.0,57000.0
8460,Prefiero no decirlo,41,Géminis,Programador,31000.0,39000.0
8461,Hombre,44,Capricornio,Ingeniero,100000.0,107000.0
8462,Hombre,33,Tauro,Programador,65000.0,158000.0
8463,Hombre,29,Libra,Ingeniero,102000.0,140000.0
8464,Hombre,50,Libra,Ingeniero,109000.0,109000.0
8465,Mujer,42,Escorpio,Profesor,20000.0,61000.0
8466,Hombre,41,Tauro,Programador,84000.0,132000.0
8467,Hombre,37,Acuario,Matemático,72000.0,153000.0
8468,Hombre,36,Leo,Ingeniero,102000.0,123000.0
8469,Mujer,39,Cáncer,Profesor,40000.0,49000.0
8470,Hombre,41,Leo,Programador,57000.0,105000.0
8471,Hombre,39,Libra,Economista,68000.0,105000.0
8472,Hombre,43,Libra,Programador,64000.0,109000.0
8473,Hombre,39,Géminis,Programador,88000.0,158000.0
8474,Hombre,37,Sagitario,Economista,85000.0,116000.0
8475,Hombre,41,Acuario,Programador,55000.0,154000.0
8476,Hombre,41,Cáncer,Ingeniero,54000.0,153000.0
8477,Hombre,48,Aries,Contador,68000.0,201000.0
8478,Mujer,41,Libra,Programador,20000.0,79000.0
8479,Hombre,41,Tauro,Programador,61000.0,126000.0
8480,Hombre,32,Escorpio,Economista,65000.0,163000.0
8481,Mujer,40,Cáncer,Profesor,49000.0,194000.0
8482,Hombre,34,Tauro,Maestro,128000.0,116000.0
8483,Mujer,31,Leo,Matemático,27000.0,74000.0
8484,Hombre,34,Virgo,Programador,86000.0,139000.0
8485,Hombre,35,Acuario,Ingeniero,83000.0,101000.0
8486,Hombre,45,Aries,Ingeniero,75000.0,108000.0
8487,Hombre,42,Picis,Programador,87000.0,104000.0
8488,Mujer,39,Acuario,Físico,29000.0,58000.0
8489,Mujer,42,Libra,Contador,28000.0,72000.0
8490,Hombre,46,Acuario,Estudiante,59000.0,141000.0
8491,Hombre,37,Acuario,Programador,95000.0,148000.0
8492,Hombre,45,Virgo,Ingeniero,84000.0,111000.0
8493,Hombre,39,Aries,Programador,60000.0,145000.0
8494,Mujer,41,Cáncer,Ingeniero,20000.0,97000.0
8495,Hombre,39,Géminis,Ingeniero,76000.0,97000.0
8496,Mujer,49,Sagitario,Ingeniero,17000.0,112000.0
8497,Hombre,41,Aries,Maestro,61000.0,125000.0
8498,Hombre,45,Libra,Programador,91000.0,97000.0
8499,Mujer,29,Virgo,Ingeniero,34000.0,79000.0
8500,Hombre,40,Virgo,Ingeniero,124000.0,111000.0
8501,Hombre,41,Cáncer,Ingeniero,131000.0,78000.0
8502,Hombre,41,Acuario,Ingeniero,43000.0,204000.0
8503,Hombre,45,Libra,Programador,52000.0,114000.0
8504,Hombre,44,Géminis,Profesor,79000.0,91000.0
8505,Hombre,40,Escorpio,Programador,64000.0,144000.0
8506,Hombre,33,Libra,Físico,72000.0,145000.0
8507,Hombre,32,Sagitario,Ingeniero,63000.0,160000.0
8508,Mujer,33,Capricornio,Ingeniero,34000.0,82000.0
8509,Hombre,35,Escorpio,Ingeniero,83000.0,131000.0
8510,Mujer,40,Escorpio,Profesor,22000.0,109000.0
8511,Mujer,34,Sagitario,Profesor,23000.0,34000.0
8512,Hombre,57,Géminis,Programador,91000.0,137000.0
8513,Hombre,43,Sagitario,Profesor,88000.0,148000.0
8514,Mujer,42,Capricornio,Ingeniero,27000.0,61000.0
8515,Hombre,43,Escorpio,Economista,60000.0,142000.0
8516,Hombre,35,Géminis,Programador,64000.0,74000.0
8517,Mujer,40,Acuario,Ingeniero,33000.0,41000.0
8518,Mujer,47,Géminis,Ingeniero,45000.0,40000.0
8519,Hombre,29,Géminis,Contador,104000.0,145000.0
8520,Mujer,44,Cáncer,Ingeniero,27000.0,71000.0
8521,Mujer,40,Géminis,Profesor,28000.0,103000.0
8522,Hombre,39,Capricornio,Programador,67000.0,149000.0
8523,Hombre,40,Libra,Programador,72000.0,138000.0
8524,Mujer,38,Tauro,Profesor,29000.0,64000.0
8525,Hombre,44,Acuario,Estudiante,69000.0,104000.0
8526,Mujer,45,Leo,Matemático,21000.0,78000.0
8527,Hombre,34,Acuario,Profesor,77000.0,270000.0
8528,Mujer,49,Acuario,Programador,28000.0,113000.0
8529,Hombre,38,Cáncer,Programador,70000.0,91000.0
8530,Mujer,42,Acuario,Programador,40000.0,46000.0
8531,Mujer,35,Libra,Contador,30000.0,133000.0
8532,Mujer,36,Capricornio,Profesor,37000.0,44000.0
8533,Hombre,44,Libra,Físico,73000.0,158000.0
8534,Hombre,41,Picis,Contador,108000.0,179000.0
8535,Hombre,41,Sagitario,Programador,47000.0,171000.0
8536,Hombre,35,Escorpio,Programador,86000.0,143000.0
8537,Mujer,42,Leo,Profesor,15000.0,57000.0
8538,Hombre,42,Acuario,Programador,74000.0,142000.0
8539,Hombre,40,Acuario,Ingeniero,76000.0,157000.0
8540,Mujer,44,Libra,Profesor,20000.0,62000.0
8541,Mujer,38,Escorpio,Programador,28000.0,82000.0
8542,Hombre,46,Sagitario,Ingeniero,103000.0,149000.0
8543,Hombre,31,Tauro,Ingeniero,81000.0,88000.0
8544,Hombre,39,Tauro,Programador,51000.0,124000.0
8545,Hombre,39,Géminis,Programador,103000.0,182000.0
8546,Hombre,43,Capricornio,Físico,70000.0,131000.0
8547,Mujer,38,Aries,Profesor,21000.0,56000.0
8548,Hombre,45,Picis,Ingeniero,82000.0,168000.0
8549,Mujer,41,Capricornio,Programador,25000.0,108000.0
8550,Mujer,44,Cáncer,Programador,32000.0,70000.0
8551,Mujer,45,Leo,Economista,18000.0,49000.0
8552,Mujer,41,Picis,Profesor,29000.0,61000.0
8553,Hombre,36,Tauro,Programador,61000.0,273000.0
8554,Hombre,40,Tauro,Profesor,66000.0,116000.0
8555,Hombre,36,Virgo,Profesor,66000.0,173000.0
8556,Hombre,34,Capricornio,Físico,54000.0,137000.0
8557,Otro,44,Cáncer,Físico,35000.0,94000.0
8558,Hombre,38,Virgo,Programador,62000.0,105000.0
8559,Hombre,36,Libra,Profesor,57000.0,98000.0
8560,Hombre,36,Leo,Programador,85000.0,150000.0
8561,Mujer,35,Sagitario,Programador,39000.0,84000.0
8562,Mujer,43,Aries,Programador,30000.0,80000.0
8563,Hombre,38,Cáncer,Programador,72000.0,98000.0
8564,Hombre,37,Géminis,Profesor,70000.0,101000.0
8565,Mujer,41,Picis,Ingeniero,21000.0,72000.0
8566,Hombre,41,Virgo,Programador,74000.0,160000.0
8567,Hombre,39,Capricornio,Ingeniero,71000.0,99000.0
8568,Hombre,49,Acuario,Programador,51000.0,131000.0
8569,Mujer,35,Leo,Maestro,25000.0,58000.0
8570,Hombre,42,Capricornio,Ingeniero,68000.0,240000.0
8571,Mujer,41,Acuario,Profesor,39000.0,64000.0
8572,Hombre,35,Tauro,Maestro,71000.0,148000.0
8573,Hombre,39,Aries,Ingeniero,57000.0,111000.0
8574,Hombre,44,Géminis,Contador,90000.0,139000.0
8575,Hombre,30,Escorpio,Programador,56000.0,128000.0
8576,Hombre,44,Acuario,Profesor,67000.0,90000.0
8577,Hombre,45,Cáncer,Maestro,59000.0,174000.0
8578,Hombre,31,Escorpio,Economista,62000.0,156000.0
8579,Hombre,44,Tauro,Físico,85000.0,83000.0
8580,Mujer,45,Cáncer,Estudiante,22000.0,66000.0
8581,Hombre,36,Capricornio,Programador,73000.0,162000.0
8582,Hombre,47,Acuario,Ingeniero,82000.0,168000.0
8583,Mujer,49,Virgo,Programador,32000.0,103000.0
8584,Mujer,47,Escorpio,Ingeniero,39000.0,97000.0
8585,Prefiero no decirlo,42,Cáncer,Estudiante,21000.0,75000.0
8586,Prefiero no decirlo,39,Libra,Programador,31000.0,65000.0
8587,Hombre,41,Libra,Ingeniero,63000.0,105000.0
8588,Hombre,39,Leo,Programador,81000.0,147000.0
8589,Hombre,41,Aries,Programador,90000.0,190000.0
8590,Hombre,38,Tauro,Ingeniero,62000.0,104000.0
8591,Mujer,43,Acuario,Maestro,22000.0,74000.0
8592,Mujer,44,Capricornio,Programador,30000.0,52000.0
8593,Hombre,42,Cáncer,Matemático,81000.0,162000.0
8594,Mujer,38,Sagitario,Profesor,26000.0,80000.0
8595,Hombre,38,Picis,Programador,74000.0,109000.0
8596,Hombre,43,Capricornio,Programador,95000.0,163000.0
8597,Hombre,35,Tauro,Programador,72000.0,208000.0
8598,Mujer,39,Capricornio,Programador,34000.0,57000.0
8599,Hombre,41,Virgo,Programador,80000.0,108000.0
8600,Mujer,39,Acuario,Programador,35000.0,86000.0
8601,Hombre,35,Tauro,Profesor,78000.0,150000.0
8602,Hombre,39,Leo,Programador,78000.0,161000.0
8603,Hombre,39,Acuario,Físico,57000.0,122000.0
8604,Hombre,32,Acuario,Programador,71000.0,124000.0
8605,Hombre,35,Géminis,Profesor,88000.0,116000.0
8606,Mujer,36,Capricornio,Ingeniero,37000.0,74000.0
8607,Mujer,34,Géminis,Ingeniero,33000.0,70000.0
8608,Hombre,34,Cáncer,Profesor,69000.0,117000.0
8609,Hombre,44,Aries,Contador,70000.0,175000.0
8610,Hombre,35,Aries,Contador,70000.0,107000.0
8611,Otro,35,Aries,Matemático,32000.0,82000.0
8612,Mujer,35,Tauro,Programador,32000.0,90000.0
8613,Hombre,51,Libra,Maestro,85000.0,194000.0
8614,Hombre,42,Escorpio,Programador,88000.0,140000.0
8615,Hombre,43,Sagitario,Profesor,70000.0,152000.0
8616,Hombre,35,Capricornio,Programador,40000.0,90000.0
8617,Hombre,33,Acuario,Maestro,65000.0,212000.0
8618,Mujer,34,Géminis,Economista,24000.0,65000.0
8619,Prefiero no decirlo,46,Géminis,Programador,29000.0,67000.0
8620,Hombre,41,Virgo,Programador,60000.0,91000.0
8621,Hombre,40,Géminis,Economista,60000.0,122000.0
8622,Hombre,48,Capricornio,Profesor,75000.0,98000.0
8623,Mujer,39,Cáncer,Profesor,26000.0,70000.0
8624,Mujer,50,Cáncer,Físico,33000.0,95000.0
8625,Hombre,41,Leo,Programador,64000.0,174000.0
8626,Mujer,42,Tauro,Programador,38000.0,90000.0
8627,Hombre,43,Leo,Ingeniero,74000.0,100000.0
8628,Hombre,46,Leo,Ingeniero,55000.0,154000.0
8629,Hombre,44,Acuario,Programador,101000.0,167000.0
8630,Hombre,40,Capricornio,Ingeniero,86000.0,179000.0
8631,Mujer,48,Escorpio,Físico,22000.0,55000.0
8632,Prefiero no decirlo,41,Virgo,Programador,23000.0,51000.0
8633,Hombre,35,Libra,Programador,62000.0,122000.0
8634,Hombre,41,Leo,Programador,81000.0,149000.0
8635,Mujer,36,Libra,Físico,26000.0,58000.0
8636,Mujer,49,Picis,Programador,25000.0,88000.0
8637,Mujer,33,Picis,Ingeniero,28000.0,49000.0
8638,Hombre,43,Virgo,Ingeniero,64000.0,113000.0
8639,Hombre,47,Picis,Programador,62000.0,102000.0
8640,Hombre,32,Sagitario,Ingeniero,82000.0,124000.0
8641,Hombre,44,Cáncer,Programador,88000.0,145000.0
8642,Hombre,39,Libra,Físico,55000.0,118000.0
8643,Hombre,42,Tauro,Estudiante,53000.0,99000.0
8644,Mujer,34,Cáncer,Matemático,22000.0,132000.0
8645,Hombre,45,Capricornio,Estudiante,60000.0,134000.0
8646,Hombre,48,Tauro,Profesor,54000.0,163000.0
8647,Hombre,39,Cáncer,Programador,65000.0,116000.0
8648,Hombre,38,Cáncer,Contador,65000.0,161000.0
8649,Mujer,40,Picis,Estudiante,21000.0,106000.0
8650,Hombre,48,Virgo,Ingeniero,80000.0,173000.0
8651,Mujer,32,Escorpio,Programador,25000.0,41000.0
8652,Hombre,46,Cáncer,Profesor,106000.0,92000.0
8653,Mujer,31,Sagitario,Programador,35000.0,73000.0
8654,Mujer,37,Géminis,Programador,26000.0,54000.0
8655,Mujer,49,Libra,Ingeniero,32000.0,68000.0
8656,Hombre,47,Virgo,Ingeniero,76000.0,116000.0
8657,Mujer,51,Capricornio,Profesor,30000.0,67000.0
8658,Hombre,43,Cáncer,Ingeniero,101000.0,77000.0
8659,Hombre,42,Capricornio,Estudiante,55000.0,69000.0
8660,Hombre,40,Escorpio,Programador,90000.0,174000.0
8661,Mujer,32,Aries,Profesor,22000.0,82000.0
8662,Hombre,38,Capricornio,Contador,80000.0,145000.0
8663,Hombre,43,Virgo,Programador,44000.0,133000.0
8664,Hombre,39,Escorpio,Programador,64000.0,117000.0
8665,Mujer,40,Tauro,Ingeniero,42000.0,66000.0
8666,Mujer,36,Picis,Matemático,18000.0,58000.0
8667,Hombre,35,Géminis,Ingeniero,68000.0,125000.0
8668,Hombre,47,Leo,Programador,64000.0,128000.0
8669,Hombre,50,Acuario,Estudiante,85000.0,123000.0
8670,Hombre,36,Cáncer,Contador,66000.0,133000.0
8671,Hombre,40,Escorpio,Ingeniero,77000.0,146000.0
8672,Mujer,35,Géminis,Programador,25000.0,73000.0
8673,Hombre,45,Géminis,Programador,52000.0,172000.0
8674,Otro,50,Cáncer,Profesor,34000.0,69000.0
8675,Hombre,42,Libra,Programador,63000.0,141000.0
8676,Mujer,37,Picis,Profesor,36000.0,85000.0
8677,Otro,44,Acuario,Ingeniero,24000.0,69000.0
8678,Hombre,50,Escorpio,Programador,59000.0,165000.0
8679,Hombre,38,Libra,Programador,84000.0,126000.0
8680,Hombre,45,Acuario,Programador,98000.0,207000.0
8681,Mujer,41,Cáncer,Ingeniero,38000.0,84000.0
8682,Prefiero no decirlo,38,Cáncer,Profesor,46000.0,52000.0
8683,Mujer,39,Escorpio,Ingeniero,30000.0,90000.0
8684,Hombre,41,Leo,Físico,83000.0,128000.0
8685,Mujer,39,Géminis,Profesor,40000.0,100000.0
8686,Mujer,34,Leo,Contador,21000.0,74000.0
8687,Mujer,40,Libra,Ingeniero,27000.0,59000.0
8688,Hombre,31,Tauro,Profesor,78000.0,179000.0
8689,Hombre,34,Libra,Profesor,71000.0,177000.0
8690,Hombre,37,Libra,Ingeniero,85000.0,195000.0
8691,Mujer,44,Escorpio,Programador,23000.0,72000.0
8692,Hombre,35,Cáncer,Profesor,87000.0,125000.0
8693,Hombre,51,Sagitario,Economista,95000.0,141000.0
8694,Mujer,30,Tauro,Programador,42000.0,57000.0
8695,Hombre,34,Libra,Programador,83000.0,137000.0
8696,Hombre,32,Leo,Programador,74000.0,98000.0
8697,Hombre,44,Leo,Profesor,64000.0,129000.0
8698,Mujer,23,Aries,Estudiante,20000.0,74000.0
8699,Otro,42,Libra,Profesor,31000.0,65000.0
8700,Hombre,37,Aries,Profesor,63000.0,96000.0
8701,Hombre,49,Tauro,Estudiante,83000.0,183000.0
8702,Hombre,41,Libra,Economista,103000.0,97000.0
8703,Hombre,39,Picis,Profesor,69000.0,149000.0
8704,Hombre,44,Libra,Matemático,59000.0,138000.0
8705,Hombre,35,Tauro,Ingeniero,80000.0,211000.0
8706,Mujer,39,Leo,Profesor,31000.0,64000.0
8707,Mujer,35,Tauro,Ingeniero,14000.0,68000.0
8708,Mujer,31,Escorpio,Estudiante,28000.0,86000.0
8709,Hombre,49,Escorpio,Físico,68000.0,125000.0
8710,Hombre,42,Escorpio,Profesor,66000.0,128000.0
8711,Hombre,43,Capricornio,Programador,47000.0,123000.0
8712,Hombre,41,Libra,Programador,73000.0,87000.0
8713,Hombre,42,Leo,Ingeniero,67000.0,154000.0
8714,Hombre,41,Leo,Físico,122000.0,126000.0
8715,Mujer,38,Picis,Contador,31000.0,60000.0
8716,Hombre,36,Escorpio,Contador,62000.0,188000.0
8717,Mujer,39,Aries,Estudiante,24000.0,46000.0
8718,Hombre,37,Cáncer,Maestro,95000.0,127000.0
8719,Mujer,35,Capricornio,Programador,30000.0,86000.0
8720,Hombre,42,Leo,Contador,100000.0,136000.0
8721,Mujer,34,Picis,Programador,34000.0,59000.0
8722,Hombre,36,Tauro,Estudiante,73000.0,129000.0
8723,Mujer,35,Aries,Programador,28000.0,38000.0
8724,Hombre,36,Virgo,Profesor,85000.0,130000.0
8725,Hombre,41,Escorpio,Matemático,76000.0,105000.0
8726,Prefiero no decirlo,36,Virgo,Estudiante,27000.0,72000.0
8727,Mujer,44,Virgo,Ingeniero,42000.0,45000.0
8728,Hombre,36,Leo,Ingeniero,52000.0,125000.0
8729,Hombre,41,Escorpio,Ingeniero,47000.0,136000.0
8730,Hombre,40,Capricornio,Estudiante,90000.0,120000.0
8731,Mujer,38,Tauro,Ingeniero,39000.0,50000.0
8732,Hombre,41,Géminis,Físico,75000.0,137000.0
8733,Mujer,37,Cáncer,Profesor,21000.0,54000.0
8734,Hombre,36,Cáncer,Matemático,76000.0,154000.0
8735,Hombre,43,Picis,Programador,86000.0,161000.0
8736,Mujer,50,Aries,Programador,23000.0,57000.0
8737,Prefiero no decirlo,39,Libra,Profesor,22000.0,61000.0
8738,Hombre,37,Leo,Programador,80000.0,238000.0
8739,Hombre,46,Libra,Profesor,59000.0,127000.0
8740,Hombre,33,Acuario,Físico,45000.0,164000.0
8741,Hombre,48,Libra,Profesor,80000.0,146000.0
8742,Mujer,41,Sagitario,Profesor,25000.0,61000.0
8743,Hombre,47,Leo,Economista,79000.0,131000.0
8744,Hombre,41,Escorpio,Ingeniero,70000.0,99000.0
8745,Prefiero no decirlo,36,Aries,Programador,58000.0,50000.0
8746,Mujer,37,Géminis,Programador,24000.0,55000.0
8747,Mujer,38,Capricornio,Matemático,23000.0,106000.0
8748,Hombre,44,Capricornio,Profesor,55000.0,77000.0
8749,Hombre,39,Picis,Ingeniero,80000.0,145000.0
8750,Mujer,41,Tauro,Programador,44000.0,70000.0
8751,Mujer,38,Aries,Físico,22000.0,84000.0
8752,Mujer,47,Leo,Ingeniero,14000.0,57000.0
8753,Hombre,43,Picis,Programador,80000.0,161000.0
8754,Hombre,43,Tauro,Programador,65000.0,89000.0
8755,Hombre,38,Picis,Maestro,68000.0,182000.0
8756,Hombre,39,Tauro,Matemático,73000.0,206000.0
8757,Mujer,35,Géminis,Contador,21000.0,60000.0
8758,Hombre,33,Leo,Ingeniero,91000.0,100000.0
8759,Hombre,46,Géminis,Profesor,82000.0,86000.0
8760,Mujer,43,Escorpio,Maestro,43000.0,45000.0
8761,Mujer,40,Virgo,Ingeniero,25000.0,107000.0
8762,Hombre,47,Sagitario,Ingeniero,85000.0,121000.0
8763,Hombre,46,Géminis,Contador,65000.0,162000.0
8764,Mujer,36,Leo,Programador,15000.0,103000.0
8765,Mujer,34,Virgo,Profesor,31000.0,61000.0
8766,Hombre,36,Leo,Economista,51000.0,127000.0
8767,Mujer,46,Libra,Profesor,35000.0,90000.0
8768,Mujer,40,Tauro,Profesor,42000.0,108000.0
8769,Mujer,45,Leo,Profesor,45000.0,62000.0
8770,Mujer,46,Libra,Programador,59000.0,49000.0
8771,Mujer,43,Sagitario,Profesor,17000.0,82000.0
8772,Hombre,42,Cáncer,Físico,75000.0,181000.0
8773,Hombre,48,Aries,Profesor,121000.0,89000.0
8774,Mujer,38,Capricornio,Contador,21000.0,118000.0
8775,Hombre,43,Tauro,Ingeniero,72000.0,97000.0
8776,Hombre,32,Cáncer,Programador,51000.0,170000.0
8777,Hombre,39,Picis,Ingeniero,64000.0,170000.0
8778,Hombre,46,Acuario,Programador,41000.0,208000.0
8779,Hombre,41,Libra,Programador,79000.0,127000.0
8780,Hombre,44,Escorpio,Programador,100000.0,102000.0
8781,Mujer,38,Sagitario,Ingeniero,23000.0,63000.0
8782,Hombre,38,Leo,Programador,69000.0,116000.0
8783,Mujer,40,Virgo,Programador,35000.0,33000.0
8784,Hombre,44,Acuario,Contador,61000.0,110000.0
8785,Mujer,39,Tauro,Profesor,22000.0,80000.0
8786,Mujer,42,Cáncer,Profesor,25000.0,65000.0
8787,Hombre,39,Sagitario,Contador,81000.0,127000.0
8788,Hombre,38,Virgo,Ingeniero,58000.0,162000.0
8789,Mujer,49,Leo,Programador,40000.0,63000.0
8790,Mujer,41,Capricornio,Programador,30000.0,95000.0
8791,Hombre,37,Capricornio,Físico,107000.0,123000.0
8792,Mujer,36,Virgo,Maestro,33000.0,89000.0
8793,Hombre,37,Virgo,Profesor,58000.0,174000.0
8794,Hombre,44,Tauro,Programador,72000.0,156000.0
8795,Mujer,52,Sagitario,Profesor,27000.0,68000.0
8796,Hombre,40,Sagitario,Programador,62000.0,178000.0
8797,Hombre,48,Leo,Programador,74000.0,78000.0
8798,Hombre,34,Tauro,Profesor,63000.0,190000.0
8799,Mujer,40,Capricornio,Programador,40000.0,54000.0
8800,Hombre,40,Capricornio,Programador,63000.0,112000.0
8801,Mujer,41,Leo,Economista,36000.0,85000.0
8802,Mujer,39,Virgo,Programador,20000.0,84000.0
8803,Hombre,41,Géminis,Ingeniero,64000.0,169000.0
8804,Mujer,37,Géminis,Profesor,15000.0,65000.0
8805,Hombre,38,Acuario,Programador,47000.0,146000.0
8806,Hombre,45,Virgo,Matemático,48000.0,144000.0
8807,Mujer,35,Cáncer,Ingeniero,38000.0,71000.0
8808,Hombre,37,Tauro,Programador,78000.0,131000.0
8809,Hombre,44,Virgo,Ingeniero,51000.0,109000.0
8810,Hombre,45,Sagitario,Programador,69000.0,136000.0
8811,Hombre,41,Tauro,Estudiante,81000.0,158000.0
8812,Hombre,39,Géminis,Estudiante,65000.0,115000.0
8813,Hombre,44,Escorpio,Maestro,72000.0,95000.0
8814,Hombre,40,Picis,Físico,113000.0,121000.0
8815,Hombre,44,Picis,Maestro,87000.0,157000.0
8816,Hombre,32,Cáncer,Ingeniero,85000.0,193000.0
8817,Hombre,35,Virgo,Ingeniero,49000.0,111000.0
8818,Hombre,51,Géminis,Matemático,66000.0,127000.0
8819,Hombre,34,Capricornio,Programador,65000.0,99000.0
8820,Hombre,40,Capricornio,Programador,60000.0,188000.0
8821,Mujer,35,Leo,Estudiante,29000.0,117000.0
8822,Mujer,38,Géminis,Ingeniero,36000.0,64000.0
8823,Hombre,41,Aries,Estudiante,90000.0,115000.0
8824,Mujer,41,Aries,Contador,20000.0,89000.0
8825,Hombre,45,Tauro,Ingeniero,70000.0,82000.0
8826,Hombre,38,Tauro,Estudiante,65000.0,140000.0
8827,Hombre,33,Picis,Programador,77000.0,119000.0
8828,Mujer,40,Capricornio,Programador,27000.0,73000.0
8829,Mujer,46,Capricornio,Programador,20000.0,75000.0
8830,Hombre,35,Acuario,Profesor,72000.0,155000.0
8831,Hombre,38,Sagitario,Economista,58000.0,84000.0
8832,Mujer,52,Virgo,Ingeniero,28000.0,81000.0
8833,Hombre,40,Picis,Programador,101000.0,189000.0
8834,Hombre,40,Capricornio,Ingeniero,67000.0,108000.0
8835,Mujer,39,Géminis,Programador,21000.0,75000.0
8836,Mujer,37,Acuario,Ingeniero,43000.0,73000.0
8837,Mujer,44,Tauro,Matemático,24000.0,77000.0
8838,Hombre,45,Acuario,Economista,85000.0,172000.0
8839,Hombre,41,Virgo,Ingeniero,80000.0,150000.0
8840,Hombre,39,Géminis,Programador,84000.0,154000.0
8841,Hombre,40,Tauro,Ingeniero,97000.0,202000.0
8842,Mujer,39,Acuario,Profesor,34000.0,66000.0
8843,Hombre,32,Capricornio,Estudiante,94000.0,93000.0
8844,Hombre,33,Libra,Estudiante,86000.0,122000.0
8845,Mujer,40,Acuario,Ingeniero,48000.0,57000.0
8846,Hombre,36,Géminis,Matemático,83000.0,135000.0
8847,Hombre,35,Picis,Ingeniero,51000.0,127000.0
8848,Hombre,41,Aries,Ingeniero,61000.0,135000.0
8849,Hombre,46,Aries,Ingeniero,104000.0,193000.0
8850,Mujer,33,Aries,Profesor,20000.0,36000.0
8851,Mujer,37,Capricornio,Economista,20000.0,92000.0
8852,Hombre,41,Acuario,Profesor,68000.0,183000.0
8853,Mujer,43,Acuario,Ingeniero,19000.0,43000.0
8854,Hombre,41,Libra,Contador,74000.0,139000.0
8855,Hombre,41,Capricornio,Programador,61000.0,134000.0
8856,Hombre,40,Aries,Matemático,80000.0,116000.0
8857,Hombre,32,Libra,Ingeniero,79000.0,155000.0
8858,Mujer,38,Tauro,Economista,28000.0,93000.0
8859,Hombre,33,Cáncer,Ingeniero,54000.0,103000.0
8860,Hombre,39,Leo,Profesor,120000.0,104000.0
8861,Hombre,40,Aries,Profesor,66000.0,109000.0
8862,Mujer,44,Aries,Ingeniero,27000.0,106000.0
8863,Hombre,36,Virgo,Ingeniero,81000.0,85000.0
8864,Prefiero no decirlo,42,Picis,Programador,23000.0,69000.0
8865,Mujer,46,Capricornio,Ingeniero,24000.0,50000.0
8866,Mujer,35,Aries,Ingeniero,40000.0,48000.0
8867,Hombre,48,Tauro,Profesor,83000.0,157000.0
8868,Hombre,31,Aries,Estudiante,78000.0,162000.0
8869,Hombre,43,Sagitario,Programador,56000.0,160000.0
8870,Mujer,35,Capricornio,Ingeniero,39000.0,72000.0
8871,Prefiero no decirlo,45,Leo,Programador,43000.0,47000.0
8872,Mujer,37,Acuario,Ingeniero,26000.0,46000.0
8873,Hombre,38,Leo,Ingeniero,71000.0,99000.0
8874,Mujer,33,Capricornio,Estudiante,15000.0,62000.0
8875,Hombre,28,Leo,Estudiante,80000.0,126000.0
8876,Mujer,35,Sagitario,Ingeniero,21000.0,45000.0
8877,Mujer,40,Cáncer,Ingeniero,22000.0,114000.0
8878,Hombre,43,Aries,Ingeniero,58000.0,144000.0
8879,Hombre,49,Sagitario,Profesor,86000.0,118000.0
8880,Hombre,32,Escorpio,Programador,83000.0,120000.0
8881,Mujer,39,Géminis,Ingeniero,52000.0,97000.0
8882,Hombre,31,Escorpio,Profesor,87000.0,141000.0
8883,Hombre,38,Leo,Profesor,81000.0,98000.0
8884,Mujer,38,Libra,Programador,15000.0,63000.0
8885,Mujer,34,Acuario,Programador,32000.0,65000.0
8886,Mujer,34,Escorpio,Programador,26000.0,90000.0
8887,Mujer,38,Libra,Profesor,20000.0,76000.0
8888,Mujer,33,Sagitario,Ingeniero,20000.0,62000.0
8889,Hombre,33,Leo,Programador,67000.0,75000.0
8890,Hombre,45,Virgo,Programador,85000.0,108000.0
8891,Hombre,37,Escorpio,Programador,48000.0,158000.0
8892,Hombre,33,Escorpio,Programador,78000.0,120000.0
8893,Hombre,42,Libra,Maestro,81000.0,175000.0
8894,Hombre,48,Escorpio,Maestro,78000.0,105000.0
8895,Mujer,48,Capricornio,Programador,13000.0,56000.0
8896,Hombre,39,Acuario,Ingeniero,94000.0,235000.0
8897,Mujer,38,Géminis,Profesor,28000.0,89000.0
8898,Hombre,44,Aries,Programador,73000.0,181000.0
8899,Hombre,42,Acuario,Físico,87000.0,116000.0
8900,Mujer,45,Virgo,Ingeniero,25000.0,56000.0
8901,Hombre,38,Capricornio,Profesor,51000.0,122000.0
8902,Hombre,42,Aries,Ingeniero,103000.0,162000.0
8903,Mujer,36,Géminis,Ingeniero,29000.0,96000.0
8904,Mujer,43,Aries,Programador,39000.0,50000.0
8905,Mujer,35,Capricornio,Programador,33000.0,186000.0
8906,Hombre,34,Aries,Programador,77000.0,126000.0
8907,Mujer,44,Sagitario,Ingeniero,20000.0,68000.0
8908,Hombre,43,Géminis,Programador,97000.0,114000.0
8909,Hombre,37,Aries,Programador,66000.0,141000.0
8910,Hombre,40,Virgo,Matemático,44000.0,100000.0
8911,Hombre,37,Cáncer,Físico,68000.0,100000.0
8912,Mujer,37,Aries,Profesor,28000.0,84000.0
8913,Mujer,42,Escorpio,Ingeniero,23000.0,109000.0
8914,Hombre,40,Leo,Profesor,44000.0,95000.0
8915,Mujer,41,Escorpio,Programador,32000.0,102000.0
8916,Hombre,32,Libra,Economista,66000.0,124000.0
8917,Mujer,39,Virgo,Profesor,31000.0,52000.0
8918,Hombre,41,Acuario,Programador,81000.0,90000.0
8919,Hombre,44,Tauro,Ingeniero,83000.0,190000.0
8920,Hombre,43,Picis,Programador,97000.0,137000.0
8921,Hombre,36,Escorpio,Ingeniero,92000.0,129000.0
8922,Hombre,38,Cáncer,Programador,86000.0,112000.0
8923,Mujer,40,Géminis,Programador,29000.0,78000.0
8924,Mujer,40,Leo,Ingeniero,36000.0,54000.0
8925,Hombre,44,Tauro,Estudiante,62000.0,108000.0
8926,Hombre,34,Géminis,Profesor,54000.0,156000.0
8927,Mujer,29,Escorpio,Estudiante,31000.0,46000.0
8928,Hombre,41,Géminis,Profesor,88000.0,197000.0
8929,Hombre,44,Tauro,Profesor,56000.0,101000.0
8930,Hombre,39,Virgo,Físico,58000.0,110000.0
8931,Hombre,43,Escorpio,Programador,62000.0,95000.0
8932,Otro,34,Libra,Ingeniero,34000.0,62000.0
8933,Hombre,32,Picis,Ingeniero,61000.0,99000.0
8934,Mujer,42,Cáncer,Físico,26000.0,117000.0
8935,Otro,37,Leo,Ingeniero,24000.0,66000.0
8936,Mujer,40,Leo,Programador,26000.0,119000.0
8937,Mujer,24,Cáncer,Ingeniero,29000.0,69000.0
8938,Prefiero no decirlo,37,Cáncer,Programador,38000.0,74000.0
8939,Hombre,33,Acuario,Programador,88000.0,149000.0
8940,Hombre,44,Acuario,Matemático,67000.0,106000.0
8941,Hombre,38,Escorpio,Profesor,74000.0,108000.0
8942,Hombre,41,Tauro,Programador,89000.0,159000.0
8943,Mujer,38,Cáncer,Profesor,29000.0,40000.0
8944,Mujer,30,Leo,Matemático,22000.0,115000.0
8945,Mujer,41,Cáncer,Estudiante,40000.0,79000.0
8946,Mujer,35,Cáncer,Matemático,27000.0,60000.0
8947,Mujer,42,Géminis,Matemático,26000.0,34000.0
8948,Hombre,34,Cáncer,Programador,55000.0,123000.0
8949,Mujer,35,Virgo,Programador,15000.0,68000.0
8950,Hombre,34,Géminis,Programador,88000.0,133000.0
8951,Prefiero no decirlo,38,Sagitario,Matemático,26000.0,93000.0
8952,Hombre,38,Libra,Programador,62000.0,146000.0
8953,Mujer,44,Acuario,Programador,33000.0,186000.0
8954,Mujer,34,Virgo,Estudiante,20000.0,101000.0
8955,Mujer,47,Aries,Programador,28000.0,96000.0
8956,Hombre,42,Escorpio,Maestro,68000.0,140000.0
8957,Hombre,44,Acuario,Físico,99000.0,69000.0
8958,Prefiero no decirlo,43,Leo,Físico,26000.0,64000.0
8959,Mujer,46,Virgo,Programador,28000.0,49000.0
8960,Mujer,38,Picis,Programador,25000.0,79000.0
8961,Hombre,32,Tauro,Profesor,65000.0,155000.0
8962,Mujer,32,Leo,Programador,41000.0,104000.0
8963,Hombre,36,Leo,Contador,74000.0,179000.0
8964,Hombre,38,Géminis,Contador,72000.0,96000.0
8965,Mujer,44,Tauro,Profesor,31000.0,106000.0
8966,Mujer,43,Virgo,Profesor,33000.0,77000.0
8967,Hombre,43,Libra,Programador,84000.0,72000.0
8968,Hombre,35,Picis,Programador,73000.0,107000.0
8969,Hombre,41,Aries,Profesor,67000.0,121000.0
8970,Hombre,43,Picis,Programador,105000.0,141000.0
8971,Hombre,36,Acuario,Programador,95000.0,151000.0
8972,Hombre,43,Leo,Programador,65000.0,122000.0
8973,Hombre,46,Capricornio,Contador,43000.0,159000.0
8974,Mujer,35,Leo,Profesor,29000.0,67000.0
8975,Hombre,35,Acuario,Profesor,86000.0,102000.0
8976,Prefiero no decirlo,39,Aries,Ingeniero,38000.0,110000.0
8977,Hombre,41,Escorpio,Estudiante,90000.0,106000.0
8978,Mujer,32,Virgo,Profesor,27000.0,130000.0
8979,Mujer,36,Virgo,Programador,26000.0,80000.0
8980,Hombre,40,Aries,Ingeniero,81000.0,212000.0
8981,Hombre,42,Escorpio,Programador,66000.0,143000.0
8982,Hombre,47,Cáncer,Economista,62000.0,149000.0
8983,Mujer,40,Acuario,Ingeniero,22000.0,32000.0
8984,Hombre,46,Picis,Programador,147000.0,93000.0
8985,Mujer,37,Leo,Programador,39000.0,105000.0
8986,Mujer,42,Aries,Físico,19000.0,75000.0
8987,Hombre,47,Picis,Matemático,69000.0,113000.0
8988,Hombre,37,Picis,Maestro,70000.0,105000.0
8989,Hombre,37,Tauro,Profesor,71000.0,136000.0
8990,Hombre,40,Escorpio,Profesor,68000.0,103000.0
8991,Hombre,39,Escorpio,Programador,95000.0,151000.0
8992,Mujer,43,Acuario,Profesor,11000.0,69000.0
8993,Hombre,37,Sagitario,Ingeniero,80000.0,162000.0
8994,Hombre,39,Acuario,Físico,51000.0,157000.0
8995,Hombre,37,Picis,Maestro,75000.0,117000.0
8996,Mujer,30,Virgo,Profesor,16000.0,64000.0
8997,Mujer,39,Capricornio,Ingeniero,19000.0,75000.0
8998,Hombre,39,Cáncer,Programador,66000.0,116000.0
8999,Hombre,39,Cáncer,Profesor,69000.0,126000.0
9000,Hombre,49,Capricornio,Ingeniero,92000.0,128000.0
9001,Hombre,47,Géminis,Economista,73000.0,170000.0
9002,Hombre,42,Tauro,Economista,66000.0,135000.0
9003,Mujer,39,Tauro,Ingeniero,20000.0,71000.0
9004,Mujer,43,Libra,Ingeniero,46000.0,83000.0
9005,Hombre,39,Picis,Programador,87000.0,214000.0
9006,Mujer,42,Acuario,Contador,21000.0,43000.0
9007,Hombre,33,Picis,Programador,78000.0,81000.0
9008,Mujer,37,Cáncer,Estudiante,37000.0,50000.0
9009,Hombre,46,Virgo,Contador,109000.0,167000.0
9010,Hombre,35,Virgo,Programador,77000.0,133000.0
9011,Hombre,30,Picis,Programador,54000.0,134000.0
9012,Hombre,37,Acuario,Físico,61000.0,141000.0
9013,Prefiero no decirlo,41,Virgo,Profesor,24000.0,83000.0
9014,Mujer,45,Aries,Contador,28000.0,76000.0
9015,Hombre,37,Virgo,Programador,86000.0,155000.0
9016,Hombre,37,Capricornio,Programador,71000.0,121000.0
9017,Mujer,37,Acuario,Profesor,24000.0,116000.0
9018,Mujer,43,Libra,Economista,23000.0,56000.0
9019,Hombre,45,Leo,Físico,98000.0,123000.0
9020,Hombre,46,Picis,Ingeniero,52000.0,127000.0
9021,Mujer,39,Virgo,Matemático,19000.0,75000.0
9022,Hombre,35,Tauro,Programador,69000.0,107000.0
9023,Hombre,38,Cáncer,Programador,63000.0,130000.0
9024,Mujer,39,Aries,Matemático,34000.0,97000.0
9025,Mujer,39,Acuario,Profesor,34000.0,70000.0
9026,Prefiero no decirlo,43,Virgo,Programador,40000.0,58000.0
9027,Mujer,47,Capricornio,Profesor,27000.0,201000.0
9028,Mujer,42,Acuario,Ingeniero,19000.0,49000.0
9029,Hombre,32,Tauro,Profesor,104000.0,218000.0
9030,Mujer,42,Picis,Profesor,12000.0,33000.0
9031,Mujer,46,Aries,Programador,30000.0,83000.0
9032,Hombre,35,Sagitario,Programador,91000.0,159000.0
9033,Hombre,37,Picis,Profesor,65000.0,143000.0
9034,Mujer,43,Leo,Estudiante,24000.0,64000.0
9035,Hombre,49,Virgo,Matemático,70000.0,118000.0
9036,Hombre,40,Escorpio,Ingeniero,55000.0,114000.0
9037,Hombre,48,Picis,Profesor,47000.0,114000.0
9038,Mujer,38,Cáncer,Físico,18000.0,81000.0
9039,Hombre,46,Escorpio,Físico,55000.0,102000.0
9040,Mujer,40,Capricornio,Programador,28000.0,90000.0
9041,Hombre,32,Acuario,Programador,61000.0,149000.0
9042,Hombre,36,Sagitario,Profesor,51000.0,182000.0
9043,Hombre,40,Virgo,Físico,48000.0,176000.0
9044,Hombre,42,Virgo,Físico,90000.0,213000.0
9045,Hombre,32,Virgo,Programador,65000.0,160000.0
9046,Hombre,46,Virgo,Físico,92000.0,118000.0
9047,Mujer,32,Acuario,Maestro,26000.0,51000.0
9048,Prefiero no decirlo,30,Aries,Ingeniero,32000.0,87000.0
9049,Hombre,32,Sagitario,Profesor,70000.0,187000.0
9050,Hombre,35,Leo,Programador,68000.0,177000.0
9051,Hombre,51,Escorpio,Programador,69000.0,66000.0
9052,Hombre,47,Picis,Programador,95000.0,224000.0
9053,Hombre,38,Cáncer,Programador,92000.0,116000.0
9054,Hombre,47,Virgo,Ingeniero,72000.0,152000.0
9055,Hombre,37,Aries,Contador,44000.0,147000.0
9056,Mujer,42,Sagitario,Ingeniero,27000.0,64000.0
9057,Hombre,44,Sagitario,Programador,72000.0,127000.0
9058,Mujer,32,Picis,Ingeniero,25000.0,46000.0
9059,Hombre,42,Géminis,Programador,64000.0,174000.0
9060,Mujer,41,Acuario,Matemático,25000.0,59000.0
9061,Mujer,46,Cáncer,Programador,17000.0,54000.0
9062,Mujer,36,Sagitario,Profesor,26000.0,48000.0
9063,Hombre,38,Capricornio,Economista,71000.0,122000.0
9064,Hombre,38,Aries,Programador,75000.0,111000.0
9065,Hombre,33,Cáncer,Economista,63000.0,192000.0
9066,Hombre,49,Libra,Profesor,91000.0,123000.0
9067,Hombre,39,Cáncer,Ingeniero,77000.0,132000.0
9068,Mujer,50,Capricornio,Ingeniero,26000.0,50000.0
9069,Hombre,36,Acuario,Programador,60000.0,161000.0
9070,Hombre,40,Libra,Contador,119000.0,162000.0
9071,Hombre,34,Tauro,Profesor,72000.0,199000.0
9072,Hombre,41,Libra,Economista,66000.0,135000.0
9073,Mujer,39,Aries,Matemático,28000.0,74000.0
9074,Hombre,43,Escorpio,Profesor,92000.0,116000.0
9075,Mujer,44,Sagitario,Programador,22000.0,94000.0
9076,Mujer,40,Libra,Profesor,31000.0,118000.0
9077,Hombre,37,Sagitario,Estudiante,73000.0,167000.0
9078,Hombre,38,Capricornio,Estudiante,68000.0,167000.0
9079,Mujer,39,Sagitario,Economista,28000.0,71000.0
9080,Mujer,44,Escorpio,Programador,21000.0,71000.0
9081,Hombre,46,Cáncer,Ingeniero,68000.0,185000.0
9082,Hombre,43,Acuario,Profesor,82000.0,136000.0
9083,Hombre,34,Aries,Programador,63000.0,139000.0
9084,Hombre,34,Cáncer,Ingeniero,65000.0,156000.0
9085,Mujer,41,Virgo,Matemático,40000.0,49000.0
9086,Hombre,45,Leo,Ingeniero,59000.0,119000.0
9087,Mujer,41,Escorpio,Profesor,18000.0,68000.0
9088,Mujer,42,Picis,Profesor,49000.0,61000.0
9089,Otro,43,Escorpio,Ingeniero,33000.0,91000.0
9090,Mujer,39,Cáncer,Profesor,25000.0,52000.0
9091,Hombre,44,Leo,Matemático,104000.0,113000.0
9092,Hombre,37,Aries,Estudiante,57000.0,76000.0
9093,Hombre,35,Leo,Programador,61000.0,121000.0
9094,Mujer,37,Sagitario,Físico,29000.0,91000.0
9095,Hombre,35,Picis,Economista,84000.0,156000.0
9096,Hombre,44,Acuario,Matemático,91000.0,89000.0
9097,Mujer,43,Leo,Programador,18000.0,67000.0
9098,Mujer,30,Libra,Programador,19000.0,49000.0
9099,Hombre,35,Libra,Ingeniero,72000.0,147000.0
9100,Mujer,37,Tauro,Ingeniero,43000.0,69000.0
9101,Mujer,32,Picis,Programador,30000.0,34000.0
9102,Mujer,42,Leo,Profesor,20000.0,42000.0
9103,Hombre,45,Leo,Programador,102000.0,103000.0
9104,Hombre,37,Libra,Economista,80000.0,125000.0
9105,Hombre,48,Libra,Programador,95000.0,113000.0
9106,Mujer,36,Sagitario,Programador,34000.0,89000.0
9107,Hombre,57,Leo,Maestro,65000.0,132000.0
9108,Mujer,43,Cáncer,Programador,34000.0,59000.0
9109,Mujer,42,Virgo,Físico,18000.0,61000.0
9110,Mujer,39,Cáncer,Profesor,20000.0,139000.0
9111,Mujer,43,Picis,Programador,22000.0,59000.0
9112,Hombre,33,Picis,Físico,77000.0,124000.0
9113,Mujer,42,Cáncer,Ingeniero,33000.0,126000.0
9114,Mujer,51,Acuario,Programador,18000.0,74000.0
9115,Mujer,46,Acuario,Profesor,20000.0,59000.0
9116,Hombre,33,Leo,Programador,77000.0,107000.0
9117,Mujer,38,Escorpio,Programador,22000.0,71000.0
9118,Hombre,34,Sagitario,Ingeniero,86000.0,107000.0
9119,Mujer,41,Libra,Ingeniero,23000.0,80000.0
9120,Mujer,42,Virgo,Físico,46000.0,67000.0
9121,Hombre,41,Escorpio,Profesor,67000.0,117000.0
9122,Mujer,40,Libra,Físico,33000.0,36000.0
9123,Hombre,35,Capricornio,Maestro,54000.0,108000.0
9124,Hombre,38,Leo,Profesor,44000.0,83000.0
9125,Hombre,29,Tauro,Programador,66000.0,114000.0
9126,Hombre,44,Picis,Programador,75000.0,92000.0
9127,Prefiero no decirlo,42,Cáncer,Ingeniero,42000.0,78000.0
9128,Hombre,31,Aries,Programador,58000.0,106000.0
9129,Hombre,42,Libra,Programador,70000.0,146000.0
9130,Hombre,44,Acuario,Ingeniero,105000.0,83000.0
9131,Hombre,48,Géminis,Matemático,100000.0,169000.0
9132,Mujer,36,Leo,Programador,29000.0,94000.0
9133,Mujer,35,Tauro,Ingeniero,27000.0,96000.0
9134,Mujer,40,Capricornio,Programador,27000.0,76000.0
9135,Hombre,37,Tauro,Programador,77000.0,124000.0
9136,Hombre,40,Sagitario,Economista,61000.0,151000.0
9137,Mujer,38,Aries,Ingeniero,28000.0,86000.0
9138,Hombre,42,Cáncer,Programador,79000.0,106000.0
9139,Mujer,43,Aries,Contador,23000.0,64000.0
9140,Otro,33,Libra,Matemático,27000.0,73000.0
9141,Hombre,41,Libra,Matemático,86000.0,153000.0
9142,Hombre,41,Picis,Ingeniero,61000.0,111000.0
9143,Hombre,45,Acuario,Programador,110000.0,162000.0
9144,Hombre,36,Tauro,Programador,84000.0,116000.0
9145,Hombre,47,Libra,Programador,72000.0,139000.0
9146,Mujer,35,Sagitario,Estudiante,26000.0,55000.0
9147,Hombre,47,Acuario,Ingeniero,62000.0,140000.0
9148,Mujer,31,Géminis,Maestro,30000.0,85000.0
9149,Hombre,45,Aries,Físico,111000.0,162000.0
9150,Hombre,36,Escorpio,Maestro,79000.0,96000.0
9151,Mujer,28,Virgo,Físico,22000.0,89000.0
9152,Hombre,41,Picis,Ingeniero,104000.0,115000.0
9153,Hombre,34,Tauro,Programador,75000.0,227000.0
9154,Mujer,43,Capricornio,Matemático,15000.0,76000.0
9155,Mujer,37,Picis,Ingeniero,27000.0,87000.0
9156,Hombre,29,Capricornio,Ingeniero,84000.0,147000.0
9157,Mujer,47,Capricornio,Programador,26000.0,48000.0
9158,Hombre,49,Picis,Profesor,80000.0,126000.0
9159,Mujer,36,Cáncer,Economista,43000.0,96000.0
9160,Hombre,47,Libra,Profesor,72000.0,171000.0
9161,Mujer,37,Virgo,Ingeniero,34000.0,91000.0
9162,Mujer,42,Acuario,Maestro,20000.0,100000.0
9163,Mujer,33,Virgo,Programador,29000.0,90000.0
9164,Mujer,46,Sagitario,Programador,35000.0,77000.0
9165,Prefiero no decirlo,46,Capricornio,Profesor,32000.0,66000.0
9166,Mujer,38,Acuario,Profesor,33000.0,50000.0
9167,Hombre,37,Cáncer,Maestro,54000.0,115000.0
9168,Hombre,43,Aries,Profesor,67000.0,202000.0
9169,Otro,31,Leo,Programador,27000.0,88000.0
9170,Hombre,34,Sagitario,Economista,75000.0,203000.0
9171,Hombre,40,Libra,Ingeniero,67000.0,97000.0
9172,Hombre,49,Escorpio,Matemático,99000.0,119000.0
9173,Otro,41,Cáncer,Economista,28000.0,70000.0
9174,Mujer,41,Acuario,Programador,16000.0,59000.0
9175,Hombre,33,Libra,Programador,94000.0,128000.0
9176,Hombre,50,Cáncer,Ingeniero,92000.0,161000.0
9177,Hombre,41,Capricornio,Programador,122000.0,94000.0
9178,Prefiero no decirlo,37,Géminis,Matemático,28000.0,99000.0
9179,Hombre,48,Escorpio,Ingeniero,57000.0,157000.0
9180,Mujer,36,Tauro,Matemático,17000.0,88000.0
9181,Hombre,40,Leo,Programador,85000.0,188000.0
9182,Hombre,37,Géminis,Profesor,56000.0,115000.0
9183,Hombre,32,Aries,Programador,76000.0,147000.0
9184,Prefiero no decirlo,39,Capricornio,Contador,20000.0,62000.0
9185,Hombre,42,Libra,Programador,61000.0,107000.0
9186,Hombre,29,Picis,Ingeniero,68000.0,196000.0
9187,Mujer,48,Capricornio,Programador,22000.0,94000.0
9188,Mujer,35,Libra,Ingeniero,20000.0,129000.0
9189,Hombre,41,Escorpio,Programador,86000.0,122000.0
9190,Mujer,43,Aries,Ingeniero,18000.0,82000.0
9191,Mujer,35,Virgo,Programador,27000.0,84000.0
9192,Hombre,43,Capricornio,Físico,81000.0,124000.0
9193,Hombre,53,Géminis,Contador,47000.0,179000.0
9194,Mujer,37,Picis,Estudiante,20000.0,78000.0
9195,Mujer,42,Sagitario,Profesor,30000.0,75000.0
9196,Hombre,41,Libra,Ingeniero,65000.0,91000.0
9197,Hombre,38,Acuario,Economista,48000.0,192000.0
9198,Mujer,48,Aries,Ingeniero,24000.0,62000.0
9199,Mujer,42,Tauro,Programador,20000.0,55000.0
9200,Hombre,47,Libra,Ingeniero,63000.0,175000.0
9201,Mujer,41,Virgo,Profesor,31000.0,75000.0
9202,Hombre,44,Capricornio,Programador,67000.0,120000.0
9203,Hombre,30,Aries,Programador,82000.0,118000.0
9204,Hombre,33,Virgo,Matemático,92000.0,85000.0
9205,Hombre,32,Aries,Ingeniero,64000.0,114000.0
9206,Mujer,38,Leo,Físico,26000.0,53000.0
9207,Mujer,36,Acuario,Ingeniero,26000.0,80000.0
9208,Mujer,28,Libra,Programador,26000.0,71000.0
9209,Hombre,38,Virgo,Profesor,65000.0,127000.0
9210,Hombre,45,Aries,Profesor,61000.0,111000.0
9211,Mujer,36,Aries,Matemático,26000.0,49000.0
9212,Mujer,40,Cáncer,Programador,22000.0,66000.0
9213,Hombre,38,Leo,Programador,51000.0,123000.0
9214,Hombre,49,Cáncer,Economista,65000.0,134000.0
9215,Hombre,38,Sagitario,Estudiante,69000.0,103000.0
9216,Mujer,33,Cáncer,Matemático,23000.0,95000.0
9217,Hombre,42,Aries,Profesor,91000.0,104000.0
9218,Hombre,36,Géminis,Profesor,70000.0,126000.0
9219,Mujer,34,Tauro,Físico,15000.0,59000.0
9220,Mujer,39,Géminis,Contador,19000.0,75000.0
9221,Hombre,43,Tauro,Físico,69000.0,165000.0
9222,Hombre,30,Acuario,Programador,70000.0,91000.0
9223,Hombre,42,Sagitario,Programador,69000.0,132000.0
9224,Hombre,42,Cáncer,Ingeniero,60000.0,89000.0
9225,Mujer,41,Aries,Economista,25000.0,83000.0
9226,Hombre,51,Cáncer,Estudiante,89000.0,184000.0
9227,Hombre,40,Acuario,Ingeniero,87000.0,123000.0
9228,Hombre,40,Picis,Profesor,67000.0,105000.0
9229,Hombre,38,Tauro,Ingeniero,43000.0,56000.0
9230,Hombre,41,Escorpio,Contador,79000.0,201000.0
9231,Mujer,39,Libra,Programador,35000.0,112000.0
9232,Hombre,33,Virgo,Ingeniero,61000.0,164000.0
9233,Mujer,42,Picis,Profesor,11000.0,61000.0
9234,Mujer,39,Virgo,Programador,38000.0,33000.0
9235,Hombre,34,Cáncer,Ingeniero,63000.0,138000.0
9236,Hombre,41,Capricornio,Programador,83000.0,98000.0
9237,Mujer,31,Sagitario,Ingeniero,35000.0,64000.0
9238,Prefiero no decirlo,43,Picis,Profesor,27000.0,70000.0
9239,Hombre,39,Cáncer,Programador,65000.0,167000.0
9240,Mujer,46,Sagitario,Profesor,25000.0,119000.0
9241,Mujer,36,Virgo,Profesor,26000.0,68000.0
9242,Hombre,41,Acuario,Ingeniero,52000.0,152000.0
9243,Mujer,36,Escorpio,Ingeniero,49000.0,47000.0
9244,Mujer,36,Sagitario,Programador,19000.0,119000.0
9245,Hombre,36,Escorpio,Programador,79000.0,114000.0
9246,Mujer,39,Escorpio,Ingeniero,26000.0,46000.0
9247,Hombre,43,Aries,Ingeniero,65000.0,130000.0
9248,Mujer,42,Tauro,Maestro,22000.0,70000.0
9249,Hombre,46,Tauro,Estudiante,76000.0,181000.0
9250,Mujer,37,Sagitario,Programador,15000.0,68000.0
9251,Prefiero no decirlo,39,Aries,Profesor,29000.0,60000.0
9252,Mujer,42,Géminis,Matemático,23000.0,65000.0
9253,Hombre,36,Acuario,Programador,80000.0,119000.0
9254,Mujer,32,Escorpio,Profesor,24000.0,84000.0
9255,Hombre,43,Virgo,Profesor,114000.0,172000.0
9256,Hombre,45,Escorpio,Profesor,54000.0,107000.0
9257,Hombre,38,Capricornio,Programador,71000.0,147000.0
9258,Hombre,39,Aries,Programador,85000.0,137000.0
9259,Hombre,50,Virgo,Programador,65000.0,106000.0
9260,Mujer,44,Capricornio,Ingeniero,20000.0,80000.0
9261,Mujer,45,Acuario,Ingeniero,26000.0,63000.0
9262,Prefiero no decirlo,39,Leo,Profesor,32000.0,80000.0
9263,Hombre,35,Libra,Programador,79000.0,237000.0
9264,Hombre,32,Picis,Programador,77000.0,167000.0
9265,Hombre,39,Leo,Maestro,69000.0,153000.0
9266,Hombre,49,Tauro,Economista,64000.0,131000.0
9267,Hombre,50,Capricornio,Programador,61000.0,156000.0
9268,Mujer,30,Sagitario,Ingeniero,19000.0,61000.0
9269,Hombre,46,Cáncer,Contador,77000.0,148000.0
9270,Hombre,34,Libra,Ingeniero,86000.0,126000.0
9271,Hombre,41,Géminis,Profesor,79000.0,109000.0
9272,Hombre,32,Libra,Programador,58000.0,172000.0
9273,Hombre,36,Cáncer,Programador,66000.0,205000.0
9274,Hombre,39,Capricornio,Ingeniero,63000.0,159000.0
9275,Otro,43,Acuario,Programador,26000.0,74000.0
9276,Hombre,46,Géminis,Programador,73000.0,131000.0
9277,Hombre,41,Tauro,Profesor,65000.0,154000.0
9278,Hombre,43,Géminis,Matemático,51000.0,182000.0
9279,Mujer,41,Cáncer,Profesor,29000.0,63000.0
9280,Hombre,34,Tauro,Economista,48000.0,107000.0
9281,Mujer,50,Capricornio,Economista,35000.0,54000.0
9282,Hombre,44,Escorpio,Ingeniero,51000.0,198000.0
9283,Mujer,42,Géminis,Ingeniero,27000.0,50000.0
9284,Hombre,42,Escorpio,Matemático,89000.0,165000.0
9285,Hombre,42,Géminis,Matemático,59000.0,102000.0
9286,Hombre,35,Leo,Contador,63000.0,151000.0
9287,Prefiero no decirlo,43,Sagitario,Ingeniero,21000.0,79000.0
9288,Otro,30,Leo,Ingeniero,33000.0,81000.0
9289,Mujer,36,Libra,Programador,55000.0,75000.0
9290,Prefiero no decirlo,41,Tauro,Profesor,27000.0,88000.0
9291,Hombre,39,Aries,Físico,78000.0,128000.0
9292,Mujer,44,Libra,Programador,36000.0,113000.0
9293,Hombre,30,Libra,Ingeniero,108000.0,114000.0
9294,Hombre,36,Aries,Programador,81000.0,145000.0
9295,Hombre,43,Sagitario,Programador,64000.0,210000.0
9296,Mujer,38,Acuario,Programador,33000.0,35000.0
9297,Mujer,40,Libra,Físico,26000.0,72000.0
9298,Mujer,40,Picis,Profesor,39000.0,52000.0
9299,Hombre,36,Leo,Profesor,80000.0,95000.0
9300,Mujer,30,Picis,Programador,17000.0,87000.0
9301,Hombre,42,Libra,Profesor,49000.0,130000.0
9302,Mujer,36,Sagitario,Profesor,31000.0,96000.0
9303,Hombre,37,Cáncer,Ingeniero,76000.0,163000.0
9304,Hombre,38,Leo,Ingeniero,52000.0,191000.0
9305,Mujer,45,Capricornio,Programador,22000.0,75000.0
9306,Hombre,35,Acuario,Matemático,87000.0,112000.0
9307,Hombre,34,Picis,Programador,76000.0,203000.0
9308,Hombre,40,Tauro,Matemático,115000.0,101000.0
9309,Hombre,45,Libra,Programador,85000.0,160000.0
9310,Hombre,41,Acuario,Matemático,66000.0,142000.0
9311,Mujer,45,Tauro,Profesor,27000.0,53000.0
9312,Hombre,32,Leo,Ingeniero,90000.0,116000.0
9313,Hombre,38,Leo,Programador,64000.0,188000.0
9314,Hombre,39,Leo,Programador,80000.0,136000.0
9315,Hombre,28,Escorpio,Programador,63000.0,189000.0
9316,Hombre,45,Leo,Maestro,87000.0,123000.0
9317,Hombre,48,Libra,Programador,89000.0,158000.0
9318,Hombre,31,Leo,Ingeniero,77000.0,179000.0
9319,Hombre,33,Aries,Profesor,82000.0,130000.0
9320,Prefiero no decirlo,45,Sagitario,Ingeniero,31000.0,104000.0
9321,Mujer,51,Escorpio,Programador,41000.0,58000.0
9322,Hombre,40,Aries,Programador,82000.0,148000.0
9323,Mujer,37,Escorpio,Físico,18000.0,76000.0
9324,Mujer,45,Aries,Programador,22000.0,56000.0
9325,Hombre,42,Libra,Profesor,85000.0,166000.0
9326,Hombre,41,Leo,Ingeniero,63000.0,121000.0
9327,Hombre,37,Virgo,Ingeniero,77000.0,108000.0
9328,Mujer,44,Picis,Programador,40000.0,46000.0
9329,Hombre,37,Virgo,Maestro,79000.0,122000.0
9330,Mujer,34,Virgo,Ingeniero,23000.0,157000.0
9331,Mujer,44,Sagitario,Programador,17000.0,61000.0
9332,Hombre,37,Leo,Ingeniero,104000.0,142000.0
9333,Hombre,40,Escorpio,Ingeniero,66000.0,125000.0
9334,Mujer,32,Libra,Programador,29000.0,58000.0
9335,Hombre,37,Leo,Profesor,49000.0,161000.0
9336,Hombre,34,Escorpio,Ingeniero,79000.0,334000.0
9337,Hombre,41,Picis,Economista,86000.0,150000.0
9338,Hombre,36,Cáncer,Programador,90000.0,200000.0
9339,Hombre,34,Virgo,Contador,64000.0,131000.0
9340,Mujer,41,Picis,Programador,34000.0,65000.0
9341,Hombre,39,Escorpio,Ingeniero,52000.0,109000.0
9342,Hombre,40,Géminis,Programador,84000.0,78000.0
9343,Hombre,44,Picis,Economista,72000.0,150000.0
9344,Hombre,38,Géminis,Programador,85000.0,103000.0
9345,Hombre,40,Picis,Programador,68000.0,79000.0
9346,Hombre,37,Leo,Contador,71000.0,88000.0
9347,Hombre,40,Cáncer,Programador,74000.0,154000.0
9348,Hombre,38,Sagitario,Programador,54000.0,130000.0
9349,Mujer,36,Aries,Ingeniero,23000.0,69000.0
9350,Mujer,39,Sagitario,Contador,22000.0,61000.0
9351,Hombre,38,Leo,Programador,92000.0,153000.0
9352,Mujer,39,Leo,Matemático,14000.0,43000.0
9353,Mujer,38,Acuario,Ingeniero,14000.0,87000.0
9354,Hombre,37,Géminis,Estudiante,61000.0,139000.0
9355,Hombre,42,Virgo,Profesor,72000.0,88000.0
9356,Hombre,45,Tauro,Profesor,74000.0,132000.0
9357,Hombre,29,Escorpio,Programador,68000.0,212000.0
9358,Mujer,43,Sagitario,Programador,20000.0,68000.0
9359,Mujer,40,Capricornio,Profesor,30000.0,32000.0
9360,Mujer,40,Capricornio,Profesor,25000.0,64000.0
9361,Hombre,39,Cáncer,Programador,57000.0,99000.0
9362,Hombre,39,Leo,Programador,79000.0,133000.0
9363,Hombre,33,Escorpio,Profesor,66000.0,71000.0
9364,Mujer,30,Acuario,Profesor,22000.0,75000.0
9365,Hombre,34,Cáncer,Programador,66000.0,78000.0
9366,Hombre,32,Aries,Matemático,69000.0,128000.0
9367,Hombre,48,Tauro,Ingeniero,103000.0,145000.0
9368,Hombre,43,Escorpio,Profesor,105000.0,148000.0
9369,Hombre,39,Picis,Físico,67000.0,140000.0
9370,Hombre,43,Cáncer,Profesor,93000.0,117000.0
9371,Hombre,35,Géminis,Contador,74000.0,80000.0
9372,Hombre,41,Libra,Profesor,73000.0,153000.0
9373,Prefiero no decirlo,31,Escorpio,Programador,30000.0,85000.0
9374,Hombre,36,Virgo,Profesor,101000.0,96000.0
9375,Hombre,32,Picis,Economista,78000.0,104000.0
9376,Hombre,40,Géminis,Programador,75000.0,132000.0
9377,Hombre,28,Picis,Profesor,69000.0,189000.0
9378,Mujer,44,Sagitario,Programador,29000.0,58000.0
9379,Mujer,31,Cáncer,Programador,26000.0,168000.0
9380,Hombre,44,Capricornio,Profesor,86000.0,89000.0
9381,Mujer,48,Acuario,Estudiante,35000.0,54000.0
9382,Hombre,33,Géminis,Programador,51000.0,144000.0
9383,Mujer,33,Géminis,Físico,33000.0,100000.0
9384,Hombre,37,Tauro,Economista,70000.0,93000.0
9385,Hombre,43,Cáncer,Ingeniero,73000.0,128000.0
9386,Hombre,46,Virgo,Contador,49000.0,111000.0
9387,Mujer,35,Leo,Ingeniero,33000.0,69000.0
9388,Hombre,37,Leo,Economista,88000.0,146000.0
9389,Mujer,33,Cáncer,Programador,22000.0,70000.0
9390,Mujer,41,Géminis,Ingeniero,32000.0,68000.0
9391,Hombre,45,Libra,Contador,72000.0,131000.0
9392,Mujer,33,Escorpio,Profesor,27000.0,49000.0
9393,Mujer,43,Leo,Maestro,18000.0,44000.0
9394,Mujer,31,Capricornio,Programador,21000.0,132000.0
9395,Hombre,36,Acuario,Programador,65000.0,131000.0
9396,Mujer,37,Leo,Ingeniero,26000.0,132000.0
9397,Hombre,38,Aries,Programador,60000.0,103000.0
9398,Mujer,29,Géminis,Ingeniero,35000.0,98000.0
9399,Mujer,41,Escorpio,Ingeniero,21000.0,53000.0
9400,Mujer,33,Libra,Programador,32000.0,66000.0
9401,Hombre,44,Géminis,Programador,83000.0,142000.0
9402,Hombre,42,Escorpio,Contador,83000.0,113000.0
9403,Hombre,47,Géminis,Programador,89000.0,137000.0
9404,Hombre,44,Libra,Ingeniero,89000.0,173000.0
9405,Hombre,43,Leo,Contador,55000.0,145000.0
9406,Hombre,37,Leo,Ingeniero,67000.0,134000.0
9407,Hombre,34,Leo,Matemático,85000.0,105000.0
9408,Mujer,42,Picis,Programador,20000.0,86000.0
9409,Mujer,34,Escorpio,Físico,31000.0,44000.0
9410,Mujer,41,Aries,Maestro,23000.0,119000.0
9411,Hombre,28,Leo,Maestro,75000.0,102000.0
9412,Hombre,34,Acuario,Programador,72000.0,73000.0
9413,Hombre,42,Acuario,Profesor,67000.0,171000.0
9414,Mujer,33,Géminis,Programador,23000.0,49000.0
9415,Hombre,40,Libra,Ingeniero,103000.0,83000.0
9416,Mujer,35,Tauro,Ingeniero,26000.0,81000.0
9417,Hombre,33,Libra,Profesor,50000.0,145000.0
9418,Mujer,33,Leo,Contador,27000.0,63000.0
9419,Hombre,44,Libra,Profesor,92000.0,133000.0
9420,Hombre,35,Géminis,Programador,82000.0,135000.0
9421,Mujer,33,Escorpio,Programador,18000.0,64000.0
9422,Mujer,44,Sagitario,Profesor,17000.0,71000.0
9423,Hombre,38,Aries,Programador,77000.0,115000.0
9424,Hombre,37,Sagitario,Programador,74000.0,112000.0
9425,Hombre,31,Aries,Físico,52000.0,131000.0
9426,Hombre,38,Sagitario,Matemático,71000.0,130000.0
9427,Hombre,35,Capricornio,Ingeniero,64000.0,135000.0
9428,Otro,41,Tauro,Programador,22000.0,78000.0
9429,Hombre,46,Virgo,Profesor,90000.0,130000.0
9430,Mujer,46,Tauro,Programador,27000.0,73000.0
9431,Mujer,40,Aries,Estudiante,30000.0,96000.0
9432,Hombre,41,Sagitario,Ingeniero,65000.0,204000.0
9433,Hombre,37,Capricornio,Ingeniero,59000.0,110000.0
9434,Hombre,42,Sagitario,Programador,75000.0,127000.0
9435,Mujer,33,Picis,Matemático,32000.0,61000.0
9436,Hombre,40,Escorpio,Contador,100000.0,107000.0
9437,Mujer,35,Aries,Programador,38000.0,72000.0
9438,Hombre,42,Sagitario,Ingeniero,110000.0,196000.0
9439,Hombre,37,Escorpio,Físico,75000.0,89000.0
9440,Hombre,34,Escorpio,Profesor,61000.0,156000.0
9441,Mujer,35,Capricornio,Programador,30000.0,69000.0
9442,Hombre,33,Libra,Programador,87000.0,106000.0
9443,Hombre,37,Virgo,Estudiante,102000.0,140000.0
9444,Hombre,44,Libra,Programador,67000.0,114000.0
9445,Hombre,41,Aries,Profesor,69000.0,99000.0
9446,Mujer,44,Libra,Ingeniero,30000.0,164000.0
9447,Hombre,43,Aries,Programador,118000.0,148000.0
9448,Hombre,33,Capricornio,Programador,76000.0,118000.0
9449,Mujer,45,Tauro,Profesor,24000.0,55000.0
9450,Mujer,39,Capricornio,Físico,32000.0,92000.0
9451,Mujer,43,Cáncer,Programador,44000.0,57000.0
9452,Hombre,36,Géminis,Programador,58000.0,148000.0
9453,Hombre,43,Leo,Programador,72000.0,160000.0
9454,Hombre,44,Libra,Ingeniero,52000.0,158000.0
9455,Mujer,26,Capricornio,Profesor,22000.0,94000.0
9456,Mujer,43,Géminis,Ingeniero,36000.0,73000.0
9457,Hombre,40,Escorpio,Físico,79000.0,185000.0
9458,Hombre,44,Virgo,Ingeniero,114000.0,129000.0
9459,Mujer,44,Picis,Estudiante,32000.0,45000.0
9460,Hombre,34,Capricornio,Programador,90000.0,128000.0
9461,Hombre,41,Géminis,Programador,67000.0,147000.0
9462,Hombre,38,Picis,Profesor,88000.0,151000.0
9463,Mujer,38,Capricornio,Programador,25000.0,96000.0
9464,Mujer,42,Cáncer,Ingeniero,14000.0,75000.0
9465,Mujer,39,Aries,Contador,26000.0,33000.0
9466,Hombre,38,Libra,Ingeniero,55000.0,183000.0
9467,Hombre,45,Leo,Profesor,93000.0,166000.0
9468,Hombre,34,Escorpio,Profesor,96000.0,71000.0
9469,Hombre,42,Cáncer,Programador,93000.0,154000.0
9470,Mujer,41,Cáncer,Físico,31000.0,78000.0
9471,Prefiero no decirlo,38,Picis,Programador,31000.0,110000.0
9472,Mujer,47,Leo,Profesor,24000.0,86000.0
9473,Hombre,38,Aries,Economista,81000.0,159000.0
9474,Hombre,41,Virgo,Programador,64000.0,108000.0
9475,Mujer,43,Cáncer,Profesor,25000.0,82000.0
9476,Hombre,45,Sagitario,Profesor,70000.0,116000.0
9477,Mujer,41,Aries,Profesor,20000.0,37000.0
9478,Hombre,37,Sagitario,Programador,65000.0,107000.0
9479,Mujer,48,Virgo,Programador,42000.0,78000.0
9480,Hombre,35,Sagitario,Ingeniero,63000.0,84000.0
9481,Mujer,33,Leo,Ingeniero,15000.0,48000.0
9482,Hombre,36,Escorpio,Profesor,116000.0,208000.0
9483,Hombre,31,Escorpio,Matemático,86000.0,192000.0
9484,Mujer,35,Tauro,Programador,28000.0,108000.0
9485,Hombre,36,Géminis,Profesor,55000.0,181000.0
9486,Hombre,42,Libra,Programador,72000.0,137000.0
9487,Hombre,40,Leo,Programador,76000.0,92000.0
9488,Mujer,34,Aries,Programador,25000.0,63000.0
9489,Hombre,39,Cáncer,Programador,56000.0,162000.0
9490,Hombre,37,Virgo,Profesor,65000.0,223000.0
9491,Hombre,41,Cáncer,Físico,54000.0,145000.0
9492,Mujer,32,Géminis,Programador,28000.0,61000.0
9493,Hombre,42,Acuario,Ingeniero,51000.0,81000.0
9494,Hombre,32,Acuario,Ingeniero,71000.0,156000.0
9495,Hombre,33,Aries,Programador,86000.0,144000.0
9496,Hombre,31,Leo,Ingeniero,83000.0,158000.0
9497,Mujer,38,Sagitario,Ingeniero,30000.0,110000.0
9498,Mujer,29,Cáncer,Estudiante,18000.0,44000.0
9499,Mujer,54,Cáncer,Ingeniero,42000.0,66000.0
9500,Mujer,35,Picis,Profesor,24000.0,57000.0
9501,Prefiero no decirlo,40,Virgo,Ingeniero,33000.0,80000.0
9502,Mujer,45,Capricornio,Profesor,16000.0,54000.0
9503,Hombre,35,Tauro,Programador,89000.0,121000.0
9504,Hombre,45,Sagitario,Ingeniero,50000.0,154000.0
9505,Hombre,41,Cáncer,Economista,88000.0,127000.0
9506,Mujer,33,Aries,Ingeniero,47000.0,56000.0
9507,Hombre,33,Sagitario,Profesor,88000.0,173000.0
9508,Hombre,30,Leo,Físico,63000.0,154000.0
9509,Mujer,38,Acuario,Físico,24000.0,114000.0
9510,Hombre,36,Géminis,Ingeniero,78000.0,161000.0
9511,Mujer,32,Libra,Programador,32000.0,60000.0
9512,Mujer,51,Aries,Contador,20000.0,76000.0
9513,Hombre,37,Aries,Matemático,55000.0,158000.0
9514,Mujer,46,Acuario,Ingeniero,32000.0,69000.0
9515,Hombre,36,Aries,Matemático,68000.0,157000.0
9516,Hombre,41,Escorpio,Matemático,65000.0,113000.0
9517,Mujer,40,Leo,Programador,19000.0,106000.0
9518,Hombre,35,Leo,Ingeniero,79000.0,119000.0
9519,Hombre,42,Aries,Ingeniero,57000.0,98000.0
9520,Mujer,35,Picis,Programador,29000.0,70000.0
9521,Hombre,33,Escorpio,Estudiante,55000.0,129000.0
9522,Hombre,43,Acuario,Programador,79000.0,104000.0
9523,Hombre,48,Géminis,Programador,59000.0,193000.0
9524,Mujer,43,Picis,Ingeniero,41000.0,80000.0
9525,Hombre,42,Acuario,Profesor,99000.0,152000.0
9526,Mujer,36,Picis,Profesor,29000.0,69000.0
9527,Mujer,28,Escorpio,Profesor,14000.0,95000.0
9528,Hombre,37,Libra,Programador,95000.0,128000.0
9529,Hombre,33,Escorpio,Ingeniero,67000.0,114000.0
9530,Hombre,27,Escorpio,Profesor,66000.0,145000.0
9531,Hombre,46,Aries,Matemático,84000.0,110000.0
9532,Hombre,42,Aries,Matemático,51000.0,193000.0
9533,Hombre,40,Sagitario,Programador,51000.0,143000.0
9534,Hombre,42,Libra,Economista,74000.0,187000.0
9535,Hombre,41,Cáncer,Estudiante,90000.0,91000.0
9536,Hombre,43,Libra,Programador,68000.0,125000.0
9537,Hombre,40,Géminis,Profesor,101000.0,202000.0
9538,Hombre,43,Leo,Programador,55000.0,115000.0
9539,Hombre,46,Aries,Programador,70000.0,147000.0
9540,Hombre,36,Cáncer,Maestro,66000.0,130000.0
9541,Hombre,35,Sagitario,Profesor,70000.0,131000.0
9542,Mujer,35,Acuario,Ingeniero,32000.0,36000.0
9543,Hombre,35,Cáncer,Programador,87000.0,134000.0
9544,Hombre,43,Cáncer,Programador,78000.0,178000.0
9545,Hombre,35,Leo,Contador,44000.0,195000.0
9546,Mujer,30,Cáncer,Programador,27000.0,44000.0
9547,Mujer,40,Picis,Programador,25000.0,67000.0
9548,Hombre,44,Aries,Maestro,111000.0,149000.0
9549,Hombre,45,Sagitario,Economista,58000.0,99000.0
9550,Hombre,46,Tauro,Economista,85000.0,160000.0
9551,Hombre,43,Géminis,Programador,102000.0,183000.0
9552,Mujer,43,Géminis,Profesor,16000.0,97000.0
9553,Hombre,34,Acuario,Programador,61000.0,146000.0
9554,Hombre,43,Libra,Contador,70000.0,170000.0
9555,Mujer,40,Escorpio,Profesor,15000.0,102000.0
9556,Mujer,44,Picis,Programador,34000.0,103000.0
9557,Hombre,32,Tauro,Programador,76000.0,214000.0
9558,Mujer,37,Virgo,Programador,18000.0,121000.0
9559,Hombre,34,Virgo,Profesor,94000.0,130000.0
9560,Hombre,39,Sagitario,Físico,89000.0,106000.0
9561,Mujer,39,Picis,Profesor,28000.0,93000.0
9562,Hombre,33,Escorpio,Físico,55000.0,104000.0
9563,Mujer,36,Géminis,Profesor,19000.0,80000.0
9564,Hombre,39,Acuario,Economista,102000.0,184000.0
9565,Hombre,46,Aries,Contador,69000.0,139000.0
9566,Hombre,36,Escorpio,Ingeniero,81000.0,110000.0
9567,Hombre,37,Escorpio,Ingeniero,65000.0,233000.0
9568,Hombre,39,Géminis,Programador,61000.0,111000.0
9569,Mujer,51,Aries,Profesor,40000.0,94000.0
9570,Mujer,45,Capricornio,Profesor,12000.0,81000.0
9571,Hombre,40,Capricornio,Programador,66000.0,84000.0
9572,Hombre,37,Capricornio,Programador,68000.0,124000.0
9573,Hombre,32,Acuario,Profesor,67000.0,202000.0
9574,Mujer,37,Capricornio,Programador,33000.0,70000.0
9575,Prefiero no decirlo,53,Escorpio,Profesor,31000.0,112000.0
9576,Hombre,35,Sagitario,Ingeniero,54000.0,141000.0
9577,Mujer,35,Leo,Ingeniero,27000.0,73000.0
9578,Hombre,42,Cáncer,Programador,66000.0,145000.0
9579,Hombre,31,Picis,Programador,95000.0,183000.0
9580,Mujer,48,Aries,Ingeniero,18000.0,69000.0
9581,Hombre,42,Virgo,Programador,79000.0,121000.0
9582,Hombre,43,Leo,Contador,95000.0,111000.0
9583,Hombre,34,Leo,Profesor,66000.0,108000.0
9584,Mujer,35,Escorpio,Maestro,41000.0,48000.0
9585,Hombre,41,Tauro,Estudiante,50000.0,88000.0
9586,Mujer,42,Picis,Economista,18000.0,53000.0
9587,Hombre,37,Acuario,Ingeniero,71000.0,126000.0
9588,Hombre,39,Sagitario,Programador,63000.0,121000.0
9589,Hombre,43,Tauro,Programador,92000.0,176000.0
9590,Mujer,46,Géminis,Profesor,38000.0,99000.0
9591,Hombre,40,Acuario,Profesor,66000.0,127000.0
9592,Mujer,45,Tauro,Profesor,22000.0,51000.0
9593,Mujer,41,Acuario,Programador,26000.0,100000.0
9594,Hombre,37,Tauro,Estudiante,99000.0,111000.0
9595,Mujer,36,Tauro,Profesor,30000.0,80000.0
9596,Mujer,37,Virgo,Profesor,25000.0,83000.0
9597,Hombre,41,Leo,Programador,41000.0,126000.0
9598,Hombre,44,Cáncer,Ingeniero,66000.0,151000.0
9599,Mujer,44,Virgo,Contador,29000.0,61000.0
9600,Hombre,37,Picis,Programador,72000.0,74000.0
9601,Mujer,39,Leo,Programador,22000.0,88000.0
9602,Mujer,39,Cáncer,Matemático,42000.0,73000.0
9603,Hombre,46,Libra,Ingeniero,84000.0,130000.0
9604,Hombre,32,Aries,Profesor,118000.0,178000.0
9605,Mujer,29,Géminis,Economista,20000.0,69000.0
9606,Hombre,39,Sagitario,Programador,67000.0,144000.0
9607,Hombre,45,Sagitario,Matemático,66000.0,154000.0
9608,Hombre,37,Tauro,Contador,116000.0,128000.0
9609,Mujer,46,Picis,Matemático,17000.0,108000.0
9610,Mujer,38,Escorpio,Programador,26000.0,40000.0
9611,Mujer,36,Acuario,Programador,24000.0,111000.0
9612,Hombre,36,Géminis,Programador,52000.0,126000.0
9613,Mujer,43,Cáncer,Ingeniero,24000.0,34000.0
9614,Mujer,38,Sagitario,Profesor,31000.0,79000.0
9615,Hombre,36,Virgo,Profesor,77000.0,148000.0
9616,Mujer,32,Escorpio,Contador,14000.0,104000.0
9617,Hombre,42,Leo,Estudiante,65000.0,187000.0
9618,Mujer,46,Capricornio,Contador,39000.0,35000.0
9619,Hombre,45,Libra,Programador,67000.0,113000.0
9620,Hombre,41,Escorpio,Ingeniero,66000.0,128000.0
9621,Mujer,38,Cáncer,Ingeniero,40000.0,51000.0
9622,Hombre,34,Libra,Estudiante,69000.0,177000.0
9623,Hombre,35,Picis,Programador,64000.0,116000.0
9624,Mujer,40,Sagitario,Ingeniero,24000.0,92000.0
9625,Mujer,35,Libra,Programador,14000.0,63000.0
9626,Mujer,39,Aries,Programador,27000.0,109000.0
9627,Hombre,36,Libra,Contador,93000.0,229000.0
9628,Otro,42,Tauro,Programador,31000.0,62000.0
9629,Hombre,43,Sagitario,Programador,55000.0,102000.0
9630,Hombre,39,Aries,Programador,70000.0,124000.0
9631,Mujer,35,Géminis,Programador,25000.0,78000.0
9632,Hombre,41,Tauro,Programador,60000.0,145000.0
9633,Mujer,43,Cáncer,Programador,38000.0,87000.0
9634,Hombre,41,Escorpio,Profesor,71000.0,142000.0
9635,Mujer,42,Acuario,Economista,19000.0,46000.0
9636,Hombre,41,Tauro,Matemático,52000.0,138000.0
9637,Mujer,47,Escorpio,Ingeniero,28000.0,64000.0
9638,Mujer,39,Acuario,Programador,24000.0,45000.0
9639,Hombre,35,Tauro,Programador,44000.0,123000.0
9640,Hombre,27,Leo,Programador,46000.0,86000.0
9641,Hombre,46,Escorpio,Profesor,99000.0,127000.0
9642,Hombre,38,Libra,Contador,96000.0,104000.0
9643,Mujer,31,Picis,Maestro,19000.0,57000.0
9644,Hombre,29,Leo,Programador,73000.0,150000.0
9645,Hombre,41,Tauro,Profesor,104000.0,121000.0
9646,Hombre,39,Aries,Profesor,60000.0,216000.0
9647,Hombre,43,Tauro,Profesor,96000.0,142000.0
9648,Mujer,46,Tauro,Programador,27000.0,112000.0
9649,Mujer,49,Cáncer,Economista,31000.0,83000.0
9650,Hombre,36,Sagitario,Ingeniero,80000.0,178000.0
9651,Mujer,40,Sagitario,Ingeniero,18000.0,83000.0
9652,Mujer,37,Virgo,Profesor,32000.0,114000.0
9653,Hombre,45,Picis,Profesor,58000.0,96000.0
9654,Hombre,49,Virgo,Estudiante,77000.0,137000.0
9655,Hombre,47,Acuario,Programador,49000.0,138000.0
9656,Hombre,52,Libra,Economista,60000.0,201000.0
9657,Hombre,37,Géminis,Profesor,87000.0,114000.0
9658,Mujer,38,Picis,Economista,14000.0,47000.0
9659,Hombre,37,Capricornio,Programador,87000.0,137000.0
9660,Hombre,49,Libra,Profesor,83000.0,120000.0
9661,Hombre,42,Tauro,Ingeniero,98000.0,176000.0
9662,Mujer,42,Virgo,Físico,23000.0,97000.0
9663,Hombre,43,Libra,Programador,80000.0,147000.0
9664,Prefiero no decirlo,36,Tauro,Programador,30000.0,82000.0
9665,Mujer,44,Géminis,Ingeniero,32000.0,80000.0
9666,Hombre,45,Aries,Programador,77000.0,128000.0
9667,Hombre,32,Géminis,Ingeniero,87000.0,98000.0
9668,Mujer,39,Géminis,Economista,37000.0,37000.0
9669,Hombre,40,Sagitario,Profesor,83000.0,139000.0
9670,Mujer,40,Capricornio,Ingeniero,13000.0,62000.0
9671,Mujer,48,Géminis,Ingeniero,22000.0,134000.0
9672,Mujer,40,Leo,Profesor,23000.0,38000.0
9673,Hombre,43,Tauro,Ingeniero,64000.0,91000.0
9674,Mujer,45,Virgo,Programador,21000.0,74000.0
9675,Hombre,41,Libra,Contador,93000.0,153000.0
9676,Hombre,49,Leo,Matemático,60000.0,137000.0
9677,Hombre,45,Escorpio,Contador,73000.0,194000.0
9678,Hombre,41,Sagitario,Ingeniero,65000.0,99000.0
9679,Mujer,33,Aries,Contador,32000.0,62000.0
9680,Hombre,39,Cáncer,Maestro,64000.0,164000.0
9681,Hombre,48,Virgo,Programador,83000.0,125000.0
9682,Hombre,44,Tauro,Físico,90000.0,142000.0
9683,Hombre,42,Aries,Profesor,76000.0,138000.0
9684,Mujer,35,Aries,Profesor,40000.0,104000.0
9685,Hombre,44,Tauro,Profesor,84000.0,196000.0
9686,Hombre,40,Virgo,Maestro,75000.0,153000.0
9687,Hombre,43,Picis,Programador,83000.0,83000.0
9688,Hombre,36,Géminis,Programador,97000.0,177000.0
9689,Hombre,36,Capricornio,Ingeniero,84000.0,146000.0
9690,Hombre,36,Géminis,Programador,113000.0,151000.0
9691,Hombre,43,Sagitario,Ingeniero,52000.0,174000.0
9692,Hombre,43,Aries,Programador,68000.0,166000.0
9693,Mujer,42,Acuario,Economista,24000.0,37000.0
9694,Mujer,41,Sagitario,Ingeniero,41000.0,228000.0
9695,Hombre,32,Cáncer,Programador,85000.0,169000.0
9696,Hombre,33,Virgo,Profesor,74000.0,98000.0
9697,Mujer,41,Capricornio,Estudiante,37000.0,90000.0
9698,Mujer,31,Aries,Físico,25000.0,67000.0
9699,Hombre,46,Capricornio,Profesor,79000.0,122000.0
9700,Hombre,36,Sagitario,Matemático,71000.0,80000.0
9701,Mujer,44,Acuario,Programador,25000.0,70000.0
9702,Hombre,37,Leo,Economista,58000.0,118000.0
9703,Hombre,42,Capricornio,Programador,65000.0,104000.0
9704,Prefiero no decirlo,41,Acuario,Estudiante,35000.0,99000.0
9705,Mujer,36,Leo,Ingeniero,23000.0,114000.0
9706,Hombre,35,Libra,Ingeniero,81000.0,94000.0
9707,Mujer,45,Virgo,Ingeniero,23000.0,91000.0
9708,Hombre,40,Géminis,Programador,90000.0,196000.0
9709,Hombre,36,Tauro,Profesor,70000.0,139000.0
9710,Hombre,43,Libra,Contador,63000.0,162000.0
9711,Mujer,43,Virgo,Físico,56000.0,55000.0
9712,Mujer,39,Aries,Programador,37000.0,101000.0
9713,Hombre,43,Capricornio,Programador,48000.0,159000.0
9714,Otro,37,Capricornio,Programador,24000.0,120000.0
9715,Mujer,32,Sagitario,Programador,22000.0,79000.0
9716,Hombre,41,Aries,Ingeniero,60000.0,111000.0
9717,Mujer,41,Cáncer,Profesor,15000.0,35000.0
9718,Mujer,40,Tauro,Contador,28000.0,74000.0
9719,Hombre,53,Leo,Ingeniero,57000.0,156000.0
9720,Hombre,35,Picis,Programador,78000.0,197000.0
9721,Mujer,42,Leo,Programador,26000.0,46000.0
9722,Hombre,40,Picis,Ingeniero,54000.0,145000.0
9723,Hombre,53,Tauro,Ingeniero,62000.0,100000.0
9724,Hombre,46,Aries,Ingeniero,73000.0,93000.0
9725,Hombre,41,Géminis,Programador,101000.0,160000.0
9726,Hombre,43,Capricornio,Profesor,67000.0,124000.0
9727,Hombre,41,Virgo,Matemático,86000.0,103000.0
9728,Hombre,32,Aries,Ingeniero,64000.0,198000.0
9729,Hombre,43,Leo,Matemático,55000.0,80000.0
9730,Hombre,31,Picis,Economista,75000.0,167000.0
9731,Mujer,33,Virgo,Estudiante,19000.0,59000.0
9732,Hombre,45,Tauro,Programador,74000.0,146000.0
9733,Mujer,46,Tauro,Programador,35000.0,94000.0
9734,Hombre,41,Tauro,Programador,76000.0,225000.0
9735,Mujer,39,Tauro,Programador,35000.0,70000.0
9736,Hombre,42,Escorpio,Físico,80000.0,192000.0
9737,Hombre,39,Cáncer,Ingeniero,89000.0,196000.0
9738,Otro,41,Acuario,Ingeniero,23000.0,90000.0
9739,Hombre,44,Escorpio,Ingeniero,82000.0,106000.0
9740,Hombre,41,Picis,Programador,72000.0,212000.0
9741,Hombre,37,Géminis,Profesor,68000.0,127000.0
9742,Hombre,44,Cáncer,Maestro,112000.0,121000.0
9743,Mujer,46,Acuario,Profesor,43000.0,65000.0
9744,Hombre,44,Géminis,Economista,86000.0,77000.0
9745,Hombre,33,Cáncer,Matemático,73000.0,174000.0
9746,Hombre,42,Virgo,Matemático,72000.0,65000.0
9747,Mujer,36,Escorpio,Ingeniero,22000.0,94000.0
9748,Mujer,31,Sagitario,Estudiante,27000.0,74000.0
9749,Hombre,41,Aries,Contador,71000.0,155000.0
9750,Hombre,50,Capricornio,Programador,75000.0,154000.0
9751,Hombre,44,Capricornio,Programador,62000.0,163000.0
9752,Prefiero no decirlo,37,Capricornio,Estudiante,42000.0,86000.0
9753,Hombre,40,Libra,Físico,64000.0,191000.0
9754,Hombre,43,Libra,Contador,68000.0,173000.0
9755,Hombre,36,Capricornio,Ingeniero,70000.0,109000.0
9756,Hombre,38,Picis,Programador,101000.0,81000.0
9757,Mujer,40,Libra,Programador,19000.0,104000.0
9758,Mujer,32,Picis,Profesor,30000.0,99000.0
9759,Hombre,39,Tauro,Profesor,46000.0,112000.0
9760,Hombre,39,Leo,Ingeniero,64000.0,112000.0
9761,Hombre,33,Géminis,Físico,62000.0,106000.0
9762,Mujer,35,Leo,Programador,29000.0,87000.0
9763,Hombre,38,Virgo,Programador,95000.0,206000.0
9764,Hombre,35,Acuario,Ingeniero,81000.0,110000.0
9765,Otro,36,Virgo,Ingeniero,32000.0,92000.0
9766,Hombre,36,Picis,Profesor,81000.0,118000.0
9767,Hombre,43,Cáncer,Programador,65000.0,70000.0
9768,Hombre,40,Cáncer,Físico,70000.0,150000.0
9769,Otro,33,Tauro,Ingeniero,47000.0,84000.0
9770,Hombre,30,Capricornio,Profesor,80000.0,137000.0
9771,Hombre,39,Aries,Programador,63000.0,112000.0
9772,Hombre,44,Sagitario,Economista,58000.0,123000.0
9773,Mujer,30,Géminis,Profesor,26000.0,75000.0
9774,Hombre,36,Leo,Profesor,63000.0,117000.0
9775,Hombre,35,Sagitario,Ingeniero,61000.0,214000.0
9776,Hombre,27,Aries,Matemático,97000.0,92000.0
9777,Mujer,38,Cáncer,Contador,26000.0,45000.0
9778,Mujer,45,Leo,Economista,27000.0,60000.0
9779,Hombre,29,Acuario,Ingeniero,75000.0,115000.0
9780,Prefiero no decirlo,38,Picis,Ingeniero,23000.0,59000.0
9781,Hombre,36,Tauro,Matemático,63000.0,117000.0
9782,Hombre,42,Tauro,Ingeniero,87000.0,194000.0
9783,Hombre,38,Sagitario,Programador,67000.0,148000.0
9784,Hombre,45,Acuario,Programador,66000.0,160000.0
9785,Hombre,37,Escorpio,Profesor,50000.0,147000.0
9786,Mujer,34,Virgo,Profesor,27000.0,88000.0
9787,Prefiero no decirlo,48,Acuario,Programador,44000.0,115000.0
9788,Hombre,36,Picis,Programador,69000.0,220000.0
9789,Hombre,39,Acuario,Ingeniero,67000.0,163000.0
9790,Mujer,50,Capricornio,Economista,37000.0,79000.0
9791,Mujer,44,Libra,Físico,25000.0,64000.0
9792,Hombre,44,Picis,Estudiante,76000.0,98000.0
9793,Hombre,36,Capricornio,Programador,86000.0,119000.0
9794,Hombre,43,Virgo,Economista,62000.0,136000.0
9795,Prefiero no decirlo,45,Aries,Físico,29000.0,84000.0
9796,Hombre,33,Libra,Profesor,65000.0,202000.0
9797,Hombre,44,Picis,Programador,61000.0,170000.0
9798,Hombre,39,Acuario,Programador,55000.0,129000.0
9799,Mujer,38,Virgo,Contador,19000.0,54000.0
9800,Mujer,40,Cáncer,Contador,20000.0,85000.0
9801,Hombre,37,Virgo,Ingeniero,55000.0,123000.0
9802,Hombre,35,Virgo,Contador,81000.0,164000.0
9803,Mujer,39,Virgo,Contador,23000.0,75000.0
9804,Mujer,44,Capricornio,Profesor,37000.0,81000.0
9805,Mujer,38,Leo,Profesor,21000.0,52000.0
9806,Hombre,43,Acuario,Matemático,70000.0,269000.0
9807,Hombre,39,Escorpio,Programador,100000.0,163000.0
9808,Hombre,32,Virgo,Ingeniero,63000.0,181000.0
9809,Hombre,46,Sagitario,Programador,74000.0,121000.0
9810,Mujer,44,Tauro,Matemático,23000.0,75000.0
9811,Hombre,34,Acuario,Programador,81000.0,204000.0
9812,Otro,34,Cáncer,Programador,34000.0,58000.0
9813,Prefiero no decirlo,40,Aries,Programador,30000.0,101000.0
9814,Hombre,35,Géminis,Profesor,96000.0,119000.0
9815,Mujer,35,Escorpio,Ingeniero,19000.0,110000.0
9816,Hombre,47,Acuario,Programador,71000.0,137000.0
9817,Hombre,40,Sagitario,Programador,71000.0,87000.0
9818,Mujer,45,Acuario,Profesor,29000.0,83000.0
9819,Hombre,51,Sagitario,Físico,73000.0,90000.0
9820,Hombre,39,Libra,Maestro,91000.0,141000.0
9821,Mujer,42,Virgo,Ingeniero,27000.0,101000.0
9822,Hombre,39,Libra,Programador,49000.0,107000.0
9823,Hombre,41,Acuario,Programador,90000.0,157000.0
9824,Hombre,42,Géminis,Programador,87000.0,188000.0
9825,Hombre,37,Escorpio,Estudiante,75000.0,137000.0
9826,Hombre,39,Cáncer,Programador,75000.0,130000.0
9827,Hombre,33,Aries,Ingeniero,74000.0,191000.0
9828,Hombre,31,Leo,Ingeniero,91000.0,179000.0
9829,Hombre,34,Aries,Programador,64000.0,106000.0
9830,Hombre,47,Acuario,Programador,83000.0,111000.0
9831,Hombre,41,Escorpio,Programador,79000.0,119000.0
9832,Mujer,40,Libra,Estudiante,31000.0,59000.0
9833,Hombre,41,Sagitario,Profesor,64000.0,127000.0
9834,Mujer,43,Aries,Programador,33000.0,65000.0
9835,Mujer,46,Acuario,Profesor,35000.0,58000.0
9836,Hombre,38,Virgo,Programador,65000.0,137000.0
9837,Mujer,43,Capricornio,Programador,22000.0,67000.0
9838,Hombre,39,Leo,Matemático,65000.0,140000.0
9839,Hombre,40,Aries,Ingeniero,78000.0,150000.0
9840,Hombre,29,Escorpio,Profesor,66000.0,105000.0
9841,Mujer,41,Escorpio,Físico,41000.0,75000.0
9842,Hombre,37,Leo,Programador,63000.0,127000.0
9843,Mujer,41,Cáncer,Contador,27000.0,72000.0
9844,Hombre,40,Capricornio,Programador,61000.0,139000.0
9845,Mujer,46,Virgo,Maestro,21000.0,54000.0
9846,Hombre,39,Escorpio,Programador,83000.0,158000.0
9847,Mujer,43,Virgo,Contador,13000.0,93000.0
9848,Mujer,42,Géminis,Matemático,21000.0,69000.0
9849,Hombre,38,Libra,Físico,73000.0,144000.0
9850,Hombre,35,Escorpio,Ingeniero,71000.0,110000.0
9851,Hombre,41,Géminis,Ingeniero,85000.0,163000.0
9852,Hombre,31,Escorpio,Físico,64000.0,123000.0
9853,Hombre,42,Aries,Ingeniero,88000.0,191000.0
9854,Hombre,42,Leo,Ingeniero,67000.0,126000.0
9855,Mujer,48,Sagitario,Profesor,26000.0,67000.0
9856,Mujer,39,Tauro,Profesor,27000.0,105000.0
9857,Hombre,34,Aries,Programador,95000.0,83000.0
9858,Hombre,36,Leo,Estudiante,56000.0,91000.0
9859,Hombre,41,Géminis,Programador,72000.0,113000.0
9860,Mujer,38,Virgo,Programador,24000.0,69000.0
9861,Hombre,40,Picis,Profesor,84000.0,150000.0
9862,Mujer,38,Acuario,Contador,21000.0,59000.0
9863,Hombre,40,Géminis,Matemático,66000.0,117000.0
9864,Hombre,33,Virgo,Programador,66000.0,225000.0
9865,Hombre,32,Virgo,Maestro,113000.0,143000.0
9866,Hombre,45,Cáncer,Ingeniero,65000.0,88000.0
9867,Mujer,39,Escorpio,Profesor,24000.0,71000.0
9868,Hombre,41,Escorpio,Profesor,78000.0,134000.0
9869,Mujer,34,Tauro,Maestro,21000.0,57000.0
9870,Hombre,42,Libra,Programador,49000.0,128000.0
9871,Mujer,38,Virgo,Ingeniero,23000.0,88000.0
9872,Hombre,43,Aries,Maestro,68000.0,133000.0
9873,Hombre,42,Sagitario,Ingeniero,80000.0,148000.0
9874,Hombre,40,Aries,Economista,66000.0,117000.0
9875,Mujer,40,Picis,Profesor,35000.0,85000.0
9876,Hombre,29,Aries,Programador,65000.0,173000.0
9877,Hombre,39,Picis,Programador,80000.0,140000.0
9878,Hombre,40,Acuario,Programador,64000.0,251000.0
9879,Hombre,37,Leo,Ingeniero,64000.0,153000.0
9880,Mujer,32,Picis,Matemático,32000.0,108000.0
9881,Hombre,41,Virgo,Ingeniero,60000.0,109000.0
9882,Hombre,37,Capricornio,Ingeniero,73000.0,149000.0
9883,Prefiero no decirlo,41,Libra,Matemático,26000.0,113000.0
9884,Hombre,37,Picis,Profesor,63000.0,166000.0
9885,Prefiero no decirlo,37,Aries,Programador,32000.0,76000.0
9886,Hombre,37,Libra,Estudiante,95000.0,143000.0
9887,Hombre,40,Aries,Ingeniero,106000.0,192000.0
9888,Hombre,42,Leo,Estudiante,74000.0,133000.0
9889,Hombre,39,Picis,Ingeniero,75000.0,119000.0
9890,Hombre,43,Libra,Ingeniero,84000.0,170000.0
9891,Hombre,43,Libra,Programador,90000.0,116000.0
9892,Prefiero no decirlo,38,Escorpio,Profesor,29000.0,62000.0
9893,Hombre,44,Tauro,Programador,55000.0,103000.0
9894,Hombre,35,Leo,Ingeniero,66000.0,120000.0
9895,Hombre,42,Leo,Contador,81000.0,138000.0
9896,Mujer,36,Libra,Programador,50000.0,86000.0
9897,Hombre,43,Capricornio,Matemático,90000.0,95000.0
9898,Hombre,34,Capricornio,Estudiante,52000.0,87000.0
9899,Mujer,39,Libra,Profesor,30000.0,58000.0
9900,Hombre,44,Sagitario,Matemático,81000.0,258000.0
9901,Mujer,29,Leo,Programador,37000.0,56000.0
9902,Hombre,36,Géminis,Profesor,86000.0,140000.0
9903,Hombre,39,Tauro,Ingeniero,90000.0,166000.0
9904,Hombre,44,Picis,Programador,107000.0,156000.0
9905,Mujer,43,Capricornio,Ingeniero,38000.0,49000.0
9906,Mujer,32,Géminis,Matemático,23000.0,49000.0
9907,Hombre,37,Cáncer,Contador,76000.0,67000.0
9908,Hombre,43,Sagitario,Programador,104000.0,74000.0
9909,Hombre,49,Picis,Profesor,63000.0,143000.0
9910,Mujer,33,Leo,Profesor,29000.0,46000.0
9911,Mujer,47,Leo,Contador,33000.0,120000.0
9912,Hombre,33,Aries,Programador,67000.0,178000.0
9913,Mujer,48,Leo,Programador,36000.0,48000.0
9914,Mujer,31,Géminis,Programador,34000.0,62000.0
9915,Mujer,41,Cáncer,Programador,31000.0,60000.0
9916,Hombre,32,Leo,Profesor,70000.0,114000.0
9917,Hombre,36,Leo,Ingeniero,55000.0,114000.0
9918,Hombre,34,Virgo,Programador,57000.0,145000.0
9919,Mujer,42,Sagitario,Ingeniero,25000.0,114000.0
9920,Hombre,48,Tauro,Programador,58000.0,238000.0
9921,Hombre,48,Géminis,Programador,71000.0,105000.0
9922,Mujer,42,Libra,Ingeniero,21000.0,88000.0
9923,Hombre,43,Cáncer,Estudiante,61000.0,108000.0
9924,Prefiero no decirlo,40,Géminis,Programador,23000.0,55000.0
9925,Otro,38,Escorpio,Programador,38000.0,69000.0
9926,Hombre,37,Géminis,Programador,104000.0,115000.0
9927,Hombre,43,Aries,Ingeniero,54000.0,173000.0
9928,Hombre,46,Libra,Profesor,74000.0,199000.0
9929,Hombre,41,Leo,Ingeniero,95000.0,117000.0
9930,Mujer,43,Escorpio,Ingeniero,22000.0,123000.0
9931,Hombre,35,Géminis,Programador,57000.0,115000.0
9932,Hombre,38,Capricornio,Profesor,58000.0,98000.0
9933,Hombre,33,Acuario,Maestro,57000.0,115000.0
9934,Hombre,43,Picis,Matemático,58000.0,149000.0
9935,Mujer,36,Escorpio,Programador,31000.0,46000.0
9936,Hombre,34,Virgo,Profesor,62000.0,164000.0
9937,Mujer,33,Leo,Estudiante,29000.0,167000.0
9938,Mujer,38,Géminis,Programador,29000.0,56000.0
9939,Mujer,40,Tauro,Contador,38000.0,74000.0
9940,Mujer,39,Sagitario,Ingeniero,12000.0,149000.0
9941,Hombre,42,Géminis,Programador,70000.0,166000.0
9942,Hombre,43,Cáncer,Programador,71000.0,113000.0
9943,Mujer,36,Cáncer,Profesor,31000.0,50000.0
9944,Hombre,33,Acuario,Ingeniero,76000.0,120000.0
9945,Hombre,33,Tauro,Físico,63000.0,145000.0
9946,Mujer,37,Picis,Ingeniero,25000.0,125000.0
9947,Hombre,38,Virgo,Programador,79000.0,170000.0
9948,Hombre,43,Cáncer,Programador,89000.0,137000.0
9949,Hombre,47,Aries,Estudiante,71000.0,117000.0
9950,Mujer,39,Acuario,Maestro,21000.0,100000.0
9951,Mujer,37,Sagitario,Ingeniero,30000.0,51000.0
9952,Mujer,43,Libra,Programador,17000.0,70000.0
9953,Hombre,40,Aries,Programador,44000.0,175000.0
9954,Hombre,41,Tauro,Economista,61000.0,210000.0
9955,Mujer,43,Géminis,Programador,32000.0,83000.0
9956,Mujer,37,Sagitario,Programador,23000.0,82000.0
9957,Mujer,42,Capricornio,Profesor,16000.0,83000.0
9958,Prefiero no decirlo,43,Virgo,Profesor,57000.0,69000.0
9959,Mujer,32,Géminis,Programador,27000.0,107000.0
9960,Hombre,33,Géminis,Profesor,56000.0,188000.0
9961,Mujer,46,Tauro,Programador,19000.0,55000.0
9962,Hombre,43,Picis,Programador,97000.0,97000.0
9963,Mujer,42,Sagitario,Físico,25000.0,67000.0
9964,Hombre,41,Picis,Ingeniero,70000.0,212000.0
9965,Mujer,45,Escorpio,Profesor,33000.0,74000.0
9966,Mujer,37,Cáncer,Economista,32000.0,76000.0
9967,Mujer,42,Tauro,Programador,26000.0,74000.0
9968,Hombre,32,Picis,Matemático,47000.0,149000.0
9969,Hombre,46,Géminis,Programador,91000.0,122000.0
9970,Hombre,35,Tauro,Estudiante,78000.0,142000.0
9971,Hombre,37,Escorpio,Economista,64000.0,107000.0
9972,Mujer,41,Acuario,Programador,29000.0,83000.0
9973,Hombre,43,Acuario,Profesor,86000.0,121000.0
9974,Hombre,44,Escorpio,Maestro,78000.0,104000.0
9975,Hombre,48,Géminis,Ingeniero,47000.0,99000.0
9976,Mujer,32,Virgo,Profesor,32000.0,42000.0
9977,Hombre,33,Virgo,Ingeniero,95000.0,116000.0
9978,Hombre,35,Sagitario,Ingeniero,50000.0,124000.0
9979,Hombre,33,Virgo,Ingeniero,66000.0,143000.0
9980,Hombre,39,Escorpio,Economista,89000.0,115000.0
9981,Hombre,49,Picis,Programador,101000.0,181000.0
9982,Hombre,38,Libra,Ingeniero,109000.0,134000.0
9983,Prefiero no decirlo,41,Aries,Ingeniero,33000.0,73000.0
9984,Hombre,27,Libra,Programador,59000.0,201000.0
9985,Hombre,39,Cáncer,Programador,78000.0,158000.0
9986,Otro,38,Aries,Ingeniero,24000.0,64000.0
9987,Hombre,36,Picis,Matemático,61000.0,101000.0
9988,Hombre,44,Aries,Programador,91000.0,125000.0
9989,Prefiero no decirlo,46,Escorpio,Estudiante,39000.0,79000.0
9990,Hombre,39,Libra,Programador,65000.0,128000.0
9991,Mujer,52,Tauro,Programador,43000.0,43000.0
9992,Mujer,40,Cáncer,Estudiante,25000.0,56000.0
9993,Mujer,35,Aries,Maestro,44000.0,81000.0
9994,Hombre,42,Leo,Programador,65000.0,139000.0
9995,Hombre,37,Aries,Economista,94000.0,152000.0
9996,Hombre,42,Cáncer,Matemático,84000.0,140000.0
9997,Hombre,37,Cáncer,Físico,115000.0,105000.0
9998,Mujer,29,Virgo,Programador,24000.0,53000.0
9999,Hombre,45,Capricornio,Programador,55000.0,144000.0
